year,month,energy_source,generation_gwh,temperature_anomaly_c
1900,1,hydro,334.936,-0.116
1900,1,wind,0.0,-0.485
1900,1,solar,0.0,-0.335
1900,1,biomass,2000.0,-0.366
1900,1,coal,15196.152,-0.058
1900,1,gas,379.904,-0.094
1900,1,oil,1519.615,0.035
1900,2,hydro,1250.0,-0.448
1900,2,wind,0.0,-0.247
1900,2,solar,0.0,-0.482
1900,2,biomass,2000.0,-0.369
1900,2,coal,16000.0,-0.197
1900,2,gas,400.0,-0.484
1900,2,oil,1600.0,-0.381
1900,3,hydro,2500.0,-0.11
1900,3,wind,0.0,-0.173
1900,3,solar,0.0,-0.368
1900,3,biomass,2000.0,-0.146
1900,3,coal,15196.152,-0.014
1900,3,gas,379.904,-0.496
1900,3,oil,1519.615,-0.017
1900,4,hydro,3750.0,-0.081
1900,4,wind,0.0,-0.296
1900,4,solar,0.0,-0.407
1900,4,biomass,2000.0,0.074
1900,4,coal,13000.0,-0.298
1900,4,gas,325.0,-0.444
1900,4,oil,1300.0,-0.442
1900,5,hydro,4665.064,0.008
1900,5,wind,0.0,-0.138
1900,5,solar,0.0,-0.016
1900,5,biomass,2000.0,-0.062
1900,5,coal,10000.0,-0.178
1900,5,gas,250.0,0.084
1900,5,oil,1000.0,-0.273
1900,6,hydro,5000.0,-0.169
1900,6,wind,0.0,-0.002
1900,6,solar,0.0,-0.129
1900,6,biomass,2000.0,0.017
1900,6,coal,7000.0,-0.154
1900,6,gas,175.0,-0.077
1900,6,oil,700.0,-0.473
1900,7,hydro,4665.064,-0.363
1900,7,wind,0.0,-0.326
1900,7,solar,0.0,-0.452
1900,7,biomass,2000.0,-0.36
1900,7,coal,4803.848,-0.439
1900,7,gas,120.096,-0.333
1900,7,oil,480.385,-0.119
1900,8,hydro,3750.0,-0.281
1900,8,wind,0.0,-0.278
1900,8,solar,0.0,-0.374
1900,8,biomass,2000.0,-0.34
1900,8,coal,4000.0,0.062
1900,8,gas,100.0,-0.111
1900,8,oil,400.0,-0.135
1900,9,hydro,2500.0,-0.397
1900,9,wind,0.0,-0.063
1900,9,solar,0.0,-0.402
1900,9,biomass,2000.0,-0.272
1900,9,coal,4803.848,0.094
1900,9,gas,120.096,-0.116
1900,9,oil,480.385,-0.166
1900,10,hydro,1250.0,-0.089
1900,10,wind,0.0,0.006
1900,10,solar,0.0,-0.034
1900,10,biomass,2000.0,-0.363
1900,10,coal,7000.0,-0.481
1900,10,gas,175.0,-0.311
1900,10,oil,700.0,-0.339
1900,11,hydro,334.936,-0.373
1900,11,wind,0.0,0.066
1900,11,solar,0.0,0.026
1900,11,biomass,2000.0,-0.311
1900,11,coal,10000.0,-0.107
1900,11,gas,250.0,-0.263
1900,11,oil,1000.0,0.049
1900,12,hydro,0.0,-0.225
1900,12,wind,0.0,-0.341
1900,12,solar,0.0,-0.352
1900,12,biomass,2000.0,-0.163
1900,12,coal,13000.0,-0.342
1900,12,gas,325.0,-0.149
1900,12,oil,1300.0,0.039
1901,1,hydro,344.985,-0.248
1901,1,wind,0.0,-0.356
1901,1,solar,0.0,0.111
1901,1,biomass,2050.0,-0.182
1901,1,coal,15803.999,-0.433
1901,1,gas,392.567,-0.46
1901,1,oil,1557.606,-0.422
1901,2,hydro,1287.5,-0.112
1901,2,wind,0.0,-0.013
1901,2,solar,0.0,-0.235
1901,2,biomass,2050.0,-0.45
1901,2,coal,16640.0,-0.259
1901,2,gas,413.333,0.11
1901,2,oil,1640.0,-0.171
1901,3,hydro,2575.0,0.095
1901,3,wind,0.0,0.028
1901,3,solar,0.0,-0.481
1901,3,biomass,2050.0,-0.056
1901,3,coal,15803.999,-0.079
1901,3,gas,392.567,-0.166
1901,3,oil,1557.606,-0.328
1901,4,hydro,3862.5,-0.103
1901,4,wind,0.0,-0.421
1901,4,solar,0.0,-0.227
1901,4,biomass,2050.0,-0.216
1901,4,coal,13520.0,0.084
1901,4,gas,335.833,0.038
1901,4,oil,1332.5,-0.33
1901,5,hydro,4805.015,-0.188
1901,5,wind,0.0,-0.381
1901,5,solar,0.0,0.06
1901,5,biomass,2050.0,0.034
1901,5,coal,10400.0,-0.309
1901,5,gas,258.333,-0.105
1901,5,oil,1025.0,-0.123
1901,6,hydro,5150.0,-0.396
1901,6,wind,0.0,-0.03
1901,6,solar,0.0,-0.164
1901,6,biomass,2050.0,-0.021
1901,6,coal,7280.0,-0.17
1901,6,gas,180.833,-0.488
1901,6,oil,717.5,-0.294
1901,7,hydro,4805.015,-0.476
1901,7,wind,0.0,0.069
1901,7,solar,0.0,0.039
1901,7,biomass,2050.0,0.011
1901,7,coal,4996.001,-0.303
1901,7,gas,124.099,-0.453
1901,7,oil,492.394,0.039
1901,8,hydro,3862.5,0.08
1901,8,wind,0.0,-0.437
1901,8,solar,0.0,-0.196
1901,8,biomass,2050.0,-0.446
1901,8,coal,4160.0,-0.032
1901,8,gas,103.333,-0.028
1901,8,oil,410.0,-0.411
1901,9,hydro,2575.0,-0.203
1901,9,wind,0.0,-0.158
1901,9,solar,0.0,-0.329
1901,9,biomass,2050.0,0.035
1901,9,coal,4996.001,-0.234
1901,9,gas,124.099,-0.361
1901,9,oil,492.394,-0.164
1901,10,hydro,1287.5,-0.05
1901,10,wind,0.0,-0.367
1901,10,solar,0.0,-0.301
1901,10,biomass,2050.0,0.109
1901,10,coal,7280.0,-0.098
1901,10,gas,180.833,-0.225
1901,10,oil,717.5,-0.177
1901,11,hydro,344.985,-0.415
1901,11,wind,0.0,-0.353
1901,11,solar,0.0,-0.285
1901,11,biomass,2050.0,-0.135
1901,11,coal,10400.0,-0.35
1901,11,gas,258.333,-0.356
1901,11,oil,1025.0,-0.445
1901,12,hydro,0.0,-0.109
1901,12,wind,0.0,-0.351
1901,12,solar,0.0,0.055
1901,12,biomass,2050.0,0.028
1901,12,coal,13520.0,-0.445
1901,12,gas,335.833,-0.345
1901,12,oil,1332.5,-0.087
1902,1,hydro,355.033,-0.347
1902,1,wind,0.0,-0.397
1902,1,solar,0.0,0.085
1902,1,biomass,2100.0,-0.133
1902,1,coal,16411.845,-0.192
1902,1,gas,405.231,-0.005
1902,1,oil,1595.596,0.008
1902,2,hydro,1325.0,-0.362
1902,2,wind,0.0,-0.418
1902,2,solar,0.0,-0.217
1902,2,biomass,2100.0,-0.222
1902,2,coal,17280.0,-0.196
1902,2,gas,426.667,-0.039
1902,2,oil,1680.0,-0.072
1902,3,hydro,2650.0,0.114
1902,3,wind,0.0,-0.417
1902,3,solar,0.0,-0.234
1902,3,biomass,2100.0,-0.272
1902,3,coal,16411.845,0.041
1902,3,gas,405.231,-0.327
1902,3,oil,1595.596,-0.362
1902,4,hydro,3975.0,-0.207
1902,4,wind,0.0,-0.223
1902,4,solar,0.0,-0.309
1902,4,biomass,2100.0,-0.326
1902,4,coal,14040.0,0.078
1902,4,gas,346.667,-0.21
1902,4,oil,1365.0,0.041
1902,5,hydro,4944.967,-0.146
1902,5,wind,0.0,-0.446
1902,5,solar,0.0,0.124
1902,5,biomass,2100.0,0.026
1902,5,coal,10800.0,0.105
1902,5,gas,266.667,0.08
1902,5,oil,1050.0,0.033
1902,6,hydro,5300.0,-0.376
1902,6,wind,0.0,-0.185
1902,6,solar,0.0,-0.348
1902,6,biomass,2100.0,-0.235
1902,6,coal,7560.0,-0.441
1902,6,gas,186.667,-0.249
1902,6,oil,735.0,0.115
1902,7,hydro,4944.967,-0.317
1902,7,wind,0.0,-0.006
1902,7,solar,0.0,-0.203
1902,7,biomass,2100.0,-0.222
1902,7,coal,5188.155,0.098
1902,7,gas,128.103,0.121
1902,7,oil,504.404,-0.143
1902,8,hydro,3975.0,-0.045
1902,8,wind,0.0,-0.383
1902,8,solar,0.0,-0.298
1902,8,biomass,2100.0,0.105
1902,8,coal,4320.0,-0.128
1902,8,gas,106.667,-0.151
1902,8,oil,420.0,-0.027
1902,9,hydro,2650.0,-0.442
1902,9,wind,0.0,-0.125
1902,9,solar,0.0,-0.174
1902,9,biomass,2100.0,0.036
1902,9,coal,5188.155,-0.382
1902,9,gas,128.103,0.1
1902,9,oil,504.404,-0.428
1902,10,hydro,1325.0,-0.365
1902,10,wind,0.0,-0.119
1902,10,solar,0.0,-0.071
1902,10,biomass,2100.0,-0.335
1902,10,coal,7560.0,-0.404
1902,10,gas,186.667,0.058
1902,10,oil,735.0,-0.328
1902,11,hydro,355.033,-0.119
1902,11,wind,0.0,-0.104
1902,11,solar,0.0,-0.224
1902,11,biomass,2100.0,-0.126
1902,11,coal,10800.0,-0.162
1902,11,gas,266.667,0.085
1902,11,oil,1050.0,-0.353
1902,12,hydro,0.0,-0.046
1902,12,wind,0.0,-0.333
1902,12,solar,0.0,-0.239
1902,12,biomass,2100.0,-0.073
1902,12,coal,14040.0,-0.296
1902,12,gas,346.667,-0.286
1902,12,oil,1365.0,-0.025
1903,1,hydro,365.081,-0.42
1903,1,wind,0.0,-0.189
1903,1,solar,0.0,0.135
1903,1,biomass,2150.0,0.134
1903,1,coal,17019.691,-0.42
1903,1,gas,417.894,-0.336
1903,1,oil,1633.586,-0.305
1903,2,hydro,1362.5,0.096
1903,2,wind,0.0,0.065
1903,2,solar,0.0,0.064
1903,2,biomass,2150.0,-0.242
1903,2,coal,17920.0,-0.369
1903,2,gas,440.0,0.036
1903,2,oil,1720.0,-0.042
1903,3,hydro,2725.0,-0.097
1903,3,wind,0.0,0.128
1903,3,solar,0.0,-0.072
1903,3,biomass,2150.0,-0.459
1903,3,coal,17019.691,0.026
1903,3,gas,417.894,-0.284
1903,3,oil,1633.586,-0.066
1903,4,hydro,4087.5,0.099
1903,4,wind,0.0,-0.383
1903,4,solar,0.0,-0.395
1903,4,biomass,2150.0,-0.4
1903,4,coal,14560.0,-0.132
1903,4,gas,357.5,-0.301
1903,4,oil,1397.5,-0.101
1903,5,hydro,5084.919,-0.033
1903,5,wind,0.0,-0.342
1903,5,solar,0.0,-0.083
1903,5,biomass,2150.0,-0.306
1903,5,coal,11200.0,-0.171
1903,5,gas,275.0,0.079
1903,5,oil,1075.0,0.044
1903,6,hydro,5450.0,-0.409
1903,6,wind,0.0,-0.21
1903,6,solar,0.0,-0.298
1903,6,biomass,2150.0,-0.462
1903,6,coal,7840.0,-0.001
1903,6,gas,192.5,-0.082
1903,6,oil,752.5,-0.307
1903,7,hydro,5084.919,-0.019
1903,7,wind,0.0,-0.133
1903,7,solar,0.0,-0.207
1903,7,biomass,2150.0,-0.458
1903,7,coal,5380.309,-0.419
1903,7,gas,132.106,0.066
1903,7,oil,516.414,0.078
1903,8,hydro,4087.5,-0.137
1903,8,wind,0.0,0.037
1903,8,solar,0.0,-0.114
1903,8,biomass,2150.0,-0.375
1903,8,coal,4480.0,-0.388
1903,8,gas,110.0,-0.279
1903,8,oil,430.0,0.075
1903,9,hydro,2725.0,0.014
1903,9,wind,0.0,0.052
1903,9,solar,0.0,0.075
1903,9,biomass,2150.0,-0.338
1903,9,coal,5380.309,-0.314
1903,9,gas,132.106,-0.402
1903,9,oil,516.414,0.004
1903,10,hydro,1362.5,0.066
1903,10,wind,0.0,-0.22
1903,10,solar,0.0,-0.092
1903,10,biomass,2150.0,-0.371
1903,10,coal,7840.0,0.094
1903,10,gas,192.5,0.055
1903,10,oil,752.5,0.122
1903,11,hydro,365.081,0.022
1903,11,wind,0.0,0.065
1903,11,solar,0.0,-0.449
1903,11,biomass,2150.0,-0.022
1903,11,coal,11200.0,-0.265
1903,11,gas,275.0,0.094
1903,11,oil,1075.0,0.017
1903,12,hydro,0.0,0.054
1903,12,wind,0.0,0.022
1903,12,solar,0.0,-0.304
1903,12,biomass,2150.0,0.008
1903,12,coal,14560.0,-0.399
1903,12,gas,357.5,0.059
1903,12,oil,1397.5,0.051
1904,1,hydro,375.129,-0.319
1904,1,wind,0.0,0.038
1904,1,solar,0.0,-0.176
1904,1,biomass,2200.0,-0.269
1904,1,coal,17627.537,0.025
1904,1,gas,430.558,-0.315
1904,1,oil,1671.577,-0.438
1904,2,hydro,1400.0,-0.336
1904,2,wind,0.0,-0.255
1904,2,solar,0.0,0.067
1904,2,biomass,2200.0,0.128
1904,2,coal,18560.0,-0.285
1904,2,gas,453.333,-0.067
1904,2,oil,1760.0,-0.212
1904,3,hydro,2800.0,0.137
1904,3,wind,0.0,-0.13
1904,3,solar,0.0,0.112
1904,3,biomass,2200.0,-0.383
1904,3,coal,17627.537,0.13
1904,3,gas,430.558,-0.345
1904,3,oil,1671.577,0.126
1904,4,hydro,4200.0,-0.293
1904,4,wind,0.0,-0.387
1904,4,solar,0.0,-0.191
1904,4,biomass,2200.0,-0.015
1904,4,coal,15080.0,-0.264
1904,4,gas,368.333,-0.088
1904,4,oil,1430.0,-0.145
1904,5,hydro,5224.871,-0.221
1904,5,wind,0.0,-0.106
1904,5,solar,0.0,-0.299
1904,5,biomass,2200.0,-0.027
1904,5,coal,11600.0,-0.451
1904,5,gas,283.333,0.103
1904,5,oil,1100.0,-0.129
1904,6,hydro,5600.0,-0.02
1904,6,wind,0.0,-0.007
1904,6,solar,0.0,-0.05
1904,6,biomass,2200.0,-0.233
1904,6,coal,8120.0,-0.41
1904,6,gas,198.333,-0.053
1904,6,oil,770.0,-0.254
1904,7,hydro,5224.871,-0.264
1904,7,wind,0.0,0.057
1904,7,solar,0.0,-0.02
1904,7,biomass,2200.0,-0.272
1904,7,coal,5572.463,-0.266
1904,7,gas,136.109,-0.207
1904,7,oil,528.423,-0.211
1904,8,hydro,4200.0,-0.275
1904,8,wind,0.0,-0.376
1904,8,solar,0.0,-0.2
1904,8,biomass,2200.0,0.112
1904,8,coal,4640.0,-0.046
1904,8,gas,113.333,0.09
1904,8,oil,440.0,-0.083
1904,9,hydro,2800.0,-0.271
1904,9,wind,0.0,-0.123
1904,9,solar,0.0,-0.452
1904,9,biomass,2200.0,-0.28
1904,9,coal,5572.463,-0.194
1904,9,gas,136.109,-0.104
1904,9,oil,528.423,-0.059
1904,10,hydro,1400.0,-0.173
1904,10,wind,0.0,-0.187
1904,10,solar,0.0,-0.324
1904,10,biomass,2200.0,-0.168
1904,10,coal,8120.0,0.089
1904,10,gas,198.333,0.026
1904,10,oil,770.0,-0.35
1904,11,hydro,375.129,-0.401
1904,11,wind,0.0,-0.143
1904,11,solar,0.0,-0.072
1904,11,biomass,2200.0,-0.251
1904,11,coal,11600.0,0.039
1904,11,gas,283.333,-0.001
1904,11,oil,1100.0,-0.048
1904,12,hydro,0.0,-0.317
1904,12,wind,0.0,-0.333
1904,12,solar,0.0,-0.437
1904,12,biomass,2200.0,-0.305
1904,12,coal,15080.0,-0.167
1904,12,gas,368.333,0.058
1904,12,oil,1430.0,-0.408
1905,1,hydro,385.177,-0.191
1905,1,wind,0.0,-0.062
1905,1,solar,0.0,-0.323
1905,1,biomass,2250.0,-0.022
1905,1,coal,18235.383,-0.143
1905,1,gas,443.221,-0.294
1905,1,oil,1709.567,-0.046
1905,2,hydro,1437.5,-0.437
1905,2,wind,0.0,0.011
1905,2,solar,0.0,0.022
1905,2,biomass,2250.0,-0.376
1905,2,coal,19200.0,-0.185
1905,2,gas,466.667,-0.334
1905,2,oil,1800.0,0.135
1905,3,hydro,2875.0,-0.129
1905,3,wind,0.0,-0.41
1905,3,solar,0.0,-0.29
1905,3,biomass,2250.0,0.069
1905,3,coal,18235.383,-0.166
1905,3,gas,443.221,0.041
1905,3,oil,1709.567,-0.039
1905,4,hydro,4312.5,0.153
1905,4,wind,0.0,-0.083
1905,4,solar,0.0,0.13
1905,4,biomass,2250.0,0.095
1905,4,coal,15600.0,-0.072
1905,4,gas,379.167,-0.008
1905,4,oil,1462.5,-0.137
1905,5,hydro,5364.823,0.058
1905,5,wind,0.0,-0.111
1905,5,solar,0.0,0.098
1905,5,biomass,2250.0,0.006
1905,5,coal,12000.0,-0.155
1905,5,gas,291.667,-0.284
1905,5,oil,1125.0,-0.292
1905,6,hydro,5750.0,-0.057
1905,6,wind,0.0,0.019
1905,6,solar,0.0,-0.127
1905,6,biomass,2250.0,-0.064
1905,6,coal,8400.0,-0.275
1905,6,gas,204.167,-0.394
1905,6,oil,787.5,-0.269
1905,7,hydro,5364.823,-0.277
1905,7,wind,0.0,-0.248
1905,7,solar,0.0,-0.116
1905,7,biomass,2250.0,-0.357
1905,7,coal,5764.617,-0.301
1905,7,gas,140.112,-0.024
1905,7,oil,540.433,-0.016
1905,8,hydro,4312.5,-0.401
1905,8,wind,0.0,-0.195
1905,8,solar,0.0,-0.114
1905,8,biomass,2250.0,-0.191
1905,8,coal,4800.0,-0.316
1905,8,gas,116.667,-0.188
1905,8,oil,450.0,0.103
1905,9,hydro,2875.0,-0.09
1905,9,wind,0.0,-0.023
1905,9,solar,0.0,0.074
1905,9,biomass,2250.0,0.019
1905,9,coal,5764.617,-0.212
1905,9,gas,140.112,-0.436
1905,9,oil,540.433,-0.229
1905,10,hydro,1437.5,0.012
1905,10,wind,0.0,0.072
1905,10,solar,0.0,0.132
1905,10,biomass,2250.0,-0.189
1905,10,coal,8400.0,0.009
1905,10,gas,204.167,-0.112
1905,10,oil,787.5,-0.078
1905,11,hydro,385.177,-0.308
1905,11,wind,0.0,-0.308
1905,11,solar,0.0,-0.178
1905,11,biomass,2250.0,-0.423
1905,11,coal,12000.0,-0.238
1905,11,gas,291.667,-0.033
1905,11,oil,1125.0,-0.197
1905,12,hydro,0.0,-0.341
1905,12,wind,0.0,-0.16
1905,12,solar,0.0,-0.363
1905,12,biomass,2250.0,-0.067
1905,12,coal,15600.0,-0.424
1905,12,gas,379.167,-0.204
1905,12,oil,1462.5,-0.101
1906,1,hydro,395.225,-0.412
1906,1,wind,0.0,-0.042
1906,1,solar,0.0,-0.347
1906,1,biomass,2300.0,-0.151
1906,1,coal,18843.229,-0.398
1906,1,gas,455.885,-0.201
1906,1,oil,1747.558,-0.301
1906,2,hydro,1475.0,-0.232
1906,2,wind,0.0,0.029
1906,2,solar,0.0,-0.201
1906,2,biomass,2300.0,0.023
1906,2,coal,19840.0,0.071
1906,2,gas,480.0,-0.277
1906,2,oil,1840.0,-0.379
1906,3,hydro,2950.0,-0.416
1906,3,wind,0.0,-0.104
1906,3,solar,0.0,0.172
1906,3,biomass,2300.0,-0.218
1906,3,coal,18843.229,-0.038
1906,3,gas,455.885,0.041
1906,3,oil,1747.558,-0.037
1906,4,hydro,4425.0,0.025
1906,4,wind,0.0,0.142
1906,4,solar,0.0,-0.308
1906,4,biomass,2300.0,-0.416
1906,4,coal,16120.0,-0.337
1906,4,gas,390.0,-0.352
1906,4,oil,1495.0,-0.026
1906,5,hydro,5504.775,-0.09
1906,5,wind,0.0,-0.297
1906,5,solar,0.0,-0.008
1906,5,biomass,2300.0,0.032
1906,5,coal,12400.0,-0.327
1906,5,gas,300.0,-0.064
1906,5,oil,1150.0,0.021
1906,6,hydro,5900.0,-0.359
1906,6,wind,0.0,0.064
1906,6,solar,0.0,0.151
1906,6,biomass,2300.0,-0.363
1906,6,coal,8680.0,-0.413
1906,6,gas,210.0,-0.241
1906,6,oil,805.0,-0.022
1906,7,hydro,5504.775,0.147
1906,7,wind,0.0,-0.19
1906,7,solar,0.0,0.001
1906,7,biomass,2300.0,-0.382
1906,7,coal,5956.771,-0.014
1906,7,gas,144.115,-0.052
1906,7,oil,552.442,-0.367
1906,8,hydro,4425.0,0.035
1906,8,wind,0.0,0.082
1906,8,solar,0.0,-0.068
1906,8,biomass,2300.0,-0.355
1906,8,coal,4960.0,0.162
1906,8,gas,120.0,0.042
1906,8,oil,460.0,-0.22
1906,9,hydro,2950.0,-0.171
1906,9,wind,0.0,-0.206
1906,9,solar,0.0,-0.124
1906,9,biomass,2300.0,-0.223
1906,9,coal,5956.771,0.082
1906,9,gas,144.115,0.065
1906,9,oil,552.442,-0.365
1906,10,hydro,1475.0,0.148
1906,10,wind,0.0,-0.047
1906,10,solar,0.0,0.069
1906,10,biomass,2300.0,-0.004
1906,10,coal,8680.0,-0.167
1906,10,gas,210.0,0.012
1906,10,oil,805.0,0.151
1906,11,hydro,395.225,-0.266
1906,11,wind,0.0,0.057
1906,11,solar,0.0,-0.105
1906,11,biomass,2300.0,-0.138
1906,11,coal,12400.0,-0.167
1906,11,gas,300.0,0.011
1906,11,oil,1150.0,-0.267
1906,12,hydro,0.0,0.083
1906,12,wind,0.0,0.07
1906,12,solar,0.0,-0.376
1906,12,biomass,2300.0,0.101
1906,12,coal,16120.0,-0.282
1906,12,gas,390.0,-0.149
1906,12,oil,1495.0,-0.062
1907,1,hydro,405.273,-0.189
1907,1,wind,0.0,-0.399
1907,1,solar,0.0,0.095
1907,1,biomass,2350.0,-0.307
1907,1,coal,19451.075,-0.289
1907,1,gas,468.548,0.063
1907,1,oil,1785.548,-0.212
1907,2,hydro,1512.5,0.112
1907,2,wind,0.0,0.005
1907,2,solar,0.0,-0.25
1907,2,biomass,2350.0,-0.41
1907,2,coal,20480.0,0.153
1907,2,gas,493.333,-0.365
1907,2,oil,1880.0,0.016
1907,3,hydro,3025.0,-0.123
1907,3,wind,0.0,0.039
1907,3,solar,0.0,-0.002
1907,3,biomass,2350.0,-0.028
1907,3,coal,19451.075,-0.122
1907,3,gas,468.548,0.06
1907,3,oil,1785.548,-0.36
1907,4,hydro,4537.5,-0.283
1907,4,wind,0.0,-0.001
1907,4,solar,0.0,-0.232
1907,4,biomass,2350.0,-0.067
1907,4,coal,16640.0,-0.132
1907,4,gas,400.833,-0.097
1907,4,oil,1527.5,-0.161
1907,5,hydro,5644.727,0.032
1907,5,wind,0.0,-0.218
1907,5,solar,0.0,0.006
1907,5,biomass,2350.0,-0.253
1907,5,coal,12800.0,-0.265
1907,5,gas,308.333,-0.344
1907,5,oil,1175.0,-0.3
1907,6,hydro,6050.0,-0.344
1907,6,wind,0.0,-0.094
1907,6,solar,0.0,0.041
1907,6,biomass,2350.0,-0.305
1907,6,coal,8960.0,-0.286
1907,6,gas,215.833,-0.125
1907,6,oil,822.5,0.019
1907,7,hydro,5644.727,0.17
1907,7,wind,0.0,-0.101
1907,7,solar,0.0,-0.246
1907,7,biomass,2350.0,-0.356
1907,7,coal,6148.925,-0.3
1907,7,gas,148.119,-0.28
1907,7,oil,564.452,-0.308
1907,8,hydro,4537.5,-0.408
1907,8,wind,0.0,-0.096
1907,8,solar,0.0,-0.251
1907,8,biomass,2350.0,0.169
1907,8,coal,5120.0,-0.084
1907,8,gas,123.333,0.002
1907,8,oil,470.0,-0.34
1907,9,hydro,3025.0,0.105
1907,9,wind,0.0,-0.121
1907,9,solar,0.0,0.108
1907,9,biomass,2350.0,-0.072
1907,9,coal,6148.925,-0.134
1907,9,gas,148.119,-0.152
1907,9,oil,564.452,-0.305
1907,10,hydro,1512.5,-0.385
1907,10,wind,0.0,0.149
1907,10,solar,0.0,-0.129
1907,10,biomass,2350.0,0.077
1907,10,coal,8960.0,-0.176
1907,10,gas,215.833,-0.372
1907,10,oil,822.5,-0.038
1907,11,hydro,405.273,-0.384
1907,11,wind,0.0,-0.326
1907,11,solar,0.0,-0.078
1907,11,biomass,2350.0,-0.234
1907,11,coal,12800.0,0.18
1907,11,gas,308.333,-0.345
1907,11,oil,1175.0,0.043
1907,12,hydro,0.0,-0.052
1907,12,wind,0.0,0.058
1907,12,solar,0.0,-0.281
1907,12,biomass,2350.0,-0.102
1907,12,coal,16640.0,-0.146
1907,12,gas,400.833,-0.15
1907,12,oil,1527.5,0.1
1908,1,hydro,415.321,0.19
1908,1,wind,0.0,-0.221
1908,1,solar,0.0,-0.031
1908,1,biomass,2400.0,-0.038
1908,1,coal,20058.921,0.04
1908,1,gas,481.211,0.165
1908,1,oil,1823.538,-0.279
1908,2,hydro,1550.0,-0.277
1908,2,wind,0.0,-0.008
1908,2,solar,0.0,-0.31
1908,2,biomass,2400.0,-0.3
1908,2,coal,21120.0,-0.359
1908,2,gas,506.667,-0.402
1908,2,oil,1920.0,-0.134
1908,3,hydro,3100.0,-0.048
1908,3,wind,0.0,-0.229
1908,3,solar,0.0,-0.265
1908,3,biomass,2400.0,0.02
1908,3,coal,20058.921,0.018
1908,3,gas,481.211,-0.132
1908,3,oil,1823.538,0.008
1908,4,hydro,4650.0,0.15
1908,4,wind,0.0,0.069
1908,4,solar,0.0,-0.029
1908,4,biomass,2400.0,-0.007
1908,4,coal,17160.0,0.156
1908,4,gas,411.667,-0.149
1908,4,oil,1560.0,-0.077
1908,5,hydro,5784.679,-0.015
1908,5,wind,0.0,0.141
1908,5,solar,0.0,0.092
1908,5,biomass,2400.0,-0.361
1908,5,coal,13200.0,-0.304
1908,5,gas,316.667,-0.219
1908,5,oil,1200.0,0.045
1908,6,hydro,6200.0,-0.062
1908,6,wind,0.0,-0.231
1908,6,solar,0.0,-0.329
1908,6,biomass,2400.0,0.009
1908,6,coal,9240.0,0.016
1908,6,gas,221.667,0.162
1908,6,oil,840.0,-0.104
1908,7,hydro,5784.679,-0.108
1908,7,wind,0.0,-0.356
1908,7,solar,0.0,-0.38
1908,7,biomass,2400.0,-0.145
1908,7,coal,6341.079,-0.211
1908,7,gas,152.122,-0.254
1908,7,oil,576.462,-0.349
1908,8,hydro,4650.0,0.173
1908,8,wind,0.0,0.098
1908,8,solar,0.0,-0.059
1908,8,biomass,2400.0,0.166
1908,8,coal,5280.0,0.196
1908,8,gas,126.667,-0.001
1908,8,oil,480.0,-0.242
1908,9,hydro,3100.0,-0.38
1908,9,wind,0.0,0.05
1908,9,solar,0.0,-0.122
1908,9,biomass,2400.0,-0.013
1908,9,coal,6341.079,0.146
1908,9,gas,152.122,-0.295
1908,9,oil,576.462,-0.053
1908,10,hydro,1550.0,-0.023
1908,10,wind,0.0,-0.109
1908,10,solar,0.0,-0.349
1908,10,biomass,2400.0,-0.195
1908,10,coal,9240.0,-0.204
1908,10,gas,221.667,-0.002
1908,10,oil,840.0,0.111
1908,11,hydro,415.321,-0.206
1908,11,wind,0.0,0.012
1908,11,solar,0.0,-0.231
1908,11,biomass,2400.0,0.163
1908,11,coal,13200.0,0.084
1908,11,gas,316.667,-0.074
1908,11,oil,1200.0,-0.131
1908,12,hydro,0.0,-0.215
1908,12,wind,0.0,-0.21
1908,12,solar,0.0,0.178
1908,12,biomass,2400.0,-0.161
1908,12,coal,17160.0,-0.095
1908,12,gas,411.667,0.189
1908,12,oil,1560.0,-0.009
1909,1,hydro,425.369,-0.066
1909,1,wind,0.0,-0.144
1909,1,solar,0.0,-0.279
1909,1,biomass,2450.0,-0.175
1909,1,coal,20666.767,0.062
1909,1,gas,493.875,-0.017
1909,1,oil,1861.529,0.064
1909,2,hydro,1587.5,-0.27
1909,2,wind,0.0,-0.062
1909,2,solar,0.0,0.165
1909,2,biomass,2450.0,-0.129
1909,2,coal,21760.0,0.027
1909,2,gas,520.0,-0.319
1909,2,oil,1960.0,0.192
1909,3,hydro,3175.0,-0.027
1909,3,wind,0.0,-0.248
1909,3,solar,0.0,-0.297
1909,3,biomass,2450.0,-0.061
1909,3,coal,20666.767,-0.061
1909,3,gas,493.875,-0.336
1909,3,oil,1861.529,0.203
1909,4,hydro,4762.5,0.156
1909,4,wind,0.0,-0.115
1909,4,solar,0.0,-0.322
1909,4,biomass,2450.0,0.107
1909,4,coal,17680.0,-0.093
1909,4,gas,422.5,0.038
1909,4,oil,1592.5,-0.087
1909,5,hydro,5924.631,-0.228
1909,5,wind,0.0,0.109
1909,5,solar,0.0,0.196
1909,5,biomass,2450.0,-0.246
1909,5,coal,13600.0,-0.061
1909,5,gas,325.0,-0.162
1909,5,oil,1225.0,0.161
1909,6,hydro,6350.0,-0.087
1909,6,wind,0.0,0.136
1909,6,solar,0.0,0.126
1909,6,biomass,2450.0,-0.226
1909,6,coal,9520.0,0.082
1909,6,gas,227.5,-0.143
1909,6,oil,857.5,0.169
1909,7,hydro,5924.631,-0.087
1909,7,wind,0.0,0.1
1909,7,solar,0.0,-0.222
1909,7,biomass,2450.0,-0.213
1909,7,coal,6533.233,-0.04
1909,7,gas,156.125,0.207
1909,7,oil,588.471,-0.098
1909,8,hydro,4762.5,-0.303
1909,8,wind,0.0,-0.069
1909,8,solar,0.0,-0.185
1909,8,biomass,2450.0,-0.061
1909,8,coal,5440.0,-0.066
1909,8,gas,130.0,-0.119
1909,8,oil,490.0,-0.199
1909,9,hydro,3175.0,-0.279
1909,9,wind,0.0,0.026
1909,9,solar,0.0,-0.049
1909,9,biomass,2450.0,-0.252
1909,9,coal,6533.233,0.073
1909,9,gas,156.125,-0.366
1909,9,oil,588.471,0.055
1909,10,hydro,1587.5,0.031
1909,10,wind,0.0,0.095
1909,10,solar,0.0,-0.16
1909,10,biomass,2450.0,0.006
1909,10,coal,9520.0,0.1
1909,10,gas,227.5,0.196
1909,10,oil,857.5,-0.095
1909,11,hydro,425.369,-0.37
1909,11,wind,0.0,-0.091
1909,11,solar,0.0,-0.038
1909,11,biomass,2450.0,0.13
1909,11,coal,13600.0,0.133
1909,11,gas,325.0,-0.128
1909,11,oil,1225.0,-0.076
1909,12,hydro,0.0,-0.118
1909,12,wind,0.0,0.041
1909,12,solar,0.0,-0.146
1909,12,biomass,2450.0,0.001
1909,12,coal,17680.0,-0.299
1909,12,gas,422.5,-0.11
1909,12,oil,1592.5,0.19
1910,1,hydro,435.417,-0.177
1910,1,wind,0.0,0.036
1910,1,solar,0.0,0.01
1910,1,biomass,2500.0,0.131
1910,1,coal,21274.613,0.131
1910,1,gas,506.538,0.136
1910,1,oil,1899.519,-0.152
1910,2,hydro,1625.0,-0.19
1910,2,wind,0.0,0.051
1910,2,solar,0.0,0.076
1910,2,biomass,2500.0,0.143
1910,2,coal,22400.0,-0.358
1910,2,gas,533.333,-0.339
1910,2,oil,2000.0,-0.001
1910,3,hydro,3250.0,0.173
1910,3,wind,0.0,0.218
1910,3,solar,0.0,0.068
1910,3,biomass,2500.0,-0.12
1910,3,coal,21274.613,-0.321
1910,3,gas,506.538,0.0
1910,3,oil,1899.519,0.144
1910,4,hydro,4875.0,-0.114
1910,4,wind,0.0,0.036
1910,4,solar,0.0,0.162
1910,4,biomass,2500.0,-0.352
1910,4,coal,18200.0,0.098
1910,4,gas,433.333,-0.204
1910,4,oil,1625.0,-0.155
1910,5,hydro,6064.583,-0.293
1910,5,wind,0.0,-0.061
1910,5,solar,0.0,-0.04
1910,5,biomass,2500.0,0.096
1910,5,coal,14000.0,-0.278
1910,5,gas,333.333,-0.333
1910,5,oil,1250.0,0.143
1910,6,hydro,6500.0,-0.008
1910,6,wind,0.0,-0.236
1910,6,solar,0.0,0.168
1910,6,biomass,2500.0,-0.294
1910,6,coal,9800.0,-0.103
1910,6,gas,233.333,-0.228
1910,6,oil,875.0,-0.227
1910,7,hydro,6064.583,-0.374
1910,7,wind,0.0,0.103
1910,7,solar,0.0,0.161
1910,7,biomass,2500.0,0.027
1910,7,coal,6725.387,-0.285
1910,7,gas,160.128,-0.115
1910,7,oil,600.481,-0.173
1910,8,hydro,4875.0,-0.027
1910,8,wind,0.0,0.003
1910,8,solar,0.0,-0.125
1910,8,biomass,2500.0,-0.23
1910,8,coal,5600.0,0.127
1910,8,gas,133.333,-0.26
1910,8,oil,500.0,-0.149
1910,9,hydro,3250.0,-0.09
1910,9,wind,0.0,-0.238
1910,9,solar,0.0,-0.037
1910,9,biomass,2500.0,-0.035
1910,9,coal,6725.387,0.216
1910,9,gas,160.128,-0.203
1910,9,oil,600.481,0.207
1910,10,hydro,1625.0,0.015
1910,10,wind,0.0,-0.215
1910,10,solar,0.0,-0.04
1910,10,biomass,2500.0,0.031
1910,10,coal,9800.0,0.067
1910,10,gas,233.333,-0.351
1910,10,oil,875.0,-0.016
1910,11,hydro,435.417,-0.082
1910,11,wind,0.0,0.162
1910,11,solar,0.0,-0.208
1910,11,biomass,2500.0,0.099
1910,11,coal,14000.0,-0.016
1910,11,gas,333.333,-0.169
1910,11,oil,1250.0,0.002
1910,12,hydro,0.0,-0.007
1910,12,wind,0.0,0.027
1910,12,solar,0.0,0.053
1910,12,biomass,2500.0,0.016
1910,12,coal,18200.0,0.123
1910,12,gas,433.333,-0.003
1910,12,oil,1625.0,0.162
1911,1,hydro,445.466,0.02
1911,1,wind,0.0,-0.183
1911,1,solar,0.0,-0.104
1911,1,biomass,2550.0,-0.02
1911,1,coal,20514.806,0.071
1911,1,gas,519.202,-0.314
1911,1,oil,1937.509,-0.191
1911,2,hydro,1662.5,0.08
1911,2,wind,0.0,-0.263
1911,2,solar,0.0,-0.289
1911,2,biomass,2550.0,-0.044
1911,2,coal,21600.0,0.215
1911,2,gas,546.667,-0.049
1911,2,oil,2040.0,0.18
1911,3,hydro,3325.0,0.13
1911,3,wind,0.0,-0.214
1911,3,solar,0.0,0.127
1911,3,biomass,2550.0,-0.079
1911,3,coal,20514.806,0.116
1911,3,gas,519.202,0.08
1911,3,oil,1937.509,-0.165
1911,4,hydro,4987.5,-0.299
1911,4,wind,0.0,0.21
1911,4,solar,0.0,-0.284
1911,4,biomass,2550.0,0.212
1911,4,coal,17550.0,0.148
1911,4,gas,444.167,0.067
1911,4,oil,1657.5,0.22
1911,5,hydro,6204.534,0.212
1911,5,wind,0.0,0.115
1911,5,solar,0.0,-0.149
1911,5,biomass,2550.0,0.106
1911,5,coal,13500.0,-0.36
1911,5,gas,341.667,-0.046
1911,5,oil,1275.0,-0.095
1911,6,hydro,6650.0,0.036
1911,6,wind,0.0,0.035
1911,6,solar,0.0,-0.017
1911,6,biomass,2550.0,0.125
1911,6,coal,9450.0,0.196
1911,6,gas,239.167,-0.303
1911,6,oil,892.5,-0.228
1911,7,hydro,6204.534,-0.353
1911,7,wind,0.0,0.163
1911,7,solar,0.0,-0.031
1911,7,biomass,2550.0,0.181
1911,7,coal,6485.194,-0.235
1911,7,gas,164.131,-0.33
1911,7,oil,612.491,0.126
1911,8,hydro,4987.5,0.178
1911,8,wind,0.0,-0.187
1911,8,solar,0.0,-0.123
1911,8,biomass,2550.0,-0.284
1911,8,coal,5400.0,0.2
1911,8,gas,136.667,-0.185
1911,8,oil,510.0,-0.072
1911,9,hydro,3325.0,-0.31
1911,9,wind,0.0,0.164
1911,9,solar,0.0,-0.287
1911,9,biomass,2550.0,-0.096
1911,9,coal,6485.194,0.034
1911,9,gas,164.131,0.078
1911,9,oil,612.491,0.2
1911,10,hydro,1662.5,-0.117
1911,10,wind,0.0,0.077
1911,10,solar,0.0,-0.275
1911,10,biomass,2550.0,-0.119
1911,10,coal,9450.0,-0.309
1911,10,gas,239.167,-0.074
1911,10,oil,892.5,-0.123
1911,11,hydro,445.466,0.203
1911,11,wind,0.0,-0.348
1911,11,solar,0.0,-0.146
1911,11,biomass,2550.0,-0.102
1911,11,coal,13500.0,0.202
1911,11,gas,341.667,0.145
1911,11,oil,1275.0,-0.308
1911,12,hydro,0.0,0.043
1911,12,wind,0.0,-0.041
1911,12,solar,0.0,0.219
1911,12,biomass,2550.0,-0.153
1911,12,coal,17550.0,-0.129
1911,12,gas,444.167,-0.254
1911,12,oil,1657.5,-0.295
1912,1,hydro,455.514,0.153
1912,1,wind,0.0,-0.083
1912,1,solar,0.0,0.042
1912,1,biomass,2600.0,0.029
1912,1,coal,19754.998,0.002
1912,1,gas,531.865,-0.343
1912,1,oil,1975.5,0.116
1912,2,hydro,1700.0,-0.21
1912,2,wind,0.0,-0.28
1912,2,solar,0.0,-0.017
1912,2,biomass,2600.0,-0.315
1912,2,coal,20800.0,0.103
1912,2,gas,560.0,-0.232
1912,2,oil,2080.0,-0.226
1912,3,hydro,3400.0,0.166
1912,3,wind,0.0,-0.159
1912,3,solar,0.0,-0.267
1912,3,biomass,2600.0,0.184
1912,3,coal,19754.998,-0.354
1912,3,gas,531.865,0.159
1912,3,oil,1975.5,-0.269
1912,4,hydro,5100.0,-0.278
1912,4,wind,0.0,-0.206
1912,4,solar,0.0,-0.251
1912,4,biomass,2600.0,0.041
1912,4,coal,16900.0,-0.341
1912,4,gas,455.0,-0.347
1912,4,oil,1690.0,0.118
1912,5,hydro,6344.486,-0.213
1912,5,wind,0.0,-0.162
1912,5,solar,0.0,-0.251
1912,5,biomass,2600.0,-0.325
1912,5,coal,13000.0,0.089
1912,5,gas,350.0,-0.04
1912,5,oil,1300.0,0.091
1912,6,hydro,6800.0,-0.07
1912,6,wind,0.0,0.111
1912,6,solar,0.0,-0.048
1912,6,biomass,2600.0,-0.291
1912,6,coal,9100.0,-0.054
1912,6,gas,245.0,0.211
1912,6,oil,910.0,-0.33
1912,7,hydro,6344.486,0.114
1912,7,wind,0.0,0.164
1912,7,solar,0.0,-0.043
1912,7,biomass,2600.0,-0.081
1912,7,coal,6245.002,0.222
1912,7,gas,168.135,-0.32
1912,7,oil,624.5,-0.069
1912,8,hydro,5100.0,-0.115
1912,8,wind,0.0,0.056
1912,8,solar,0.0,-0.062
1912,8,biomass,2600.0,0.19
1912,8,coal,5200.0,-0.312
1912,8,gas,140.0,-0.308
1912,8,oil,520.0,0.009
1912,9,hydro,3400.0,-0.317
1912,9,wind,0.0,-0.191
1912,9,solar,0.0,0.024
1912,9,biomass,2600.0,-0.027
1912,9,coal,6245.002,-0.161
1912,9,gas,168.135,0.241
1912,9,oil,624.5,-0.038
1912,10,hydro,1700.0,-0.084
1912,10,wind,0.0,0.007
1912,10,solar,0.0,-0.296
1912,10,biomass,2600.0,0.065
1912,10,coal,9100.0,0.156
1912,10,gas,245.0,0.035
1912,10,oil,910.0,0.105
1912,11,hydro,455.514,0.077
1912,11,wind,0.0,-0.227
1912,11,solar,0.0,-0.085
1912,11,biomass,2600.0,-0.219
1912,11,coal,13000.0,-0.153
1912,11,gas,350.0,-0.084
1912,11,oil,1300.0,-0.106
1912,12,hydro,0.0,-0.299
1912,12,wind,0.0,-0.1
1912,12,solar,0.0,0.043
1912,12,biomass,2600.0,-0.131
1912,12,coal,16900.0,-0.264
1912,12,gas,455.0,0.198
1912,12,oil,1690.0,-0.316
1913,1,hydro,465.562,0.155
1913,1,wind,0.0,-0.288
1913,1,solar,0.0,-0.286
1913,1,biomass,2650.0,0.099
1913,1,coal,18995.191,0.143
1913,1,gas,544.529,-0.01
1913,1,oil,2013.49,0.008
1913,2,hydro,1737.5,-0.007
1913,2,wind,0.0,-0.146
1913,2,solar,0.0,-0.271
1913,2,biomass,2650.0,-0.132
1913,2,coal,20000.0,0.055
1913,2,gas,573.333,0.106
1913,2,oil,2120.0,0.177
1913,3,hydro,3475.0,0.089
1913,3,wind,0.0,0.237
1913,3,solar,0.0,0.016
1913,3,biomass,2650.0,-0.133
1913,3,coal,18995.191,0.003
1913,3,gas,544.529,-0.216
1913,3,oil,2013.49,0.05
1913,4,hydro,5212.5,-0.209
1913,4,wind,0.0,-0.279
1913,4,solar,0.0,0.163
1913,4,biomass,2650.0,-0.123
1913,4,coal,16250.0,0.114
1913,4,gas,465.833,0.0
1913,4,oil,1722.5,0.14
1913,5,hydro,6484.438,0.163
1913,5,wind,0.0,0.241
1913,5,solar,0.0,0.147
1913,5,biomass,2650.0,0.024
1913,5,coal,12500.0,0.042
1913,5,gas,358.333,-0.328
1913,5,oil,1325.0,0.213
1913,6,hydro,6950.0,0.154
1913,6,wind,0.0,-0.184
1913,6,solar,0.0,-0.236
1913,6,biomass,2650.0,0.078
1913,6,coal,8750.0,-0.159
1913,6,gas,250.833,-0.14
1913,6,oil,927.5,-0.34
1913,7,hydro,6484.438,0.178
1913,7,wind,0.0,-0.004
1913,7,solar,0.0,-0.104
1913,7,biomass,2650.0,-0.259
1913,7,coal,6004.809,0.036
1913,7,gas,172.138,-0.326
1913,7,oil,636.51,0.104
1913,8,hydro,5212.5,-0.215
1913,8,wind,0.0,-0.092
1913,8,solar,0.0,-0.139
1913,8,biomass,2650.0,-0.122
1913,8,coal,5000.0,0.089
1913,8,gas,143.333,0.122
1913,8,oil,530.0,-0.003
1913,9,hydro,3475.0,-0.293
1913,9,wind,0.0,-0.312
1913,9,solar,0.0,-0.25
1913,9,biomass,2650.0,0.027
1913,9,coal,6004.809,0.06
1913,9,gas,172.138,-0.181
1913,9,oil,636.51,0.053
1913,10,hydro,1737.5,-0.053
1913,10,wind,0.0,-0.079
1913,10,solar,0.0,-0.18
1913,10,biomass,2650.0,0.109
1913,10,coal,8750.0,-0.276
1913,10,gas,250.833,-0.086
1913,10,oil,927.5,-0.174
1913,11,hydro,465.562,0.063
1913,11,wind,0.0,-0.052
1913,11,solar,0.0,0.056
1913,11,biomass,2650.0,-0.317
1913,11,coal,12500.0,-0.107
1913,11,gas,358.333,0.016
1913,11,oil,1325.0,-0.339
1913,12,hydro,0.0,-0.163
1913,12,wind,0.0,-0.217
1913,12,solar,0.0,-0.262
1913,12,biomass,2650.0,-0.191
1913,12,coal,16250.0,-0.147
1913,12,gas,465.833,-0.339
1913,12,oil,1722.5,0.104
1914,1,hydro,475.61,-0.227
1914,1,wind,0.0,-0.104
1914,1,solar,0.0,0.09
1914,1,biomass,2700.0,-0.032
1914,1,coal,18235.383,0.168
1914,1,gas,557.192,0.152
1914,1,oil,2051.481,-0.289
1914,2,hydro,1775.0,0.185
1914,2,wind,0.0,-0.307
1914,2,solar,0.0,-0.321
1914,2,biomass,2700.0,0.221
1914,2,coal,19200.0,0.185
1914,2,gas,586.667,0.013
1914,2,oil,2160.0,0.012
1914,3,hydro,3550.0,0.094
1914,3,wind,0.0,-0.081
1914,3,solar,0.0,-0.263
1914,3,biomass,2700.0,-0.319
1914,3,coal,18235.383,-0.137
1914,3,gas,557.192,0.149
1914,3,oil,2051.481,0.039
1914,4,hydro,5325.0,0.167
1914,4,wind,0.0,0.22
1914,4,solar,0.0,-0.279
1914,4,biomass,2700.0,0.175
1914,4,coal,15600.0,-0.186
1914,4,gas,476.667,0.021
1914,4,oil,1755.0,-0.018
1914,5,hydro,6624.39,-0.095
1914,5,wind,0.0,-0.146
1914,5,solar,0.0,-0.128
1914,5,biomass,2700.0,-0.132
1914,5,coal,12000.0,-0.231
1914,5,gas,366.667,-0.026
1914,5,oil,1350.0,-0.264
1914,6,hydro,7100.0,-0.026
1914,6,wind,0.0,0.212
1914,6,solar,0.0,-0.122
1914,6,biomass,2700.0,0.104
1914,6,coal,8400.0,0.159
1914,6,gas,256.667,0.157
1914,6,oil,945.0,-0.19
1914,7,hydro,6624.39,-0.244
1914,7,wind,0.0,-0.214
1914,7,solar,0.0,0.029
1914,7,biomass,2700.0,0.124
1914,7,coal,5764.617,0.061
1914,7,gas,176.141,-0.226
1914,7,oil,648.519,0.132
1914,8,hydro,5325.0,-0.036
1914,8,wind,0.0,0.121
1914,8,solar,0.0,0.124
1914,8,biomass,2700.0,-0.063
1914,8,coal,4800.0,0.222
1914,8,gas,146.667,0.007
1914,8,oil,540.0,0.049
1914,9,hydro,3550.0,0.043
1914,9,wind,0.0,0.187
1914,9,solar,0.0,0.044
1914,9,biomass,2700.0,-0.241
1914,9,coal,5764.617,-0.291
1914,9,gas,176.141,-0.067
1914,9,oil,648.519,-0.15
1914,10,hydro,1775.0,-0.167
1914,10,wind,0.0,-0.298
1914,10,solar,0.0,-0.028
1914,10,biomass,2700.0,-0.146
1914,10,coal,8400.0,-0.061
1914,10,gas,256.667,-0.298
1914,10,oil,945.0,0.167
1914,11,hydro,475.61,-0.286
1914,11,wind,0.0,0.187
1914,11,solar,0.0,0.181
1914,11,biomass,2700.0,0.037
1914,11,coal,12000.0,-0.028
1914,11,gas,366.667,-0.054
1914,11,oil,1350.0,0.001
1914,12,hydro,0.0,0.143
1914,12,wind,0.0,0.206
1914,12,solar,0.0,-0.062
1914,12,biomass,2700.0,0.154
1914,12,coal,15600.0,0.059
1914,12,gas,476.667,-0.139
1914,12,oil,1755.0,-0.047
1915,1,hydro,485.658,-0.229
1915,1,wind,0.0,-0.283
1915,1,solar,0.0,-0.258
1915,1,biomass,2750.0,0.219
1915,1,coal,17475.575,-0.114
1915,1,gas,569.856,0.109
1915,1,oil,2089.471,-0.017
1915,2,hydro,1812.5,-0.216
1915,2,wind,0.0,-0.171
1915,2,solar,0.0,-0.057
1915,2,biomass,2750.0,-0.056
1915,2,coal,18400.0,-0.006
1915,2,gas,600.0,-0.225
1915,2,oil,2200.0,-0.096
1915,3,hydro,3625.0,-0.15
1915,3,wind,0.0,-0.075
1915,3,solar,0.0,-0.117
1915,3,biomass,2750.0,0.039
1915,3,coal,17475.575,0.154
1915,3,gas,569.856,0.068
1915,3,oil,2089.471,-0.28
1915,4,hydro,5437.5,-0.263
1915,4,wind,0.0,0.087
1915,4,solar,0.0,-0.15
1915,4,biomass,2750.0,0.114
1915,4,coal,14950.0,0.074
1915,4,gas,487.5,0.224
1915,4,oil,1787.5,0.204
1915,5,hydro,6764.342,-0.12
1915,5,wind,0.0,0.03
1915,5,solar,0.0,-0.235
1915,5,biomass,2750.0,-0.11
1915,5,coal,11500.0,0.261
1915,5,gas,375.0,0.099
1915,5,oil,1375.0,-0.085
1915,6,hydro,7250.0,0.037
1915,6,wind,0.0,0.243
1915,6,solar,0.0,-0.134
1915,6,biomass,2750.0,-0.094
1915,6,coal,8050.0,0.155
1915,6,gas,262.5,0.168
1915,6,oil,962.5,0.082
1915,7,hydro,6764.342,0.177
1915,7,wind,0.0,0.123
1915,7,solar,0.0,0.091
1915,7,biomass,2750.0,-0.004
1915,7,coal,5524.425,0.068
1915,7,gas,180.144,-0.066
1915,7,oil,660.529,-0.103
1915,8,hydro,5437.5,-0.102
1915,8,wind,0.0,-0.212
1915,8,solar,0.0,-0.191
1915,8,biomass,2750.0,0.249
1915,8,coal,4600.0,-0.028
1915,8,gas,150.0,-0.184
1915,8,oil,550.0,-0.237
1915,9,hydro,3625.0,-0.274
1915,9,wind,0.0,0.187
1915,9,solar,0.0,-0.259
1915,9,biomass,2750.0,0.143
1915,9,coal,5524.425,0.181
1915,9,gas,180.144,0.21
1915,9,oil,660.529,-0.297
1915,10,hydro,1812.5,-0.118
1915,10,wind,0.0,0.14
1915,10,solar,0.0,-0.241
1915,10,biomass,2750.0,-0.094
1915,10,coal,8050.0,-0.223
1915,10,gas,262.5,0.179
1915,10,oil,962.5,0.143
1915,11,hydro,485.658,0.165
1915,11,wind,0.0,-0.221
1915,11,solar,0.0,-0.057
1915,11,biomass,2750.0,-0.073
1915,11,coal,11500.0,0.086
1915,11,gas,375.0,-0.177
1915,11,oil,1375.0,-0.053
1915,12,hydro,0.0,-0.149
1915,12,wind,0.0,0.129
1915,12,solar,0.0,-0.051
1915,12,biomass,2750.0,0.0
1915,12,coal,14950.0,-0.134
1915,12,gas,487.5,0.165
1915,12,oil,1787.5,-0.039
1916,1,hydro,495.706,0.193
1916,1,wind,0.0,-0.087
1916,1,solar,0.0,0.26
1916,1,biomass,2800.0,0.283
1916,1,coal,16715.768,-0.031
1916,1,gas,582.519,-0.139
1916,1,oil,2127.461,-0.079
1916,2,hydro,1850.0,0.008
1916,2,wind,0.0,0.272
1916,2,solar,0.0,0.182
1916,2,biomass,2800.0,0.173
1916,2,coal,17600.0,-0.225
1916,2,gas,613.333,-0.158
1916,2,oil,2240.0,0.077
1916,3,hydro,3700.0,0.216
1916,3,wind,0.0,0.025
1916,3,solar,0.0,-0.246
1916,3,biomass,2800.0,0.2
1916,3,coal,16715.768,0.203
1916,3,gas,582.519,-0.137
1916,3,oil,2127.461,0.15
1916,4,hydro,5550.0,-0.144
1916,4,wind,0.0,0.235
1916,4,solar,0.0,-0.22
1916,4,biomass,2800.0,-0.046
1916,4,coal,14300.0,0.26
1916,4,gas,498.333,-0.175
1916,4,oil,1820.0,-0.037
1916,5,hydro,6904.294,-0.098
1916,5,wind,0.0,-0.292
1916,5,solar,0.0,-0.276
1916,5,biomass,2800.0,-0.007
1916,5,coal,11000.0,-0.167
1916,5,gas,383.333,0.289
1916,5,oil,1400.0,-0.083
1916,6,hydro,7400.0,-0.291
1916,6,wind,0.0,0.25
1916,6,solar,0.0,0.196
1916,6,biomass,2800.0,0.082
1916,6,coal,7700.0,0.167
1916,6,gas,268.333,-0.225
1916,6,oil,980.0,-0.136
1916,7,hydro,6904.294,0.19
1916,7,wind,0.0,0.11
1916,7,solar,0.0,-0.225
1916,7,biomass,2800.0,0.115
1916,7,coal,5284.232,-0.039
1916,7,gas,184.147,-0.305
1916,7,oil,672.539,-0.26
1916,8,hydro,5550.0,-0.154
1916,8,wind,0.0,0.193
1916,8,solar,0.0,0.021
1916,8,biomass,2800.0,0.128
1916,8,coal,4400.0,0.009
1916,8,gas,153.333,-0.241
1916,8,oil,560.0,-0.135
1916,9,hydro,3700.0,-0.127
1916,9,wind,0.0,-0.279
1916,9,solar,0.0,-0.056
1916,9,biomass,2800.0,0.168
1916,9,coal,5284.232,-0.034
1916,9,gas,184.147,-0.241
1916,9,oil,672.539,0.235
1916,10,hydro,1850.0,0.05
1916,10,wind,0.0,-0.298
1916,10,solar,0.0,0.001
1916,10,biomass,2800.0,-0.163
1916,10,coal,7700.0,-0.222
1916,10,gas,268.333,-0.05
1916,10,oil,980.0,0.061
1916,11,hydro,495.706,-0.164
1916,11,wind,0.0,-0.058
1916,11,solar,0.0,0.091
1916,11,biomass,2800.0,-0.257
1916,11,coal,11000.0,0.277
1916,11,gas,383.333,-0.267
1916,11,oil,1400.0,0.008
1916,12,hydro,0.0,-0.004
1916,12,wind,0.0,0.285
1916,12,solar,0.0,0.024
1916,12,biomass,2800.0,-0.074
1916,12,coal,14300.0,-0.026
1916,12,gas,498.333,0.073
1916,12,oil,1820.0,0.281
1917,1,hydro,505.754,-0.144
1917,1,wind,0.0,-0.286
1917,1,solar,0.0,0.177
1917,1,biomass,2850.0,-0.089
1917,1,coal,15955.96,0.144
1917,1,gas,595.183,0.081
1917,1,oil,2165.452,0.167
1917,2,hydro,1887.5,0.145
1917,2,wind,0.0,-0.096
1917,2,solar,0.0,-0.269
1917,2,biomass,2850.0,0.032
1917,2,coal,16800.0,0.192
1917,2,gas,626.667,-0.191
1917,2,oil,2280.0,0.171
1917,3,hydro,3775.0,-0.017
1917,3,wind,0.0,0.121
1917,3,solar,0.0,0.083
1917,3,biomass,2850.0,0.191
1917,3,coal,15955.96,-0.258
1917,3,gas,595.183,0.17
1917,3,oil,2165.452,-0.021
1917,4,hydro,5662.5,-0.12
1917,4,wind,0.0,-0.27
1917,4,solar,0.0,-0.176
1917,4,biomass,2850.0,-0.271
1917,4,coal,13650.0,0.264
1917,4,gas,509.167,0.013
1917,4,oil,1852.5,0.297
1917,5,hydro,7044.246,0.03
1917,5,wind,0.0,-0.144
1917,5,solar,0.0,0.156
1917,5,biomass,2850.0,-0.181
1917,5,coal,10500.0,-0.082
1917,5,gas,391.667,0.173
1917,5,oil,1425.0,0.223
1917,6,hydro,7550.0,-0.097
1917,6,wind,0.0,-0.221
1917,6,solar,0.0,-0.075
1917,6,biomass,2850.0,0.238
1917,6,coal,7350.0,0.15
1917,6,gas,274.167,0.241
1917,6,oil,997.5,-0.064
1917,7,hydro,7044.246,0.288
1917,7,wind,0.0,0.002
1917,7,solar,0.0,0.003
1917,7,biomass,2850.0,0.259
1917,7,coal,5044.04,0.016
1917,7,gas,188.151,0.185
1917,7,oil,684.548,0.14
1917,8,hydro,5662.5,-0.249
1917,8,wind,0.0,0.065
1917,8,solar,0.0,0.197
1917,8,biomass,2850.0,0.031
1917,8,coal,4200.0,-0.103
1917,8,gas,156.667,-0.248
1917,8,oil,570.0,0.101
1917,9,hydro,3775.0,-0.112
1917,9,wind,0.0,0.066
1917,9,solar,0.0,-0.04
1917,9,biomass,2850.0,0.118
1917,9,coal,5044.04,-0.085
1917,9,gas,188.151,-0.271
1917,9,oil,684.548,0.226
1917,10,hydro,1887.5,-0.084
1917,10,wind,0.0,0.303
1917,10,solar,0.0,-0.131
1917,10,biomass,2850.0,0.292
1917,10,coal,7350.0,0.273
1917,10,gas,274.167,-0.251
1917,10,oil,997.5,0.087
1917,11,hydro,505.754,-0.078
1917,11,wind,0.0,0.185
1917,11,solar,0.0,0.112
1917,11,biomass,2850.0,0.276
1917,11,coal,10500.0,-0.21
1917,11,gas,391.667,0.069
1917,11,oil,1425.0,0.173
1917,12,hydro,0.0,-0.275
1917,12,wind,0.0,-0.256
1917,12,solar,0.0,0.171
1917,12,biomass,2850.0,-0.076
1917,12,coal,13650.0,-0.066
1917,12,gas,509.167,0.044
1917,12,oil,1852.5,0.067
1918,1,hydro,515.802,0.123
1918,1,wind,0.0,0.285
1918,1,solar,0.0,-0.061
1918,1,biomass,2900.0,0.174
1918,1,coal,15196.152,0.06
1918,1,gas,607.846,0.034
1918,1,oil,2203.442,-0.045
1918,2,hydro,1925.0,0.106
1918,2,wind,0.0,-0.134
1918,2,solar,0.0,-0.216
1918,2,biomass,2900.0,0.157
1918,2,coal,16000.0,0.015
1918,2,gas,640.0,-0.052
1918,2,oil,2320.0,0.053
1918,3,hydro,3850.0,-0.127
1918,3,wind,0.0,-0.128
1918,3,solar,0.0,-0.016
1918,3,biomass,2900.0,0.314
1918,3,coal,15196.152,-0.113
1918,3,gas,607.846,0.266
1918,3,oil,2203.442,0.011
1918,4,hydro,5775.0,-0.21
1918,4,wind,0.0,0.228
1918,4,solar,0.0,-0.013
1918,4,biomass,2900.0,0.255
1918,4,coal,13000.0,-0.017
1918,4,gas,520.0,-0.231
1918,4,oil,1885.0,0.125
1918,5,hydro,7184.198,0.223
1918,5,wind,0.0,-0.092
1918,5,solar,0.0,-0.076
1918,5,biomass,2900.0,-0.245
1918,5,coal,10000.0,0.041
1918,5,gas,400.0,0.251
1918,5,oil,1450.0,0.227
1918,6,hydro,7700.0,0.143
1918,6,wind,0.0,0.272
1918,6,solar,0.0,0.099
1918,6,biomass,2900.0,0.192
1918,6,coal,7000.0,0.021
1918,6,gas,280.0,-0.211
1918,6,oil,1015.0,-0.163
1918,7,hydro,7184.198,-0.201
1918,7,wind,0.0,0.19
1918,7,solar,0.0,-0.268
1918,7,biomass,2900.0,0.048
1918,7,coal,4803.848,-0.063
1918,7,gas,192.154,0.198
1918,7,oil,696.558,0.047
1918,8,hydro,5775.0,0.083
1918,8,wind,0.0,-0.232
1918,8,solar,0.0,-0.098
1918,8,biomass,2900.0,0.316
1918,8,coal,4000.0,0.147
1918,8,gas,160.0,0.031
1918,8,oil,580.0,0.177
1918,9,hydro,3850.0,0.21
1918,9,wind,0.0,-0.24
1918,9,solar,0.0,0.299
1918,9,biomass,2900.0,0.101
1918,9,coal,4803.848,-0.014
1918,9,gas,192.154,0.124
1918,9,oil,696.558,-0.077
1918,10,hydro,1925.0,0.243
1918,10,wind,0.0,0.184
1918,10,solar,0.0,0.1
1918,10,biomass,2900.0,-0.175
1918,10,coal,7000.0,0.296
1918,10,gas,280.0,-0.024
1918,10,oil,1015.0,0.262
1918,11,hydro,515.802,-0.251
1918,11,wind,0.0,-0.21
1918,11,solar,0.0,-0.192
1918,11,biomass,2900.0,-0.185
1918,11,coal,10000.0,-0.09
1918,11,gas,400.0,0.142
1918,11,oil,1450.0,-0.076
1918,12,hydro,0.0,0.281
1918,12,wind,0.0,0.253
1918,12,solar,0.0,0.224
1918,12,biomass,2900.0,-0.134
1918,12,coal,13000.0,0.097
1918,12,gas,520.0,0.047
1918,12,oil,1885.0,-0.209
1919,1,hydro,525.85,-0.09
1919,1,wind,0.0,0.048
1919,1,solar,0.0,0.03
1919,1,biomass,2950.0,-0.171
1919,1,coal,14436.345,0.293
1919,1,gas,620.51,-0.179
1919,1,oil,2241.432,0.123
1919,2,hydro,1962.5,0.16
1919,2,wind,0.0,0.091
1919,2,solar,0.0,0.234
1919,2,biomass,2950.0,0.066
1919,2,coal,15200.0,0.223
1919,2,gas,653.333,-0.255
1919,2,oil,2360.0,-0.245
1919,3,hydro,3925.0,0.113
1919,3,wind,0.0,0.074
1919,3,solar,0.0,0.119
1919,3,biomass,2950.0,0.188
1919,3,coal,14436.345,-0.022
1919,3,gas,620.51,0.111
1919,3,oil,2241.432,0.027
1919,4,hydro,5887.5,0.104
1919,4,wind,0.0,-0.098
1919,4,solar,0.0,0.302
1919,4,biomass,2950.0,0.018
1919,4,coal,12350.0,0.211
1919,4,gas,530.833,0.139
1919,4,oil,1917.5,-0.094
1919,5,hydro,7324.15,-0.228
1919,5,wind,0.0,-0.236
1919,5,solar,0.0,-0.008
1919,5,biomass,2950.0,0.019
1919,5,coal,9500.0,-0.15
1919,5,gas,408.333,0.092
1919,5,oil,1475.0,-0.084
1919,6,hydro,7850.0,0.159
1919,6,wind,0.0,0.169
1919,6,solar,0.0,0.244
1919,6,biomass,2950.0,0.313
1919,6,coal,6650.0,-0.194
1919,6,gas,285.833,-0.05
1919,6,oil,1032.5,0.065
1919,7,hydro,7324.15,-0.081
1919,7,wind,0.0,0.008
1919,7,solar,0.0,-0.112
1919,7,biomass,2950.0,-0.123
1919,7,coal,4563.655,-0.214
1919,7,gas,196.157,-0.098
1919,7,oil,708.568,-0.042
1919,8,hydro,5887.5,0.097
1919,8,wind,0.0,-0.123
1919,8,solar,0.0,0.247
1919,8,biomass,2950.0,-0.176
1919,8,coal,3800.0,-0.076
1919,8,gas,163.333,0.075
1919,8,oil,590.0,-0.084
1919,9,hydro,3925.0,0.186
1919,9,wind,0.0,0.027
1919,9,solar,0.0,0.037
1919,9,biomass,2950.0,0.027
1919,9,coal,4563.655,-0.087
1919,9,gas,196.157,-0.258
1919,9,oil,708.568,0.295
1919,10,hydro,1962.5,0.031
1919,10,wind,0.0,0.308
1919,10,solar,0.0,-0.143
1919,10,biomass,2950.0,-0.06
1919,10,coal,6650.0,-0.242
1919,10,gas,285.833,0.025
1919,10,oil,1032.5,0.257
1919,11,hydro,525.85,0.121
1919,11,wind,0.0,0.01
1919,11,solar,0.0,0.05
1919,11,biomass,2950.0,0.236
1919,11,coal,9500.0,-0.013
1919,11,gas,408.333,0.257
1919,11,oil,1475.0,0.165
1919,12,hydro,0.0,0.186
1919,12,wind,0.0,-0.052
1919,12,solar,0.0,-0.032
1919,12,biomass,2950.0,0.07
1919,12,coal,12350.0,-0.155
1919,12,gas,530.833,0.06
1919,12,oil,1917.5,-0.228
1920,1,hydro,535.898,0.043
1920,1,wind,0.0,0.199
1920,1,solar,0.0,-0.092
1920,1,biomass,3000.0,0.333
1920,1,coal,13676.537,0.148
1920,1,gas,633.173,-0.189
1920,1,oil,2279.423,0.325
1920,2,hydro,2000.0,-0.024
1920,2,wind,0.0,0.217
1920,2,solar,0.0,-0.057
1920,2,biomass,3000.0,0.303
1920,2,coal,14400.0,0.193
1920,2,gas,666.667,-0.141
1920,2,oil,2400.0,0.045
1920,3,hydro,4000.0,0.04
1920,3,wind,0.0,-0.233
1920,3,solar,0.0,-0.178
1920,3,biomass,3000.0,-0.06
1920,3,coal,13676.537,0.024
1920,3,gas,633.173,0.014
1920,3,oil,2279.423,0.104
1920,4,hydro,6000.0,0.049
1920,4,wind,0.0,-0.063
1920,4,solar,0.0,0.108
1920,4,biomass,3000.0,-0.162
1920,4,coal,11700.0,0.334
1920,4,gas,541.667,0.184
1920,4,oil,1950.0,-0.08
1920,5,hydro,7464.102,-0.058
1920,5,wind,0.0,0.237
1920,5,solar,0.0,0.059
1920,5,biomass,3000.0,0.165
1920,5,coal,9000.0,-0.08
1920,5,gas,416.667,0.229
1920,5,oil,1500.0,-0.039
1920,6,hydro,8000.0,0.144
1920,6,wind,0.0,0.328
1920,6,solar,0.0,0.09
1920,6,biomass,3000.0,0.218
1920,6,coal,6300.0,0.175
1920,6,gas,291.667,0.153
1920,6,oil,1050.0,-0.244
1920,7,hydro,7464.102,0.025
1920,7,wind,0.0,0.32
1920,7,solar,0.0,0.21
1920,7,biomass,3000.0,0.206
1920,7,coal,4323.463,0.087
1920,7,gas,200.16,0.173
1920,7,oil,720.577,0.09
1920,8,hydro,6000.0,-0.158
1920,8,wind,0.0,0.117
1920,8,solar,0.0,0.112
1920,8,biomass,3000.0,0.245
1920,8,coal,3600.0,-0.171
1920,8,gas,166.667,0.148
1920,8,oil,600.0,-0.241
1920,9,hydro,4000.0,0.309
1920,9,wind,0.0,-0.194
1920,9,solar,0.0,-0.249
1920,9,biomass,3000.0,-0.072
1920,9,coal,4323.463,-0.169
1920,9,gas,200.16,0.154
1920,9,oil,720.577,-0.014
1920,10,hydro,2000.0,0.205
1920,10,wind,0.0,0.292
1920,10,solar,0.0,0.264
1920,10,biomass,3000.0,0.182
1920,10,coal,6300.0,-0.223
1920,10,gas,291.667,-0.177
1920,10,oil,1050.0,-0.136
1920,11,hydro,535.898,-0.065
1920,11,wind,0.0,0.137
1920,11,solar,0.0,0.055
1920,11,biomass,3000.0,-0.072
1920,11,coal,9000.0,-0.156
1920,11,gas,416.667,0.287
1920,11,oil,1500.0,-0.055
1920,12,hydro,0.0,-0.047
1920,12,wind,0.0,0.203
1920,12,solar,0.0,0.173
1920,12,biomass,3000.0,0.126
1920,12,coal,11700.0,0.156
1920,12,gas,541.667,0.106
1920,12,oil,1950.0,-0.145
1921,1,hydro,549.296,-0.1
1921,1,wind,0.0,0.087
1921,1,solar,0.0,-0.113
1921,1,biomass,3066.667,0.336
1921,1,coal,14132.422,-0.069
1921,1,gas,645.836,-0.075
1921,1,oil,2317.413,-0.124
1921,2,hydro,2050.0,0.175
1921,2,wind,0.0,-0.058
1921,2,solar,0.0,-0.039
1921,2,biomass,3066.667,0.312
1921,2,coal,14880.0,0.229
1921,2,gas,680.0,-0.084
1921,2,oil,2440.0,-0.175
1921,3,hydro,4100.0,0.158
1921,3,wind,0.0,-0.02
1921,3,solar,0.0,0.34
1921,3,biomass,3066.667,0.243
1921,3,coal,14132.422,0.325
1921,3,gas,645.836,0.235
1921,3,oil,2317.413,-0.074
1921,4,hydro,6150.0,-0.075
1921,4,wind,0.0,0.18
1921,4,solar,0.0,-0.04
1921,4,biomass,3066.667,0.017
1921,4,coal,12090.0,-0.094
1921,4,gas,552.5,0.039
1921,4,oil,1982.5,-0.127
1921,5,hydro,7650.704,0.075
1921,5,wind,0.0,0.312
1921,5,solar,0.0,0.17
1921,5,biomass,3066.667,-0.166
1921,5,coal,9300.0,0.121
1921,5,gas,425.0,0.104
1921,5,oil,1525.0,-0.103
1921,6,hydro,8200.0,0.154
1921,6,wind,0.0,0.071
1921,6,solar,0.0,0.135
1921,6,biomass,3066.667,-0.217
1921,6,coal,6510.0,-0.0
1921,6,gas,297.5,0.182
1921,6,oil,1067.5,-0.188
1921,7,hydro,7650.704,0.214
1921,7,wind,0.0,-0.245
1921,7,solar,0.0,0.082
1921,7,biomass,3066.667,0.309
1921,7,coal,4467.578,-0.004
1921,7,gas,204.164,0.313
1921,7,oil,732.587,0.279
1921,8,hydro,6150.0,0.038
1921,8,wind,0.0,-0.128
1921,8,solar,0.0,0.33
1921,8,biomass,3066.667,-0.055
1921,8,coal,3720.0,0.14
1921,8,gas,170.0,0.297
1921,8,oil,610.0,-0.194
1921,9,hydro,4100.0,0.096
1921,9,wind,0.0,0.073
1921,9,solar,0.0,0.186
1921,9,biomass,3066.667,0.314
1921,9,coal,4467.578,0.3
1921,9,gas,204.164,-0.143
1921,9,oil,732.587,0.281
1921,10,hydro,2050.0,-0.143
1921,10,wind,0.0,0.304
1921,10,solar,0.0,0.35
1921,10,biomass,3066.667,-0.01
1921,10,coal,6510.0,0.049
1921,10,gas,297.5,0.314
1921,10,oil,1067.5,0.329
1921,11,hydro,549.296,0.308
1921,11,wind,0.0,0.278
1921,11,solar,0.0,-0.242
1921,11,biomass,3066.667,0.093
1921,11,coal,9300.0,-0.184
1921,11,gas,425.0,0.342
1921,11,oil,1525.0,-0.077
1921,12,hydro,0.0,0.345
1921,12,wind,0.0,0.078
1921,12,solar,0.0,0.048
1921,12,biomass,3066.667,0.315
1921,12,coal,12090.0,0.263
1921,12,gas,552.5,0.033
1921,12,oil,1982.5,-0.132
1922,1,hydro,562.693,-0.168
1922,1,wind,0.0,-0.139
1922,1,solar,0.0,0.039
1922,1,biomass,3133.333,-0.082
1922,1,coal,14588.306,-0.124
1922,1,gas,658.5,0.206
1922,1,oil,2355.404,0.238
1922,2,hydro,2100.0,0.105
1922,2,wind,0.0,0.218
1922,2,solar,0.0,-0.131
1922,2,biomass,3133.333,0.278
1922,2,coal,15360.0,0.302
1922,2,gas,693.333,0.26
1922,2,oil,2480.0,0.073
1922,3,hydro,4200.0,-0.184
1922,3,wind,0.0,0.166
1922,3,solar,0.0,-0.125
1922,3,biomass,3133.333,-0.152
1922,3,coal,14588.306,-0.042
1922,3,gas,658.5,-0.087
1922,3,oil,2355.404,-0.08
1922,4,hydro,6300.0,-0.095
1922,4,wind,0.0,0.216
1922,4,solar,0.0,0.336
1922,4,biomass,3133.333,-0.055
1922,4,coal,12480.0,0.198
1922,4,gas,563.333,-0.229
1922,4,oil,2015.0,0.156
1922,5,hydro,7837.307,0.18
1922,5,wind,0.0,-0.199
1922,5,solar,0.0,-0.165
1922,5,biomass,3133.333,-0.052
1922,5,coal,9600.0,0.007
1922,5,gas,433.333,0.066
1922,5,oil,1550.0,0.301
1922,6,hydro,8400.0,0.186
1922,6,wind,0.0,-0.049
1922,6,solar,0.0,-0.166
1922,6,biomass,3133.333,0.314
1922,6,coal,6720.0,-0.059
1922,6,gas,303.333,0.133
1922,6,oil,1085.0,-0.105
1922,7,hydro,7837.307,-0.156
1922,7,wind,0.0,-0.144
1922,7,solar,0.0,0.213
1922,7,biomass,3133.333,0.127
1922,7,coal,4611.694,0.014
1922,7,gas,208.167,0.094
1922,7,oil,744.596,0.046
1922,8,hydro,6300.0,0.087
1922,8,wind,0.0,0.162
1922,8,solar,0.0,-0.105
1922,8,biomass,3133.333,-0.088
1922,8,coal,3840.0,0.217
1922,8,gas,173.333,0.288
1922,8,oil,620.0,-0.187
1922,9,hydro,4200.0,0.032
1922,9,wind,0.0,0.186
1922,9,solar,0.0,-0.189
1922,9,biomass,3133.333,0.103
1922,9,coal,4611.694,-0.199
1922,9,gas,208.167,0.093
1922,9,oil,744.596,0.067
1922,10,hydro,2100.0,0.108
1922,10,wind,0.0,-0.146
1922,10,solar,0.0,-0.039
1922,10,biomass,3133.333,0.076
1922,10,coal,6720.0,-0.166
1922,10,gas,303.333,-0.113
1922,10,oil,1085.0,0.114
1922,11,hydro,562.693,-0.181
1922,11,wind,0.0,0.07
1922,11,solar,0.0,0.249
1922,11,biomass,3133.333,0.036
1922,11,coal,9600.0,0.072
1922,11,gas,433.333,0.038
1922,11,oil,1550.0,-0.201
1922,12,hydro,0.0,0.041
1922,12,wind,0.0,0.248
1922,12,solar,0.0,0.198
1922,12,biomass,3133.333,0.002
1922,12,coal,12480.0,0.254
1922,12,gas,563.333,0.211
1922,12,oil,2015.0,0.111
1923,1,hydro,576.091,-0.197
1923,1,wind,0.0,-0.017
1923,1,solar,0.0,-0.186
1923,1,biomass,3200.0,0.372
1923,1,coal,15044.191,0.337
1923,1,gas,671.163,-0.183
1923,1,oil,2393.394,0.336
1923,2,hydro,2150.0,-0.205
1923,2,wind,0.0,0.021
1923,2,solar,0.0,0.237
1923,2,biomass,3200.0,0.235
1923,2,coal,15840.0,0.363
1923,2,gas,706.667,0.164
1923,2,oil,2520.0,0.028
1923,3,hydro,4300.0,0.372
1923,3,wind,0.0,0.005
1923,3,solar,0.0,0.298
1923,3,biomass,3200.0,0.32
1923,3,coal,15044.191,0.001
1923,3,gas,671.163,0.186
1923,3,oil,2393.394,0.173
1923,4,hydro,6450.0,0.1
1923,4,wind,0.0,0.168
1923,4,solar,0.0,-0.015
1923,4,biomass,3200.0,-0.117
1923,4,coal,12870.0,0.098
1923,4,gas,574.167,0.093
1923,4,oil,2047.5,0.213
1923,5,hydro,8023.909,-0.09
1923,5,wind,0.0,-0.222
1923,5,solar,0.0,-0.21
1923,5,biomass,3200.0,-0.045
1923,5,coal,9900.0,0.18
1923,5,gas,441.667,0.103
1923,5,oil,1575.0,0.095
1923,6,hydro,8600.0,0.27
1923,6,wind,0.0,-0.075
1923,6,solar,0.0,-0.016
1923,6,biomass,3200.0,-0.059
1923,6,coal,6930.0,0.338
1923,6,gas,309.167,0.211
1923,6,oil,1102.5,-0.156
1923,7,hydro,8023.909,0.262
1923,7,wind,0.0,0.028
1923,7,solar,0.0,0.236
1923,7,biomass,3200.0,0.306
1923,7,coal,4755.809,-0.215
1923,7,gas,212.17,-0.1
1923,7,oil,756.606,-0.163
1923,8,hydro,6450.0,-0.204
1923,8,wind,0.0,0.135
1923,8,solar,0.0,0.198
1923,8,biomass,3200.0,-0.195
1923,8,coal,3960.0,0.22
1923,8,gas,176.667,0.017
1923,8,oil,630.0,-0.083
1923,9,hydro,4300.0,-0.094
1923,9,wind,0.0,0.294
1923,9,solar,0.0,-0.19
1923,9,biomass,3200.0,0.078
1923,9,coal,4755.809,-0.05
1923,9,gas,212.17,0.265
1923,9,oil,756.606,0.215
1923,10,hydro,2150.0,-0.033
1923,10,wind,0.0,0.135
1923,10,solar,0.0,0.18
1923,10,biomass,3200.0,-0.032
1923,10,coal,6930.0,-0.043
1923,10,gas,309.167,-0.138
1923,10,oil,1102.5,0.172
1923,11,hydro,576.091,-0.091
1923,11,wind,0.0,-0.044
1923,11,solar,0.0,-0.187
1923,11,biomass,3200.0,0.345
1923,11,coal,9900.0,0.304
1923,11,gas,441.667,0.323
1923,11,oil,1575.0,0.152
1923,12,hydro,0.0,0.032
1923,12,wind,0.0,0.073
1923,12,solar,0.0,0.359
1923,12,biomass,3200.0,0.341
1923,12,coal,12870.0,0.179
1923,12,gas,574.167,0.247
1923,12,oil,2047.5,-0.033
1924,1,hydro,589.488,0.038
1924,1,wind,0.0,-0.122
1924,1,solar,0.0,0.014
1924,1,biomass,3266.667,0.241
1924,1,coal,15500.075,0.072
1924,1,gas,683.827,0.298
1924,1,oil,2431.384,-0.032
1924,2,hydro,2200.0,0.213
1924,2,wind,0.0,0.271
1924,2,solar,0.0,0.337
1924,2,biomass,3266.667,0.125
1924,2,coal,16320.0,0.369
1924,2,gas,720.0,0.122
1924,2,oil,2560.0,-0.132
1924,3,hydro,4400.0,-0.066
1924,3,wind,0.0,-0.09
1924,3,solar,0.0,0.176
1924,3,biomass,3266.667,0.341
1924,3,coal,15500.075,0.296
1924,3,gas,683.827,-0.157
1924,3,oil,2431.384,0.223
1924,4,hydro,6600.0,-0.098
1924,4,wind,0.0,-0.051
1924,4,solar,0.0,0.192
1924,4,biomass,3266.667,0.15
1924,4,coal,13260.0,0.312
1924,4,gas,585.0,-0.099
1924,4,oil,2080.0,0.245
1924,5,hydro,8210.512,0.223
1924,5,wind,0.0,0.123
1924,5,solar,0.0,0.076
1924,5,biomass,3266.667,0.31
1924,5,coal,10200.0,-0.012
1924,5,gas,450.0,0.362
1924,5,oil,1600.0,-0.203
1924,6,hydro,8800.0,0.35
1924,6,wind,0.0,0.365
1924,6,solar,0.0,-0.142
1924,6,biomass,3266.667,0.388
1924,6,coal,7140.0,0.075
1924,6,gas,315.0,-0.066
1924,6,oil,1120.0,0.151
1924,7,hydro,8210.512,-0.089
1924,7,wind,0.0,0.337
1924,7,solar,0.0,0.119
1924,7,biomass,3266.667,0.253
1924,7,coal,4899.925,0.016
1924,7,gas,216.173,0.108
1924,7,oil,768.616,0.004
1924,8,hydro,6600.0,-0.055
1924,8,wind,0.0,0.096
1924,8,solar,0.0,0.086
1924,8,biomass,3266.667,-0.153
1924,8,coal,4080.0,0.377
1924,8,gas,180.0,0.07
1924,8,oil,640.0,0.292
1924,9,hydro,4400.0,0.337
1924,9,wind,0.0,0.01
1924,9,solar,0.0,0.036
1924,9,biomass,3266.667,0.126
1924,9,coal,4899.925,-0.079
1924,9,gas,216.173,-0.124
1924,9,oil,768.616,-0.056
1924,10,hydro,2200.0,0.349
1924,10,wind,0.0,0.135
1924,10,solar,0.0,0.039
1924,10,biomass,3266.667,-0.121
1924,10,coal,7140.0,-0.014
1924,10,gas,315.0,0.016
1924,10,oil,1120.0,0.288
1924,11,hydro,589.488,0.088
1924,11,wind,0.0,0.181
1924,11,solar,0.0,0.199
1924,11,biomass,3266.667,-0.058
1924,11,coal,10200.0,0.281
1924,11,gas,450.0,0.368
1924,11,oil,1600.0,0.173
1924,12,hydro,0.0,0.082
1924,12,wind,0.0,-0.111
1924,12,solar,0.0,0.265
1924,12,biomass,3266.667,-0.11
1924,12,coal,13260.0,0.22
1924,12,gas,585.0,0.081
1924,12,oil,2080.0,0.338
1925,1,hydro,602.886,0.125
1925,1,wind,0.0,0.185
1925,1,solar,0.0,-0.165
1925,1,biomass,3333.333,-0.18
1925,1,coal,15955.96,0.308
1925,1,gas,696.49,0.367
1925,1,oil,2469.375,0.201
1925,2,hydro,2250.0,0.259
1925,2,wind,0.0,0.047
1925,2,solar,0.0,0.306
1925,2,biomass,3333.333,-0.061
1925,2,coal,16800.0,0.224
1925,2,gas,733.333,-0.195
1925,2,oil,2600.0,0.103
1925,3,hydro,4500.0,0.024
1925,3,wind,0.0,0.171
1925,3,solar,0.0,0.2
1925,3,biomass,3333.333,0.17
1925,3,coal,15955.96,0.09
1925,3,gas,696.49,0.093
1925,3,oil,2469.375,-0.196
1925,4,hydro,6750.0,0.131
1925,4,wind,0.0,-0.193
1925,4,solar,0.0,0.118
1925,4,biomass,3333.333,-0.035
1925,4,coal,13650.0,0.386
1925,4,gas,595.833,-0.19
1925,4,oil,2112.5,0.288
1925,5,hydro,8397.114,0.204
1925,5,wind,0.0,0.284
1925,5,solar,0.0,0.346
1925,5,biomass,3333.333,-0.136
1925,5,coal,10500.0,-0.142
1925,5,gas,458.333,-0.111
1925,5,oil,1625.0,-0.085
1925,6,hydro,9000.0,0.116
1925,6,wind,0.0,0.289
1925,6,solar,0.0,-0.04
1925,6,biomass,3333.333,0.038
1925,6,coal,7350.0,0.024
1925,6,gas,320.833,0.044
1925,6,oil,1137.5,0.139
1925,7,hydro,8397.114,0.394
1925,7,wind,0.0,-0.064
1925,7,solar,0.0,0.21
1925,7,biomass,3333.333,0.309
1925,7,coal,5044.04,0.192
1925,7,gas,220.176,0.315
1925,7,oil,780.625,0.256
1925,8,hydro,6750.0,-0.144
1925,8,wind,0.0,0.028
1925,8,solar,0.0,0.132
1925,8,biomass,3333.333,-0.166
1925,8,coal,4200.0,-0.194
1925,8,gas,183.333,-0.097
1925,8,oil,650.0,0.1
1925,9,hydro,4500.0,0.06
1925,9,wind,0.0,0.271
1925,9,solar,0.0,0.14
1925,9,biomass,3333.333,0.315
1925,9,coal,5044.04,-0.143
1925,9,gas,220.176,0.117
1925,9,oil,780.625,-0.174
1925,10,hydro,2250.0,-0.073
1925,10,wind,0.0,0.321
1925,10,solar,0.0,0.333
1925,10,biomass,3333.333,0.085
1925,10,coal,7350.0,-0.172
1925,10,gas,320.833,-0.155
1925,10,oil,1137.5,0.355
1925,11,hydro,602.886,0.34
1925,11,wind,0.0,0.138
1925,11,solar,0.0,-0.18
1925,11,biomass,3333.333,0.357
1925,11,coal,10500.0,-0.011
1925,11,gas,458.333,0.377
1925,11,oil,1625.0,0.152
1925,12,hydro,0.0,0.251
1925,12,wind,0.0,0.228
1925,12,solar,0.0,0.039
1925,12,biomass,3333.333,-0.154
1925,12,coal,13650.0,-0.103
1925,12,gas,595.833,-0.056
1925,12,oil,2112.5,0.301
1926,1,hydro,616.283,0.045
1926,1,wind,0.0,0.35
1926,1,solar,0.0,0.011
1926,1,biomass,3400.0,0.265
1926,1,coal,16411.845,-0.104
1926,1,gas,709.154,0.405
1926,1,oil,2507.365,0.246
1926,2,hydro,2300.0,0.112
1926,2,wind,0.0,0.397
1926,2,solar,0.0,-0.156
1926,2,biomass,3400.0,0.074
1926,2,coal,17280.0,0.315
1926,2,gas,746.667,0.016
1926,2,oil,2640.0,0.273
1926,3,hydro,4600.0,0.385
1926,3,wind,0.0,0.05
1926,3,solar,0.0,0.276
1926,3,biomass,3400.0,-0.17
1926,3,coal,16411.845,-0.024
1926,3,gas,709.154,0.408
1926,3,oil,2507.365,0.106
1926,4,hydro,6900.0,0.025
1926,4,wind,0.0,0.377
1926,4,solar,0.0,0.071
1926,4,biomass,3400.0,0.22
1926,4,coal,14040.0,0.208
1926,4,gas,606.667,-0.137
1926,4,oil,2145.0,0.183
1926,5,hydro,8583.717,0.291
1926,5,wind,0.0,0.24
1926,5,solar,0.0,-0.139
1926,5,biomass,3400.0,-0.095
1926,5,coal,10800.0,0.239
1926,5,gas,466.667,0.192
1926,5,oil,1650.0,0.256
1926,6,hydro,9200.0,0.002
1926,6,wind,0.0,-0.124
1926,6,solar,0.0,-0.185
1926,6,biomass,3400.0,-0.003
1926,6,coal,7560.0,0.028
1926,6,gas,326.667,-0.026
1926,6,oil,1155.0,-0.108
1926,7,hydro,8583.717,-0.076
1926,7,wind,0.0,0.081
1926,7,solar,0.0,0.145
1926,7,biomass,3400.0,0.057
1926,7,coal,5188.155,-0.172
1926,7,gas,224.18,0.024
1926,7,oil,792.635,-0.132
1926,8,hydro,6900.0,0.171
1926,8,wind,0.0,0.007
1926,8,solar,0.0,0.043
1926,8,biomass,3400.0,-0.013
1926,8,coal,4320.0,0.045
1926,8,gas,186.667,-0.137
1926,8,oil,660.0,0.353
1926,9,hydro,4600.0,0.355
1926,9,wind,0.0,0.399
1926,9,solar,0.0,0.155
1926,9,biomass,3400.0,-0.086
1926,9,coal,5188.155,0.04
1926,9,gas,224.18,-0.105
1926,9,oil,792.635,-0.007
1926,10,hydro,2300.0,0.108
1926,10,wind,0.0,-0.15
1926,10,solar,0.0,0.073
1926,10,biomass,3400.0,0.065
1926,10,coal,7560.0,0.103
1926,10,gas,326.667,-0.142
1926,10,oil,1155.0,-0.037
1926,11,hydro,616.283,-0.04
1926,11,wind,0.0,0.187
1926,11,solar,0.0,0.168
1926,11,biomass,3400.0,-0.071
1926,11,coal,10800.0,-0.124
1926,11,gas,466.667,-0.005
1926,11,oil,1650.0,0.381
1926,12,hydro,0.0,0.011
1926,12,wind,0.0,0.184
1926,12,solar,0.0,0.294
1926,12,biomass,3400.0,0.01
1926,12,coal,14040.0,0.013
1926,12,gas,606.667,0.301
1926,12,oil,2145.0,0.328
1927,1,hydro,629.681,0.409
1927,1,wind,0.0,-0.094
1927,1,solar,0.0,0.016
1927,1,biomass,3466.667,0.392
1927,1,coal,16867.729,-0.055
1927,1,gas,721.817,0.013
1927,1,oil,2545.356,0.403
1927,2,hydro,2350.0,0.405
1927,2,wind,0.0,-0.001
1927,2,solar,0.0,0.241
1927,2,biomass,3466.667,0.119
1927,2,coal,17760.0,0.17
1927,2,gas,760.0,-0.031
1927,2,oil,2680.0,0.05
1927,3,hydro,4700.0,0.314
1927,3,wind,0.0,0.06
1927,3,solar,0.0,-0.108
1927,3,biomass,3466.667,0.162
1927,3,coal,16867.729,0.179
1927,3,gas,721.817,0.151
1927,3,oil,2545.356,0.233
1927,4,hydro,7050.0,0.154
1927,4,wind,0.0,0.396
1927,4,solar,0.0,0.101
1927,4,biomass,3466.667,0.249
1927,4,coal,14430.0,0.087
1927,4,gas,617.5,-0.001
1927,4,oil,2177.5,0.24
1927,5,hydro,8770.319,0.315
1927,5,wind,0.0,0.301
1927,5,solar,0.0,0.069
1927,5,biomass,3466.667,0.124
1927,5,coal,11100.0,0.204
1927,5,gas,475.0,-0.031
1927,5,oil,1675.0,0.219
1927,6,hydro,9400.0,0.253
1927,6,wind,0.0,0.297
1927,6,solar,0.0,-0.132
1927,6,biomass,3466.667,0.418
1927,6,coal,7770.0,0.112
1927,6,gas,332.5,0.064
1927,6,oil,1172.5,0.128
1927,7,hydro,8770.319,0.376
1927,7,wind,0.0,0.239
1927,7,solar,0.0,0.15
1927,7,biomass,3466.667,0.298
1927,7,coal,5332.271,0.04
1927,7,gas,228.183,0.361
1927,7,oil,804.644,0.146
1927,8,hydro,7050.0,0.207
1927,8,wind,0.0,-0.125
1927,8,solar,0.0,0.285
1927,8,biomass,3466.667,0.219
1927,8,coal,4440.0,0.037
1927,8,gas,190.0,0.212
1927,8,oil,670.0,-0.149
1927,9,hydro,4700.0,0.414
1927,9,wind,0.0,0.23
1927,9,solar,0.0,0.064
1927,9,biomass,3466.667,0.276
1927,9,coal,5332.271,0.403
1927,9,gas,228.183,0.082
1927,9,oil,804.644,-0.17
1927,10,hydro,2350.0,-0.021
1927,10,wind,0.0,0.13
1927,10,solar,0.0,0.135
1927,10,biomass,3466.667,0.172
1927,10,coal,7770.0,0.169
1927,10,gas,332.5,0.091
1927,10,oil,1172.5,0.059
1927,11,hydro,629.681,0.287
1927,11,wind,0.0,0.177
1927,11,solar,0.0,0.124
1927,11,biomass,3466.667,0.031
1927,11,coal,11100.0,-0.161
1927,11,gas,475.0,-0.113
1927,11,oil,1675.0,0.074
1927,12,hydro,0.0,0.401
1927,12,wind,0.0,-0.106
1927,12,solar,0.0,0.388
1927,12,biomass,3466.667,-0.091
1927,12,coal,14430.0,0.011
1927,12,gas,617.5,0.097
1927,12,oil,2177.5,-0.052
1928,1,hydro,643.078,0.126
1928,1,wind,0.0,0.122
1928,1,solar,0.0,0.099
1928,1,biomass,3533.333,0.254
1928,1,coal,17323.614,0.027
1928,1,gas,734.481,0.016
1928,1,oil,2583.346,0.322
1928,2,hydro,2400.0,-0.095
1928,2,wind,0.0,0.346
1928,2,solar,0.0,0.225
1928,2,biomass,3533.333,0.242
1928,2,coal,18240.0,-0.065
1928,2,gas,773.333,0.426
1928,2,oil,2720.0,-0.018
1928,3,hydro,4800.0,-0.059
1928,3,wind,0.0,-0.068
1928,3,solar,0.0,0.172
1928,3,biomass,3533.333,0.411
1928,3,coal,17323.614,-0.025
1928,3,gas,734.481,0.079
1928,3,oil,2583.346,-0.053
1928,4,hydro,7200.0,0.22
1928,4,wind,0.0,0.095
1928,4,solar,0.0,-0.146
1928,4,biomass,3533.333,0.204
1928,4,coal,14820.0,-0.046
1928,4,gas,628.333,0.191
1928,4,oil,2210.0,0.069
1928,5,hydro,8956.922,0.259
1928,5,wind,0.0,-0.041
1928,5,solar,0.0,0.287
1928,5,biomass,3533.333,0.321
1928,5,coal,11400.0,-0.126
1928,5,gas,483.333,-0.103
1928,5,oil,1700.0,0.359
1928,6,hydro,9600.0,-0.052
1928,6,wind,0.0,0.032
1928,6,solar,0.0,0.111
1928,6,biomass,3533.333,-0.007
1928,6,coal,7980.0,0.354
1928,6,gas,338.333,0.153
1928,6,oil,1190.0,0.219
1928,7,hydro,8956.922,0.194
1928,7,wind,0.0,0.203
1928,7,solar,0.0,0.188
1928,7,biomass,3533.333,0.045
1928,7,coal,5476.386,0.343
1928,7,gas,232.186,0.206
1928,7,oil,816.654,0.324
1928,8,hydro,7200.0,0.26
1928,8,wind,0.0,0.014
1928,8,solar,0.0,0.205
1928,8,biomass,3533.333,-0.113
1928,8,coal,4560.0,-0.084
1928,8,gas,193.333,-0.093
1928,8,oil,680.0,0.019
1928,9,hydro,4800.0,-0.054
1928,9,wind,0.0,0.252
1928,9,solar,0.0,0.142
1928,9,biomass,3533.333,0.087
1928,9,coal,5476.386,-0.081
1928,9,gas,232.186,0.066
1928,9,oil,816.654,-0.053
1928,10,hydro,2400.0,0.217
1928,10,wind,0.0,0.252
1928,10,solar,0.0,0.223
1928,10,biomass,3533.333,0.436
1928,10,coal,7980.0,0.169
1928,10,gas,338.333,0.13
1928,10,oil,1190.0,-0.08
1928,11,hydro,643.078,0.025
1928,11,wind,0.0,0.107
1928,11,solar,0.0,-0.132
1928,11,biomass,3533.333,0.051
1928,11,coal,11400.0,-0.158
1928,11,gas,483.333,-0.082
1928,11,oil,1700.0,0.325
1928,12,hydro,0.0,0.414
1928,12,wind,0.0,0.139
1928,12,solar,0.0,0.133
1928,12,biomass,3533.333,0.247
1928,12,coal,14820.0,0.085
1928,12,gas,628.333,0.34
1928,12,oil,2210.0,0.129
1929,1,hydro,656.476,-0.102
1929,1,wind,0.0,-0.133
1929,1,solar,0.0,0.305
1929,1,biomass,3600.0,0.023
1929,1,coal,17779.498,0.013
1929,1,gas,747.144,0.171
1929,1,oil,2621.336,-0.051
1929,2,hydro,2450.0,0.122
1929,2,wind,0.0,0.294
1929,2,solar,0.0,0.308
1929,2,biomass,3600.0,0.178
1929,2,coal,18720.0,-0.084
1929,2,gas,786.667,-0.083
1929,2,oil,2760.0,0.313
1929,3,hydro,4900.0,0.342
1929,3,wind,0.0,0.068
1929,3,solar,0.0,0.342
1929,3,biomass,3600.0,-0.127
1929,3,coal,17779.498,0.279
1929,3,gas,747.144,0.176
1929,3,oil,2621.336,0.442
1929,4,hydro,7350.0,-0.091
1929,4,wind,0.0,0.346
1929,4,solar,0.0,0.299
1929,4,biomass,3600.0,0.027
1929,4,coal,15210.0,0.448
1929,4,gas,639.167,0.118
1929,4,oil,2242.5,0.057
1929,5,hydro,9143.524,0.338
1929,5,wind,0.0,0.111
1929,5,solar,0.0,0.444
1929,5,biomass,3600.0,0.313
1929,5,coal,11700.0,-0.01
1929,5,gas,491.667,0.334
1929,5,oil,1725.0,0.201
1929,6,hydro,9800.0,0.058
1929,6,wind,0.0,0.274
1929,6,solar,0.0,0.228
1929,6,biomass,3600.0,-0.052
1929,6,coal,8190.0,-0.068
1929,6,gas,344.167,-0.028
1929,6,oil,1207.5,-0.028
1929,7,hydro,9143.524,-0.116
1929,7,wind,0.0,0.058
1929,7,solar,0.0,0.017
1929,7,biomass,3600.0,0.171
1929,7,coal,5620.502,0.042
1929,7,gas,236.189,0.27
1929,7,oil,828.664,0.022
1929,8,hydro,7350.0,0.008
1929,8,wind,0.0,0.363
1929,8,solar,0.0,0.439
1929,8,biomass,3600.0,0.256
1929,8,coal,4680.0,-0.095
1929,8,gas,196.667,0.426
1929,8,oil,690.0,0.319
1929,9,hydro,4900.0,0.399
1929,9,wind,0.0,0.443
1929,9,solar,0.0,0.368
1929,9,biomass,3600.0,-0.076
1929,9,coal,5620.502,0.368
1929,9,gas,236.189,-0.002
1929,9,oil,828.664,0.275
1929,10,hydro,2450.0,0.345
1929,10,wind,0.0,0.305
1929,10,solar,0.0,0.254
1929,10,biomass,3600.0,0.142
1929,10,coal,8190.0,0.194
1929,10,gas,344.167,0.009
1929,10,oil,1207.5,0.097
1929,11,hydro,656.476,0.119
1929,11,wind,0.0,0.228
1929,11,solar,0.0,0.376
1929,11,biomass,3600.0,-0.096
1929,11,coal,11700.0,0.157
1929,11,gas,491.667,0.015
1929,11,oil,1725.0,0.41
1929,12,hydro,0.0,0.069
1929,12,wind,0.0,0.418
1929,12,solar,0.0,0.044
1929,12,biomass,3600.0,-0.151
1929,12,coal,15210.0,0.312
1929,12,gas,639.167,0.288
1929,12,oil,2242.5,0.287
1930,1,hydro,669.873,0.135
1930,1,wind,0.0,0.258
1930,1,solar,0.0,0.075
1930,1,biomass,3666.667,-0.102
1930,1,coal,18235.383,0.181
1930,1,gas,759.808,-0.009
1930,1,oil,2659.327,0.118
1930,2,hydro,2500.0,-0.013
1930,2,wind,0.0,0.021
1930,2,solar,0.0,0.357
1930,2,biomass,3666.667,0.063
1930,2,coal,19200.0,0.207
1930,2,gas,800.0,0.2
1930,2,oil,2800.0,0.151
1930,3,hydro,5000.0,0.066
1930,3,wind,0.0,0.27
1930,3,solar,0.0,-0.111
1930,3,biomass,3666.667,-0.08
1930,3,coal,18235.383,0.33
1930,3,gas,759.808,0.136
1930,3,oil,2659.327,-0.065
1930,4,hydro,7500.0,0.375
1930,4,wind,0.0,0.125
1930,4,solar,0.0,-0.14
1930,4,biomass,3666.667,0.435
1930,4,coal,15600.0,-0.019
1930,4,gas,650.0,0.273
1930,4,oil,2275.0,-0.061
1930,5,hydro,9330.127,0.25
1930,5,wind,0.0,-0.045
1930,5,solar,0.0,0.42
1930,5,biomass,3666.667,0.024
1930,5,coal,12000.0,0.253
1930,5,gas,500.0,0.01
1930,5,oil,1750.0,0.083
1930,6,hydro,10000.0,0.402
1930,6,wind,0.0,-0.041
1930,6,solar,0.0,0.098
1930,6,biomass,3666.667,0.043
1930,6,coal,8400.0,0.28
1930,6,gas,350.0,0.0
1930,6,oil,1225.0,0.253
1930,7,hydro,9330.127,0.282
1930,7,wind,0.0,-0.139
1930,7,solar,0.0,0.146
1930,7,biomass,3666.667,-0.06
1930,7,coal,5764.617,-0.004
1930,7,gas,240.192,0.268
1930,7,oil,840.673,-0.134
1930,8,hydro,7500.0,0.277
1930,8,wind,0.0,0.35
1930,8,solar,0.0,0.453
1930,8,biomass,3666.667,0.113
1930,8,coal,4800.0,-0.061
1930,8,gas,200.0,-0.098
1930,8,oil,700.0,0.09
1930,9,hydro,5000.0,0.298
1930,9,wind,0.0,-0.079
1930,9,solar,0.0,0.048
1930,9,biomass,3666.667,0.389
1930,9,coal,5764.617,-0.058
1930,9,gas,240.192,0.324
1930,9,oil,840.673,0.312
1930,10,hydro,2500.0,-0.06
1930,10,wind,0.0,0.456
1930,10,solar,0.0,-0.054
1930,10,biomass,3666.667,0.178
1930,10,coal,8400.0,-0.135
1930,10,gas,350.0,0.25
1930,10,oil,1225.0,0.124
1930,11,hydro,669.873,0.293
1930,11,wind,0.0,0.237
1930,11,solar,0.0,-0.049
1930,11,biomass,3666.667,0.107
1930,11,coal,12000.0,0.272
1930,11,gas,500.0,0.376
1930,11,oil,1750.0,-0.088
1930,12,hydro,0.0,-0.08
1930,12,wind,0.0,0.311
1930,12,solar,0.0,0.214
1930,12,biomass,3666.667,0.09
1930,12,coal,15600.0,0.438
1930,12,gas,650.0,0.049
1930,12,oil,2275.0,-0.056
1931,1,hydro,683.27,0.038
1931,1,wind,0.0,-0.077
1931,1,solar,0.0,0.204
1931,1,biomass,3733.333,0.232
1931,1,coal,17931.46,0.237
1931,1,gas,835.788,0.339
1931,1,oil,2697.317,0.286
1931,2,hydro,2550.0,0.381
1931,2,wind,0.0,0.267
1931,2,solar,0.0,0.053
1931,2,biomass,3733.333,0.183
1931,2,coal,18880.0,0.178
1931,2,gas,880.0,0.321
1931,2,oil,2840.0,0.049
1931,3,hydro,5100.0,-0.095
1931,3,wind,0.0,0.411
1931,3,solar,0.0,0.445
1931,3,biomass,3733.333,0.169
1931,3,coal,17931.46,-0.06
1931,3,gas,835.788,0.172
1931,3,oil,2697.317,0.228
1931,4,hydro,7650.0,0.189
1931,4,wind,0.0,0.459
1931,4,solar,0.0,0.464
1931,4,biomass,3733.333,0.432
1931,4,coal,15340.0,-0.049
1931,4,gas,715.0,0.388
1931,4,oil,2307.5,0.213
1931,5,hydro,9516.73,0.091
1931,5,wind,0.0,0.282
1931,5,solar,0.0,0.33
1931,5,biomass,3733.333,0.445
1931,5,coal,11800.0,0.334
1931,5,gas,550.0,-0.118
1931,5,oil,1775.0,-0.087
1931,6,hydro,10200.0,0.029
1931,6,wind,0.0,-0.104
1931,6,solar,0.0,-0.092
1931,6,biomass,3733.333,0.346
1931,6,coal,8260.0,0.176
1931,6,gas,385.0,0.249
1931,6,oil,1242.5,0.173
1931,7,hydro,9516.73,0.121
1931,7,wind,0.0,0.293
1931,7,solar,0.0,-0.079
1931,7,biomass,3733.333,0.194
1931,7,coal,5668.54,0.242
1931,7,gas,264.212,0.038
1931,7,oil,852.683,0.058
1931,8,hydro,7650.0,0.179
1931,8,wind,0.0,-0.006
1931,8,solar,0.0,0.357
1931,8,biomass,3733.333,0.194
1931,8,coal,4720.0,0.106
1931,8,gas,220.0,0.253
1931,8,oil,710.0,0.373
1931,9,hydro,5100.0,0.281
1931,9,wind,0.0,-0.088
1931,9,solar,0.0,0.291
1931,9,biomass,3733.333,0.31
1931,9,coal,5668.54,0.38
1931,9,gas,264.212,-0.093
1931,9,oil,852.683,-0.076
1931,10,hydro,2550.0,0.133
1931,10,wind,0.0,0.144
1931,10,solar,0.0,0.237
1931,10,biomass,3733.333,0.058
1931,10,coal,8260.0,0.317
1931,10,gas,385.0,0.316
1931,10,oil,1242.5,-0.056
1931,11,hydro,683.27,0.297
1931,11,wind,0.0,0.293
1931,11,solar,0.0,-0.03
1931,11,biomass,3733.333,0.444
1931,11,coal,11800.0,0.186
1931,11,gas,550.0,0.342
1931,11,oil,1775.0,0.304
1931,12,hydro,0.0,-0.028
1931,12,wind,0.0,-0.052
1931,12,solar,0.0,0.341
1931,12,biomass,3733.333,0.033
1931,12,coal,15340.0,0.404
1931,12,gas,715.0,0.335
1931,12,oil,2307.5,-0.11
1932,1,hydro,696.668,0.368
1932,1,wind,0.0,0.047
1932,1,solar,0.0,-0.078
1932,1,biomass,3800.0,0.311
1932,1,coal,17627.537,0.23
1932,1,gas,911.769,-0.07
1932,1,oil,2735.307,0.157
1932,2,hydro,2600.0,0.1
1932,2,wind,0.0,0.184
1932,2,solar,0.0,0.224
1932,2,biomass,3800.0,0.105
1932,2,coal,18560.0,0.037
1932,2,gas,960.0,-0.054
1932,2,oil,2880.0,0.228
1932,3,hydro,5200.0,0.318
1932,3,wind,0.0,0.021
1932,3,solar,0.0,0.189
1932,3,biomass,3800.0,-0.09
1932,3,coal,17627.537,0.402
1932,3,gas,911.769,0.031
1932,3,oil,2735.307,0.167
1932,4,hydro,7800.0,0.114
1932,4,wind,0.0,-0.026
1932,4,solar,0.0,0.443
1932,4,biomass,3800.0,0.398
1932,4,coal,15080.0,0.216
1932,4,gas,780.0,0.432
1932,4,oil,2340.0,0.328
1932,5,hydro,9703.332,0.136
1932,5,wind,0.0,0.077
1932,5,solar,0.0,0.134
1932,5,biomass,3800.0,0.316
1932,5,coal,11600.0,0.047
1932,5,gas,600.0,-0.069
1932,5,oil,1800.0,0.108
1932,6,hydro,10400.0,0.185
1932,6,wind,0.0,0.425
1932,6,solar,0.0,-0.008
1932,6,biomass,3800.0,0.367
1932,6,coal,8120.0,0.473
1932,6,gas,420.0,0.456
1932,6,oil,1260.0,-0.075
1932,7,hydro,9703.332,0.163
1932,7,wind,0.0,0.053
1932,7,solar,0.0,0.391
1932,7,biomass,3800.0,0.08
1932,7,coal,5572.463,0.216
1932,7,gas,288.231,-0.111
1932,7,oil,864.693,0.004
1932,8,hydro,7800.0,0.222
1932,8,wind,0.0,0.066
1932,8,solar,0.0,0.258
1932,8,biomass,3800.0,0.162
1932,8,coal,4640.0,0.239
1932,8,gas,240.0,0.18
1932,8,oil,720.0,0.348
1932,9,hydro,5200.0,0.001
1932,9,wind,0.0,0.424
1932,9,solar,0.0,0.34
1932,9,biomass,3800.0,0.031
1932,9,coal,5572.463,-0.112
1932,9,gas,288.231,0.13
1932,9,oil,864.693,0.024
1932,10,hydro,2600.0,0.092
1932,10,wind,0.0,0.388
1932,10,solar,0.0,0.41
1932,10,biomass,3800.0,0.455
1932,10,coal,8120.0,-0.115
1932,10,gas,420.0,0.278
1932,10,oil,1260.0,0.393
1932,11,hydro,696.668,0.32
1932,11,wind,0.0,-0.054
1932,11,solar,0.0,0.202
1932,11,biomass,3800.0,0.027
1932,11,coal,11600.0,0.179
1932,11,gas,600.0,-0.08
1932,11,oil,1800.0,0.482
1932,12,hydro,0.0,0.311
1932,12,wind,0.0,-0.06
1932,12,solar,0.0,0.437
1932,12,biomass,3800.0,0.422
1932,12,coal,15080.0,0.196
1932,12,gas,780.0,0.305
1932,12,oil,2340.0,0.107
1933,1,hydro,710.065,0.481
1933,1,wind,0.0,-0.053
1933,1,solar,0.0,-0.047
1933,1,biomass,3866.667,-0.024
1933,1,coal,17323.614,0.388
1933,1,gas,987.75,-0.059
1933,1,oil,2773.298,0.237
1933,2,hydro,2650.0,0.157
1933,2,wind,0.0,0.475
1933,2,solar,0.0,0.038
1933,2,biomass,3866.667,0.053
1933,2,coal,18240.0,0.085
1933,2,gas,1040.0,0.376
1933,2,oil,2920.0,0.316
1933,3,hydro,5300.0,0.337
1933,3,wind,0.0,0.087
1933,3,solar,0.0,0.059
1933,3,biomass,3866.667,-0.059
1933,3,coal,17323.614,0.018
1933,3,gas,987.75,0.364
1933,3,oil,2773.298,0.247
1933,4,hydro,7950.0,-0.011
1933,4,wind,0.0,-0.005
1933,4,solar,0.0,0.176
1933,4,biomass,3866.667,0.14
1933,4,coal,14820.0,0.218
1933,4,gas,845.0,0.475
1933,4,oil,2372.5,0.021
1933,5,hydro,9889.935,0.081
1933,5,wind,0.0,0.055
1933,5,solar,0.0,-0.032
1933,5,biomass,3866.667,-0.009
1933,5,coal,11400.0,0.308
1933,5,gas,650.0,0.392
1933,5,oil,1825.0,0.314
1933,6,hydro,10600.0,-0.08
1933,6,wind,0.0,0.398
1933,6,solar,0.0,0.093
1933,6,biomass,3866.667,-0.049
1933,6,coal,7980.0,0.045
1933,6,gas,455.0,0.109
1933,6,oil,1277.5,0.204
1933,7,hydro,9889.935,0.302
1933,7,wind,0.0,0.052
1933,7,solar,0.0,0.49
1933,7,biomass,3866.667,-0.085
1933,7,coal,5476.386,0.139
1933,7,gas,312.25,0.167
1933,7,oil,876.702,0.345
1933,8,hydro,7950.0,0.046
1933,8,wind,0.0,0.173
1933,8,solar,0.0,0.378
1933,8,biomass,3866.667,-0.02
1933,8,coal,4560.0,-0.097
1933,8,gas,260.0,0.394
1933,8,oil,730.0,0.486
1933,9,hydro,5300.0,-0.026
1933,9,wind,0.0,0.39
1933,9,solar,0.0,0.119
1933,9,biomass,3866.667,0.274
1933,9,coal,5476.386,0.283
1933,9,gas,312.25,0.245
1933,9,oil,876.702,0.051
1933,10,hydro,2650.0,0.384
1933,10,wind,0.0,-0.091
1933,10,solar,0.0,-0.065
1933,10,biomass,3866.667,0.437
1933,10,coal,7980.0,0.162
1933,10,gas,455.0,-0.027
1933,10,oil,1277.5,0.439
1933,11,hydro,710.065,0.394
1933,11,wind,0.0,0.095
1933,11,solar,0.0,-0.078
1933,11,biomass,3866.667,0.173
1933,11,coal,11400.0,-0.003
1933,11,gas,650.0,0.24
1933,11,oil,1825.0,0.389
1933,12,hydro,0.0,0.133
1933,12,wind,0.0,-0.086
1933,12,solar,0.0,0.306
1933,12,biomass,3866.667,-0.0
1933,12,coal,14820.0,0.025
1933,12,gas,845.0,0.008
1933,12,oil,2372.5,0.064
1934,1,hydro,723.463,0.438
1934,1,wind,0.0,-0.071
1934,1,solar,0.0,0.28
1934,1,biomass,3933.333,0.055
1934,1,coal,17019.691,0.085
1934,1,gas,1063.731,0.155
1934,1,oil,2811.288,0.238
1934,2,hydro,2700.0,-0.055
1934,2,wind,0.0,0.076
1934,2,solar,0.0,-0.01
1934,2,biomass,3933.333,0.028
1934,2,coal,17920.0,0.439
1934,2,gas,1120.0,0.223
1934,2,oil,2960.0,0.286
1934,3,hydro,5400.0,0.389
1934,3,wind,0.0,0.385
1934,3,solar,0.0,0.502
1934,3,biomass,3933.333,0.377
1934,3,coal,17019.691,0.123
1934,3,gas,1063.731,0.235
1934,3,oil,2811.288,0.199
1934,4,hydro,8100.0,0.456
1934,4,wind,0.0,0.209
1934,4,solar,0.0,0.141
1934,4,biomass,3933.333,0.016
1934,4,coal,14560.0,0.099
1934,4,gas,910.0,0.039
1934,4,oil,2405.0,0.445
1934,5,hydro,10076.537,0.375
1934,5,wind,0.0,-0.057
1934,5,solar,0.0,0.503
1934,5,biomass,3933.333,0.226
1934,5,coal,11200.0,0.368
1934,5,gas,700.0,0.508
1934,5,oil,1850.0,0.492
1934,6,hydro,10800.0,-0.032
1934,6,wind,0.0,0.302
1934,6,solar,0.0,0.068
1934,6,biomass,3933.333,0.398
1934,6,coal,7840.0,0.458
1934,6,gas,490.0,-0.058
1934,6,oil,1295.0,0.506
1934,7,hydro,10076.537,0.04
1934,7,wind,0.0,0.416
1934,7,solar,0.0,0.386
1934,7,biomass,3933.333,0.121
1934,7,coal,5380.309,0.412
1934,7,gas,336.269,0.415
1934,7,oil,888.712,0.014
1934,8,hydro,8100.0,0.264
1934,8,wind,0.0,0.392
1934,8,solar,0.0,0.327
1934,8,biomass,3933.333,0.456
1934,8,coal,4480.0,-0.075
1934,8,gas,280.0,0.328
1934,8,oil,740.0,0.477
1934,9,hydro,5400.0,0.246
1934,9,wind,0.0,0.246
1934,9,solar,0.0,0.021
1934,9,biomass,3933.333,0.501
1934,9,coal,5380.309,0.437
1934,9,gas,336.269,0.203
1934,9,oil,888.712,0.093
1934,10,hydro,2700.0,0.202
1934,10,wind,0.0,-0.038
1934,10,solar,0.0,0.048
1934,10,biomass,3933.333,0.039
1934,10,coal,7840.0,0.224
1934,10,gas,490.0,-0.092
1934,10,oil,1295.0,0.459
1934,11,hydro,723.463,0.029
1934,11,wind,0.0,-0.014
1934,11,solar,0.0,0.338
1934,11,biomass,3933.333,0.459
1934,11,coal,11200.0,0.415
1934,11,gas,700.0,0.102
1934,11,oil,1850.0,-0.079
1934,12,hydro,0.0,0.26
1934,12,wind,0.0,0.458
1934,12,solar,0.0,0.373
1934,12,biomass,3933.333,0.416
1934,12,coal,14560.0,0.424
1934,12,gas,910.0,0.484
1934,12,oil,2405.0,0.132
1935,1,hydro,736.86,0.485
1935,1,wind,0.0,0.157
1935,1,solar,0.0,-0.019
1935,1,biomass,4000.0,0.101
1935,1,coal,16715.768,0.002
1935,1,gas,1139.711,0.015
1935,1,oil,2849.279,0.489
1935,2,hydro,2750.0,0.395
1935,2,wind,0.0,0.496
1935,2,solar,0.0,0.31
1935,2,biomass,4000.0,0.025
1935,2,coal,17600.0,0.501
1935,2,gas,1200.0,0.336
1935,2,oil,3000.0,0.477
1935,3,hydro,5500.0,0.392
1935,3,wind,0.0,0.054
1935,3,solar,0.0,0.273
1935,3,biomass,4000.0,0.025
1935,3,coal,16715.768,0.104
1935,3,gas,1139.711,0.333
1935,3,oil,2849.279,-0.004
1935,4,hydro,8250.0,0.357
1935,4,wind,0.0,0.489
1935,4,solar,0.0,0.489
1935,4,biomass,4000.0,0.155
1935,4,coal,14300.0,0.517
1935,4,gas,975.0,0.499
1935,4,oil,2437.5,-0.061
1935,5,hydro,10263.14,0.281
1935,5,wind,0.0,0.473
1935,5,solar,0.0,0.501
1935,5,biomass,4000.0,0.053
1935,5,coal,11000.0,0.259
1935,5,gas,750.0,0.482
1935,5,oil,1875.0,0.004
1935,6,hydro,11000.0,0.367
1935,6,wind,0.0,0.063
1935,6,solar,0.0,0.509
1935,6,biomass,4000.0,0.021
1935,6,coal,7700.0,0.451
1935,6,gas,525.0,-0.027
1935,6,oil,1312.5,0.345
1935,7,hydro,10263.14,0.303
1935,7,wind,0.0,0.452
1935,7,solar,0.0,0.188
1935,7,biomass,4000.0,0.079
1935,7,coal,5284.232,0.07
1935,7,gas,360.289,-0.039
1935,7,oil,900.721,0.074
1935,8,hydro,8250.0,-0.015
1935,8,wind,0.0,-0.079
1935,8,solar,0.0,0.152
1935,8,biomass,4000.0,0.36
1935,8,coal,4400.0,0.501
1935,8,gas,300.0,0.451
1935,8,oil,750.0,0.216
1935,9,hydro,5500.0,0.147
1935,9,wind,0.0,0.248
1935,9,solar,0.0,-0.019
1935,9,biomass,4000.0,0.208
1935,9,coal,5284.232,0.438
1935,9,gas,360.289,0.311
1935,9,oil,900.721,0.332
1935,10,hydro,2750.0,0.018
1935,10,wind,0.0,-0.036
1935,10,solar,0.0,0.427
1935,10,biomass,4000.0,0.097
1935,10,coal,7700.0,0.111
1935,10,gas,525.0,0.491
1935,10,oil,1312.5,-0.035
1935,11,hydro,736.86,0.022
1935,11,wind,0.0,0.145
1935,11,solar,0.0,0.359
1935,11,biomass,4000.0,0.248
1935,11,coal,11000.0,0.459
1935,11,gas,750.0,-0.024
1935,11,oil,1875.0,0.276
1935,12,hydro,0.0,0.288
1935,12,wind,0.0,0.21
1935,12,solar,0.0,-0.061
1935,12,biomass,4000.0,0.485
1935,12,coal,14300.0,0.019
1935,12,gas,975.0,0.454
1935,12,oil,2437.5,0.014
1936,1,hydro,750.258,-0.007
1936,1,wind,0.0,0.055
1936,1,solar,0.0,0.046
1936,1,biomass,4066.667,0.35
1936,1,coal,16411.845,0.365
1936,1,gas,1215.692,0.37
1936,1,oil,2887.269,0.091
1936,2,hydro,2800.0,0.101
1936,2,wind,0.0,0.075
1936,2,solar,0.0,-0.038
1936,2,biomass,4066.667,0.275
1936,2,coal,17280.0,0.436
1936,2,gas,1280.0,0.024
1936,2,oil,3040.0,0.148
1936,3,hydro,5600.0,0.189
1936,3,wind,0.0,0.109
1936,3,solar,0.0,0.329
1936,3,biomass,4066.667,0.292
1936,3,coal,16411.845,0.052
1936,3,gas,1215.692,-0.053
1936,3,oil,2887.269,0.034
1936,4,hydro,8400.0,0.107
1936,4,wind,0.0,-0.019
1936,4,solar,0.0,0.438
1936,4,biomass,4066.667,0.117
1936,4,coal,14040.0,0.17
1936,4,gas,1040.0,0.225
1936,4,oil,2470.0,0.329
1936,5,hydro,10449.742,-0.013
1936,5,wind,0.0,0.258
1936,5,solar,0.0,0.043
1936,5,biomass,4066.667,0.463
1936,5,coal,10800.0,0.154
1936,5,gas,800.0,0.199
1936,5,oil,1900.0,0.09
1936,6,hydro,11200.0,0.211
1936,6,wind,0.0,0.068
1936,6,solar,0.0,0.093
1936,6,biomass,4066.667,-0.031
1936,6,coal,7560.0,0.383
1936,6,gas,560.0,0.332
1936,6,oil,1330.0,-0.017
1936,7,hydro,10449.742,0.138
1936,7,wind,0.0,0.257
1936,7,solar,0.0,0.514
1936,7,biomass,4066.667,0.286
1936,7,coal,5188.155,0.264
1936,7,gas,384.308,0.436
1936,7,oil,912.731,0.423
1936,8,hydro,8400.0,0.183
1936,8,wind,0.0,0.253
1936,8,solar,0.0,0.452
1936,8,biomass,4066.667,0.217
1936,8,coal,4320.0,0.461
1936,8,gas,320.0,0.218
1936,8,oil,760.0,-0.021
1936,9,hydro,5600.0,0.474
1936,9,wind,0.0,0.361
1936,9,solar,0.0,0.233
1936,9,biomass,4066.667,0.472
1936,9,coal,5188.155,0.412
1936,9,gas,384.308,0.339
1936,9,oil,912.731,0.304
1936,10,hydro,2800.0,0.004
1936,10,wind,0.0,0.386
1936,10,solar,0.0,0.036
1936,10,biomass,4066.667,0.523
1936,10,coal,7560.0,0.515
1936,10,gas,560.0,0.417
1936,10,oil,1330.0,0.008
1936,11,hydro,750.258,0.186
1936,11,wind,0.0,0.525
1936,11,solar,0.0,0.193
1936,11,biomass,4066.667,0.53
1936,11,coal,10800.0,0.308
1936,11,gas,800.0,0.432
1936,11,oil,1900.0,0.087
1936,12,hydro,0.0,0.478
1936,12,wind,0.0,0.481
1936,12,solar,0.0,-0.028
1936,12,biomass,4066.667,0.165
1936,12,coal,14040.0,0.17
1936,12,gas,1040.0,0.128
1936,12,oil,2470.0,0.098
1937,1,hydro,763.655,0.219
1937,1,wind,0.0,0.468
1937,1,solar,0.0,0.416
1937,1,biomass,4133.333,0.318
1937,1,coal,16107.922,0.258
1937,1,gas,1291.673,0.196
1937,1,oil,2925.259,0.193
1937,2,hydro,2850.0,0.033
1937,2,wind,0.0,0.297
1937,2,solar,0.0,0.399
1937,2,biomass,4133.333,0.508
1937,2,coal,16960.0,0.499
1937,2,gas,1360.0,0.282
1937,2,oil,3080.0,0.005
1937,3,hydro,5700.0,0.116
1937,3,wind,0.0,0.265
1937,3,solar,0.0,0.15
1937,3,biomass,4133.333,0.191
1937,3,coal,16107.922,0.174
1937,3,gas,1291.673,0.235
1937,3,oil,2925.259,0.309
1937,4,hydro,8550.0,-0.034
1937,4,wind,0.0,0.109
1937,4,solar,0.0,0.03
1937,4,biomass,4133.333,0.309
1937,4,coal,13780.0,0.36
1937,4,gas,1105.0,-0.033
1937,4,oil,2502.5,0.478
1937,5,hydro,10636.345,0.143
1937,5,wind,0.0,0.087
1937,5,solar,0.0,0.391
1937,5,biomass,4133.333,0.497
1937,5,coal,10600.0,0.482
1937,5,gas,850.0,-0.044
1937,5,oil,1925.0,0.434
1937,6,hydro,11400.0,0.126
1937,6,wind,0.0,0.112
1937,6,solar,0.0,0.239
1937,6,biomass,4133.333,0.362
1937,6,coal,7420.0,0.003
1937,6,gas,595.0,0.465
1937,6,oil,1347.5,0.025
1937,7,hydro,10636.345,0.529
1937,7,wind,0.0,0.21
1937,7,solar,0.0,0.439
1937,7,biomass,4133.333,0.106
1937,7,coal,5092.078,0.194
1937,7,gas,408.327,0.331
1937,7,oil,924.741,0.057
1937,8,hydro,8550.0,0.071
1937,8,wind,0.0,0.438
1937,8,solar,0.0,0.389
1937,8,biomass,4133.333,0.4
1937,8,coal,4240.0,0.464
1937,8,gas,340.0,0.437
1937,8,oil,770.0,0.253
1937,9,hydro,5700.0,0.039
1937,9,wind,0.0,0.131
1937,9,solar,0.0,0.248
1937,9,biomass,4133.333,0.025
1937,9,coal,5092.078,0.455
1937,9,gas,408.327,0.472
1937,9,oil,924.741,-0.039
1937,10,hydro,2850.0,0.06
1937,10,wind,0.0,0.444
1937,10,solar,0.0,0.446
1937,10,biomass,4133.333,0.094
1937,10,coal,7420.0,0.218
1937,10,gas,595.0,0.495
1937,10,oil,1347.5,0.367
1937,11,hydro,763.655,0.108
1937,11,wind,0.0,0.438
1937,11,solar,0.0,0.247
1937,11,biomass,4133.333,0.325
1937,11,coal,10600.0,0.018
1937,11,gas,850.0,-0.038
1937,11,oil,1925.0,0.167
1937,12,hydro,0.0,0.3
1937,12,wind,0.0,0.051
1937,12,solar,0.0,0.466
1937,12,biomass,4133.333,0.296
1937,12,coal,13780.0,0.154
1937,12,gas,1105.0,0.042
1937,12,oil,2502.5,0.481
1938,1,hydro,777.053,0.405
1938,1,wind,0.0,0.369
1938,1,solar,0.0,0.127
1938,1,biomass,4200.0,0.188
1938,1,coal,15803.999,0.054
1938,1,gas,1367.654,0.299
1938,1,oil,2963.25,0.535
1938,2,hydro,2900.0,0.47
1938,2,wind,0.0,0.344
1938,2,solar,0.0,0.363
1938,2,biomass,4200.0,0.117
1938,2,coal,16640.0,0.202
1938,2,gas,1440.0,-0.032
1938,2,oil,3120.0,0.424
1938,3,hydro,5800.0,0.417
1938,3,wind,0.0,-0.039
1938,3,solar,0.0,0.503
1938,3,biomass,4200.0,0.344
1938,3,coal,15803.999,0.317
1938,3,gas,1367.654,-0.039
1938,3,oil,2963.25,0.107
1938,4,hydro,8700.0,0.439
1938,4,wind,0.0,0.139
1938,4,solar,0.0,0.536
1938,4,biomass,4200.0,0.342
1938,4,coal,13520.0,0.21
1938,4,gas,1170.0,0.182
1938,4,oil,2535.0,0.165
1938,5,hydro,10822.947,0.107
1938,5,wind,0.0,0.236
1938,5,solar,0.0,0.362
1938,5,biomass,4200.0,0.451
1938,5,coal,10400.0,0.194
1938,5,gas,900.0,0.017
1938,5,oil,1950.0,0.263
1938,6,hydro,11600.0,0.353
1938,6,wind,0.0,0.462
1938,6,solar,0.0,0.181
1938,6,biomass,4200.0,0.344
1938,6,coal,7280.0,0.321
1938,6,gas,630.0,0.135
1938,6,oil,1365.0,0.021
1938,7,hydro,10822.947,-0.006
1938,7,wind,0.0,0.549
1938,7,solar,0.0,0.34
1938,7,biomass,4200.0,0.473
1938,7,coal,4996.001,0.113
1938,7,gas,432.346,0.383
1938,7,oil,936.75,0.491
1938,8,hydro,8700.0,0.135
1938,8,wind,0.0,0.046
1938,8,solar,0.0,0.415
1938,8,biomass,4200.0,0.496
1938,8,coal,4160.0,0.439
1938,8,gas,360.0,0.437
1938,8,oil,780.0,0.316
1938,9,hydro,5800.0,0.352
1938,9,wind,0.0,0.364
1938,9,solar,0.0,0.389
1938,9,biomass,4200.0,0.349
1938,9,coal,4996.001,0.554
1938,9,gas,432.346,0.112
1938,9,oil,936.75,0.207
1938,10,hydro,2900.0,0.189
1938,10,wind,0.0,-0.023
1938,10,solar,0.0,0.381
1938,10,biomass,4200.0,0.299
1938,10,coal,7280.0,0.07
1938,10,gas,630.0,0.392
1938,10,oil,1365.0,0.089
1938,11,hydro,777.053,0.277
1938,11,wind,0.0,0.427
1938,11,solar,0.0,0.5
1938,11,biomass,4200.0,0.359
1938,11,coal,10400.0,0.26
1938,11,gas,900.0,0.463
1938,11,oil,1950.0,0.46
1938,12,hydro,0.0,0.482
1938,12,wind,0.0,0.065
1938,12,solar,0.0,0.015
1938,12,biomass,4200.0,0.033
1938,12,coal,13520.0,0.111
1938,12,gas,1170.0,0.441
1938,12,oil,2535.0,0.414
1939,1,hydro,790.45,0.078
1939,1,wind,0.0,0.376
1939,1,solar,0.0,0.169
1939,1,biomass,4266.667,0.022
1939,1,coal,15500.075,0.181
1939,1,gas,1443.634,0.415
1939,1,oil,3001.24,0.152
1939,2,hydro,2950.0,0.441
1939,2,wind,0.0,0.167
1939,2,solar,0.0,0.124
1939,2,biomass,4266.667,0.144
1939,2,coal,16320.0,0.479
1939,2,gas,1520.0,0.25
1939,2,oil,3160.0,0.488
1939,3,hydro,5900.0,0.318
1939,3,wind,0.0,0.535
1939,3,solar,0.0,0.011
1939,3,biomass,4266.667,0.502
1939,3,coal,15500.075,0.268
1939,3,gas,1443.634,0.488
1939,3,oil,3001.24,0.197
1939,4,hydro,8850.0,0.147
1939,4,wind,0.0,0.0
1939,4,solar,0.0,0.481
1939,4,biomass,4266.667,0.05
1939,4,coal,13260.0,0.088
1939,4,gas,1235.0,0.214
1939,4,oil,2567.5,0.31
1939,5,hydro,11009.55,0.512
1939,5,wind,0.0,0.243
1939,5,solar,0.0,0.158
1939,5,biomass,4266.667,0.397
1939,5,coal,10200.0,0.435
1939,5,gas,950.0,0.261
1939,5,oil,1975.0,0.347
1939,6,hydro,11800.0,0.074
1939,6,wind,0.0,0.349
1939,6,solar,0.0,-0.029
1939,6,biomass,4266.667,0.132
1939,6,coal,7140.0,0.425
1939,6,gas,665.0,0.069
1939,6,oil,1382.5,0.427
1939,7,hydro,11009.55,0.262
1939,7,wind,0.0,0.426
1939,7,solar,0.0,0.021
1939,7,biomass,4266.667,0.337
1939,7,coal,4899.925,0.348
1939,7,gas,456.366,0.21
1939,7,oil,948.76,0.547
1939,8,hydro,8850.0,0.198
1939,8,wind,0.0,-0.009
1939,8,solar,0.0,0.088
1939,8,biomass,4266.667,0.192
1939,8,coal,4080.0,-0.024
1939,8,gas,380.0,0.161
1939,8,oil,790.0,0.468
1939,9,hydro,5900.0,0.082
1939,9,wind,0.0,0.374
1939,9,solar,0.0,0.344
1939,9,biomass,4266.667,0.117
1939,9,coal,4899.925,0.384
1939,9,gas,456.366,0.175
1939,9,oil,948.76,0.045
1939,10,hydro,2950.0,0.198
1939,10,wind,0.0,0.321
1939,10,solar,0.0,0.068
1939,10,biomass,4266.667,0.462
1939,10,coal,7140.0,0.147
1939,10,gas,665.0,0.142
1939,10,oil,1382.5,0.405
1939,11,hydro,790.45,0.326
1939,11,wind,0.0,0.171
1939,11,solar,0.0,0.501
1939,11,biomass,4266.667,0.565
1939,11,coal,10200.0,0.174
1939,11,gas,950.0,0.509
1939,11,oil,1975.0,0.184
1939,12,hydro,0.0,0.081
1939,12,wind,0.0,0.537
1939,12,solar,0.0,0.519
1939,12,biomass,4266.667,0.21
1939,12,coal,13260.0,0.105
1939,12,gas,1235.0,0.404
1939,12,oil,2567.5,0.047
1940,1,hydro,803.848,0.42
1940,1,wind,0.0,0.334
1940,1,solar,0.0,0.081
1940,1,biomass,4333.333,0.2
1940,1,coal,15196.152,0.37
1940,1,gas,1519.615,0.002
1940,1,oil,3039.23,0.506
1940,2,hydro,3000.0,0.133
1940,2,wind,0.0,0.301
1940,2,solar,0.0,0.009
1940,2,biomass,4333.333,0.577
1940,2,coal,16000.0,0.377
1940,2,gas,1600.0,0.372
1940,2,oil,3200.0,-0.008
1940,3,hydro,6000.0,0.394
1940,3,wind,0.0,0.23
1940,3,solar,0.0,0.208
1940,3,biomass,4333.333,0.308
1940,3,coal,15196.152,0.265
1940,3,gas,1519.615,0.072
1940,3,oil,3039.23,0.397
1940,4,hydro,9000.0,0.358
1940,4,wind,0.0,0.161
1940,4,solar,0.0,0.377
1940,4,biomass,4333.333,0.377
1940,4,coal,13000.0,0.142
1940,4,gas,1300.0,0.343
1940,4,oil,2600.0,0.062
1940,5,hydro,11196.152,0.478
1940,5,wind,0.0,0.043
1940,5,solar,0.0,0.411
1940,5,biomass,4333.333,0.051
1940,5,coal,10000.0,0.048
1940,5,gas,1000.0,0.044
1940,5,oil,2000.0,0.099
1940,6,hydro,12000.0,0.1
1940,6,wind,0.0,0.138
1940,6,solar,0.0,0.294
1940,6,biomass,4333.333,0.101
1940,6,coal,7000.0,0.402
1940,6,gas,700.0,0.157
1940,6,oil,1400.0,0.004
1940,7,hydro,11196.152,0.278
1940,7,wind,0.0,0.105
1940,7,solar,0.0,0.54
1940,7,biomass,4333.333,0.178
1940,7,coal,4803.848,-0.018
1940,7,gas,480.385,0.383
1940,7,oil,960.77,0.524
1940,8,hydro,9000.0,0.481
1940,8,wind,0.0,0.381
1940,8,solar,0.0,0.069
1940,8,biomass,4333.333,0.034
1940,8,coal,4000.0,0.287
1940,8,gas,400.0,0.414
1940,8,oil,800.0,0.041
1940,9,hydro,6000.0,0.134
1940,9,wind,0.0,0.119
1940,9,solar,0.0,0.573
1940,9,biomass,4333.333,0.158
1940,9,coal,4803.848,0.259
1940,9,gas,480.385,0.04
1940,9,oil,960.77,0.085
1940,10,hydro,3000.0,0.004
1940,10,wind,0.0,0.154
1940,10,solar,0.0,0.461
1940,10,biomass,4333.333,0.168
1940,10,coal,7000.0,0.423
1940,10,gas,700.0,0.037
1940,10,oil,1400.0,0.435
1940,11,hydro,803.848,0.008
1940,11,wind,0.0,0.491
1940,11,solar,0.0,0.378
1940,11,biomass,4333.333,0.082
1940,11,coal,10000.0,0.195
1940,11,gas,1000.0,0.243
1940,11,oil,2000.0,0.353
1940,12,hydro,0.0,0.507
1940,12,wind,0.0,0.036
1940,12,solar,0.0,0.469
1940,12,biomass,4333.333,0.09
1940,12,coal,13000.0,0.22
1940,12,gas,1300.0,0.557
1940,12,oil,2600.0,0.143
1941,1,hydro,844.04,0.223
1941,1,wind,0.0,0.502
1941,1,solar,0.0,0.472
1941,1,biomass,4400.0,0.381
1941,1,coal,16335.864,0.47
1941,1,gas,1595.596,0.06
1941,1,oil,3495.115,0.41
1941,2,hydro,3150.0,0.027
1941,2,wind,0.0,0.557
1941,2,solar,0.0,0.088
1941,2,biomass,4400.0,0.242
1941,2,coal,17200.0,0.346
1941,2,gas,1680.0,0.473
1941,2,oil,3680.0,0.399
1941,3,hydro,6300.0,0.101
1941,3,wind,0.0,0.22
1941,3,solar,0.0,0.207
1941,3,biomass,4400.0,0.009
1941,3,coal,16335.864,0.403
1941,3,gas,1595.596,0.495
1941,3,oil,3495.115,0.576
1941,4,hydro,9450.0,0.07
1941,4,wind,0.0,0.544
1941,4,solar,0.0,0.06
1941,4,biomass,4400.0,0.239
1941,4,coal,13975.0,0.02
1941,4,gas,1365.0,0.149
1941,4,oil,2990.0,0.181
1941,5,hydro,11755.96,0.415
1941,5,wind,0.0,0.399
1941,5,solar,0.0,0.453
1941,5,biomass,4400.0,0.338
1941,5,coal,10750.0,0.331
1941,5,gas,1050.0,0.579
1941,5,oil,2300.0,0.394
1941,6,hydro,12600.0,0.195
1941,6,wind,0.0,0.306
1941,6,solar,0.0,0.412
1941,6,biomass,4400.0,0.049
1941,6,coal,7525.0,0.389
1941,6,gas,735.0,0.141
1941,6,oil,1610.0,0.199
1941,7,hydro,11755.96,0.398
1941,7,wind,0.0,0.223
1941,7,solar,0.0,0.495
1941,7,biomass,4400.0,0.327
1941,7,coal,5164.136,0.585
1941,7,gas,504.404,0.025
1941,7,oil,1104.885,0.378
1941,8,hydro,9450.0,0.086
1941,8,wind,0.0,0.501
1941,8,solar,0.0,0.503
1941,8,biomass,4400.0,0.514
1941,8,coal,4300.0,0.037
1941,8,gas,420.0,0.287
1941,8,oil,920.0,0.137
1941,9,hydro,6300.0,0.574
1941,9,wind,0.0,0.022
1941,9,solar,0.0,0.126
1941,9,biomass,4400.0,0.378
1941,9,coal,5164.136,0.234
1941,9,gas,504.404,0.133
1941,9,oil,1104.885,0.267
1941,10,hydro,3150.0,0.473
1941,10,wind,0.0,0.261
1941,10,solar,0.0,0.506
1941,10,biomass,4400.0,0.26
1941,10,coal,7525.0,0.063
1941,10,gas,735.0,0.29
1941,10,oil,1610.0,0.384
1941,11,hydro,844.04,0.054
1941,11,wind,0.0,0.239
1941,11,solar,0.0,0.326
1941,11,biomass,4400.0,-0.008
1941,11,coal,10750.0,0.047
1941,11,gas,1050.0,0.355
1941,11,oil,2300.0,0.363
1941,12,hydro,0.0,0.175
1941,12,wind,0.0,0.297
1941,12,solar,0.0,0.116
1941,12,biomass,4400.0,0.395
1941,12,coal,13975.0,0.562
1941,12,gas,1365.0,0.21
1941,12,oil,2990.0,0.025
1942,1,hydro,884.232,0.138
1942,1,wind,0.0,0.277
1942,1,solar,0.0,0.34
1942,1,biomass,4466.667,0.376
1942,1,coal,17475.575,0.288
1942,1,gas,1671.577,0.398
1942,1,oil,3951.0,0.434
1942,2,hydro,3300.0,0.072
1942,2,wind,0.0,0.46
1942,2,solar,0.0,0.137
1942,2,biomass,4466.667,0.209
1942,2,coal,18400.0,0.502
1942,2,gas,1760.0,0.583
1942,2,oil,4160.0,0.179
1942,3,hydro,6600.0,0.317
1942,3,wind,0.0,0.425
1942,3,solar,0.0,0.031
1942,3,biomass,4466.667,0.102
1942,3,coal,17475.575,0.088
1942,3,gas,1671.577,0.434
1942,3,oil,3951.0,0.437
1942,4,hydro,9900.0,0.068
1942,4,wind,0.0,0.371
1942,4,solar,0.0,0.117
1942,4,biomass,4466.667,0.562
1942,4,coal,14950.0,0.24
1942,4,gas,1430.0,0.278
1942,4,oil,3380.0,0.473
1942,5,hydro,12315.768,0.434
1942,5,wind,0.0,0.069
1942,5,solar,0.0,0.253
1942,5,biomass,4466.667,0.56
1942,5,coal,11500.0,0.506
1942,5,gas,1100.0,0.357
1942,5,oil,2600.0,0.467
1942,6,hydro,13200.0,0.274
1942,6,wind,0.0,0.399
1942,6,solar,0.0,0.578
1942,6,biomass,4466.667,0.085
1942,6,coal,8050.0,0.303
1942,6,gas,770.0,0.322
1942,6,oil,1820.0,0.033
1942,7,hydro,12315.768,0.565
1942,7,wind,0.0,0.507
1942,7,solar,0.0,0.294
1942,7,biomass,4466.667,0.309
1942,7,coal,5524.425,0.557
1942,7,gas,528.423,0.11
1942,7,oil,1249.0,0.351
1942,8,hydro,9900.0,0.442
1942,8,wind,0.0,0.081
1942,8,solar,0.0,0.236
1942,8,biomass,4466.667,0.364
1942,8,coal,4600.0,0.534
1942,8,gas,440.0,0.306
1942,8,oil,1040.0,0.235
1942,9,hydro,6600.0,0.592
1942,9,wind,0.0,0.554
1942,9,solar,0.0,0.461
1942,9,biomass,4466.667,0.168
1942,9,coal,5524.425,0.582
1942,9,gas,528.423,0.586
1942,9,oil,1249.0,0.276
1942,10,hydro,3300.0,0.084
1942,10,wind,0.0,0.252
1942,10,solar,0.0,0.424
1942,10,biomass,4466.667,0.453
1942,10,coal,8050.0,0.183
1942,10,gas,770.0,0.425
1942,10,oil,1820.0,0.52
1942,11,hydro,884.232,0.431
1942,11,wind,0.0,0.565
1942,11,solar,0.0,0.384
1942,11,biomass,4466.667,0.125
1942,11,coal,11500.0,0.379
1942,11,gas,1100.0,0.178
1942,11,oil,2600.0,0.211
1942,12,hydro,0.0,0.407
1942,12,wind,0.0,0.593
1942,12,solar,0.0,0.394
1942,12,biomass,4466.667,0.579
1942,12,coal,14950.0,0.306
1942,12,gas,1430.0,0.421
1942,12,oil,3380.0,0.197
1943,1,hydro,924.425,0.085
1943,1,wind,0.0,0.227
1943,1,solar,0.0,0.304
1943,1,biomass,4533.333,0.358
1943,1,coal,18615.287,0.416
1943,1,gas,1747.558,0.266
1943,1,oil,4406.884,0.465
1943,2,hydro,3450.0,0.521
1943,2,wind,0.0,0.188
1943,2,solar,0.0,0.524
1943,2,biomass,4533.333,0.501
1943,2,coal,19600.0,0.33
1943,2,gas,1840.0,0.031
1943,2,oil,4640.0,0.103
1943,3,hydro,6900.0,0.418
1943,3,wind,0.0,0.136
1943,3,solar,0.0,0.466
1943,3,biomass,4533.333,0.113
1943,3,coal,18615.287,0.188
1943,3,gas,1747.558,0.166
1943,3,oil,4406.884,0.52
1943,4,hydro,10350.0,0.43
1943,4,wind,0.0,0.193
1943,4,solar,0.0,0.468
1943,4,biomass,4533.333,0.035
1943,4,coal,15925.0,0.504
1943,4,gas,1495.0,0.077
1943,4,oil,3770.0,0.537
1943,5,hydro,12875.575,0.46
1943,5,wind,0.0,0.535
1943,5,solar,0.0,0.461
1943,5,biomass,4533.333,0.353
1943,5,coal,12250.0,0.159
1943,5,gas,1150.0,0.487
1943,5,oil,2900.0,0.495
1943,6,hydro,13800.0,0.189
1943,6,wind,0.0,0.415
1943,6,solar,0.0,0.572
1943,6,biomass,4533.333,0.249
1943,6,coal,8575.0,0.59
1943,6,gas,805.0,0.601
1943,6,oil,2030.0,0.204
1943,7,hydro,12875.575,0.347
1943,7,wind,0.0,0.024
1943,7,solar,0.0,0.167
1943,7,biomass,4533.333,0.388
1943,7,coal,5884.713,0.485
1943,7,gas,552.442,0.538
1943,7,oil,1393.116,0.514
1943,8,hydro,10350.0,0.563
1943,8,wind,0.0,0.439
1943,8,solar,0.0,0.405
1943,8,biomass,4533.333,0.469
1943,8,coal,4900.0,0.344
1943,8,gas,460.0,0.378
1943,8,oil,1160.0,0.482
1943,9,hydro,6900.0,0.595
1943,9,wind,0.0,0.193
1943,9,solar,0.0,0.122
1943,9,biomass,4533.333,0.426
1943,9,coal,5884.713,0.128
1943,9,gas,552.442,0.12
1943,9,oil,1393.116,0.324
1943,10,hydro,3450.0,0.242
1943,10,wind,0.0,0.273
1943,10,solar,0.0,0.35
1943,10,biomass,4533.333,0.094
1943,10,coal,8575.0,0.366
1943,10,gas,805.0,0.169
1943,10,oil,2030.0,0.214
1943,11,hydro,924.425,0.442
1943,11,wind,0.0,0.109
1943,11,solar,0.0,0.108
1943,11,biomass,4533.333,0.21
1943,11,coal,12250.0,0.047
1943,11,gas,1150.0,0.575
1943,11,oil,2900.0,0.385
1943,12,hydro,0.0,0.413
1943,12,wind,0.0,0.31
1943,12,solar,0.0,0.36
1943,12,biomass,4533.333,0.231
1943,12,coal,15925.0,0.486
1943,12,gas,1495.0,0.207
1943,12,oil,3770.0,0.148
1944,1,hydro,964.617,0.138
1944,1,wind,0.0,0.069
1944,1,solar,0.0,0.331
1944,1,biomass,4600.0,0.278
1944,1,coal,19754.998,0.35
1944,1,gas,1823.538,0.083
1944,1,oil,4862.769,0.161
1944,2,hydro,3600.0,0.156
1944,2,wind,0.0,0.227
1944,2,solar,0.0,0.244
1944,2,biomass,4600.0,0.159
1944,2,coal,20800.0,0.48
1944,2,gas,1920.0,0.346
1944,2,oil,5120.0,0.626
1944,3,hydro,7200.0,0.522
1944,3,wind,0.0,0.617
1944,3,solar,0.0,0.033
1944,3,biomass,4600.0,0.429
1944,3,coal,19754.998,0.295
1944,3,gas,1823.538,0.571
1944,3,oil,4862.769,0.396
1944,4,hydro,10800.0,0.401
1944,4,wind,0.0,0.603
1944,4,solar,0.0,0.438
1944,4,biomass,4600.0,0.221
1944,4,coal,16900.0,0.578
1944,4,gas,1560.0,0.595
1944,4,oil,4160.0,0.26
1944,5,hydro,13435.383,0.352
1944,5,wind,0.0,0.198
1944,5,solar,0.0,0.575
1944,5,biomass,4600.0,0.521
1944,5,coal,13000.0,0.253
1944,5,gas,1200.0,0.51
1944,5,oil,3200.0,0.295
1944,6,hydro,14400.0,0.054
1944,6,wind,0.0,0.567
1944,6,solar,0.0,0.144
1944,6,biomass,4600.0,0.336
1944,6,coal,9100.0,0.597
1944,6,gas,840.0,0.128
1944,6,oil,2240.0,0.602
1944,7,hydro,13435.383,0.351
1944,7,wind,0.0,0.032
1944,7,solar,0.0,0.067
1944,7,biomass,4600.0,0.43
1944,7,coal,6245.002,0.492
1944,7,gas,576.462,0.547
1944,7,oil,1537.231,0.283
1944,8,hydro,10800.0,0.09
1944,8,wind,0.0,0.351
1944,8,solar,0.0,0.45
1944,8,biomass,4600.0,0.614
1944,8,coal,5200.0,0.493
1944,8,gas,480.0,0.416
1944,8,oil,1280.0,0.592
1944,9,hydro,7200.0,0.476
1944,9,wind,0.0,0.12
1944,9,solar,0.0,0.304
1944,9,biomass,4600.0,0.227
1944,9,coal,6245.002,0.081
1944,9,gas,576.462,0.061
1944,9,oil,1537.231,0.505
1944,10,hydro,3600.0,0.363
1944,10,wind,0.0,0.373
1944,10,solar,0.0,0.165
1944,10,biomass,4600.0,0.183
1944,10,coal,9100.0,0.261
1944,10,gas,840.0,0.406
1944,10,oil,2240.0,0.288
1944,11,hydro,964.617,0.038
1944,11,wind,0.0,0.432
1944,11,solar,0.0,0.349
1944,11,biomass,4600.0,0.413
1944,11,coal,13000.0,0.399
1944,11,gas,1200.0,0.482
1944,11,oil,3200.0,0.379
1944,12,hydro,0.0,0.449
1944,12,wind,0.0,0.072
1944,12,solar,0.0,0.585
1944,12,biomass,4600.0,0.092
1944,12,coal,16900.0,0.5
1944,12,gas,1560.0,0.209
1944,12,oil,4160.0,0.08
1945,1,hydro,1004.809,0.499
1945,1,wind,0.0,0.303
1945,1,solar,0.0,0.277
1945,1,biomass,4666.667,0.436
1945,1,coal,20894.71,0.324
1945,1,gas,1899.519,0.36
1945,1,oil,5318.653,0.122
1945,2,hydro,3750.0,0.275
1945,2,wind,0.0,0.518
1945,2,solar,0.0,0.367
1945,2,biomass,4666.667,0.616
1945,2,coal,22000.0,0.126
1945,2,gas,2000.0,0.446
1945,2,oil,5600.0,0.589
1945,3,hydro,7500.0,0.517
1945,3,wind,0.0,0.478
1945,3,solar,0.0,0.264
1945,3,biomass,4666.667,0.61
1945,3,coal,20894.71,0.372
1945,3,gas,1899.519,0.373
1945,3,oil,5318.653,0.114
1945,4,hydro,11250.0,0.043
1945,4,wind,0.0,0.398
1945,4,solar,0.0,0.362
1945,4,biomass,4666.667,0.608
1945,4,coal,17875.0,0.223
1945,4,gas,1625.0,0.489
1945,4,oil,4550.0,0.582
1945,5,hydro,13995.191,0.246
1945,5,wind,0.0,0.288
1945,5,solar,0.0,0.428
1945,5,biomass,4666.667,0.348
1945,5,coal,13750.0,0.137
1945,5,gas,1250.0,0.172
1945,5,oil,3500.0,0.541
1945,6,hydro,15000.0,0.157
1945,6,wind,0.0,0.149
1945,6,solar,0.0,0.52
1945,6,biomass,4666.667,0.551
1945,6,coal,9625.0,0.551
1945,6,gas,875.0,0.599
1945,6,oil,2450.0,0.637
1945,7,hydro,13995.191,0.317
1945,7,wind,0.0,0.37
1945,7,solar,0.0,0.214
1945,7,biomass,4666.667,0.08
1945,7,coal,6605.29,0.099
1945,7,gas,600.481,0.475
1945,7,oil,1681.347,0.332
1945,8,hydro,11250.0,0.239
1945,8,wind,0.0,0.117
1945,8,solar,0.0,0.433
1945,8,biomass,4666.667,0.1
1945,8,coal,5500.0,0.412
1945,8,gas,500.0,0.58
1945,8,oil,1400.0,0.231
1945,9,hydro,7500.0,0.31
1945,9,wind,0.0,0.41
1945,9,solar,0.0,0.223
1945,9,biomass,4666.667,0.391
1945,9,coal,6605.29,0.379
1945,9,gas,600.481,0.259
1945,9,oil,1681.347,0.23
1945,10,hydro,3750.0,0.297
1945,10,wind,0.0,0.043
1945,10,solar,0.0,0.188
1945,10,biomass,4666.667,0.173
1945,10,coal,9625.0,0.484
1945,10,gas,875.0,0.302
1945,10,oil,2450.0,0.544
1945,11,hydro,1004.809,0.121
1945,11,wind,0.0,0.48
1945,11,solar,0.0,0.567
1945,11,biomass,4666.667,0.318
1945,11,coal,13750.0,0.255
1945,11,gas,1250.0,0.223
1945,11,oil,3500.0,0.371
1945,12,hydro,0.0,0.145
1945,12,wind,0.0,0.404
1945,12,solar,0.0,0.545
1945,12,biomass,4666.667,0.555
1945,12,coal,17875.0,0.124
1945,12,gas,1625.0,0.363
1945,12,oil,4550.0,0.198
1946,1,hydro,1045.002,0.584
1946,1,wind,0.0,0.098
1946,1,solar,0.0,0.097
1946,1,biomass,4733.333,0.063
1946,1,coal,22034.421,0.356
1946,1,gas,1975.5,0.071
1946,1,oil,5774.538,0.401
1946,2,hydro,3900.0,0.295
1946,2,wind,0.0,0.406
1946,2,solar,0.0,0.596
1946,2,biomass,4733.333,0.383
1946,2,coal,23200.0,0.378
1946,2,gas,2080.0,0.651
1946,2,oil,6080.0,0.335
1946,3,hydro,7800.0,0.517
1946,3,wind,0.0,0.271
1946,3,solar,0.0,0.186
1946,3,biomass,4733.333,0.515
1946,3,coal,22034.421,0.492
1946,3,gas,1975.5,0.227
1946,3,oil,5774.538,0.331
1946,4,hydro,11700.0,0.358
1946,4,wind,0.0,0.29
1946,4,solar,0.0,0.353
1946,4,biomass,4733.333,0.45
1946,4,coal,18850.0,0.561
1946,4,gas,1690.0,0.536
1946,4,oil,4940.0,0.42
1946,5,hydro,14554.998,0.152
1946,5,wind,0.0,0.36
1946,5,solar,0.0,0.32
1946,5,biomass,4733.333,0.159
1946,5,coal,14500.0,0.621
1946,5,gas,1300.0,0.448
1946,5,oil,3800.0,0.633
1946,6,hydro,15600.0,0.494
1946,6,wind,0.0,0.342
1946,6,solar,0.0,0.267
1946,6,biomass,4733.333,0.183
1946,6,coal,10150.0,0.345
1946,6,gas,910.0,0.09
1946,6,oil,2660.0,0.274
1946,7,hydro,14554.998,0.078
1946,7,wind,0.0,0.176
1946,7,solar,0.0,0.597
1946,7,biomass,4733.333,0.269
1946,7,coal,6965.579,0.334
1946,7,gas,624.5,0.325
1946,7,oil,1825.462,0.08
1946,8,hydro,11700.0,0.64
1946,8,wind,0.0,0.246
1946,8,solar,0.0,0.474
1946,8,biomass,4733.333,0.365
1946,8,coal,5800.0,0.55
1946,8,gas,520.0,0.553
1946,8,oil,1520.0,0.21
1946,9,hydro,7800.0,0.379
1946,9,wind,0.0,0.156
1946,9,solar,0.0,0.444
1946,9,biomass,4733.333,0.271
1946,9,coal,6965.579,0.444
1946,9,gas,624.5,0.553
1946,9,oil,1825.462,0.362
1946,10,hydro,3900.0,0.278
1946,10,wind,0.0,0.596
1946,10,solar,0.0,0.362
1946,10,biomass,4733.333,0.264
1946,10,coal,10150.0,0.573
1946,10,gas,910.0,0.344
1946,10,oil,2660.0,0.341
1946,11,hydro,1045.002,0.415
1946,11,wind,0.0,0.353
1946,11,solar,0.0,0.135
1946,11,biomass,4733.333,0.151
1946,11,coal,14500.0,0.098
1946,11,gas,1300.0,0.438
1946,11,oil,3800.0,0.179
1946,12,hydro,0.0,0.164
1946,12,wind,0.0,0.269
1946,12,solar,0.0,0.482
1946,12,biomass,4733.333,0.123
1946,12,coal,18850.0,0.19
1946,12,gas,1690.0,0.539
1946,12,oil,4940.0,0.484
1947,1,hydro,1085.194,0.353
1947,1,wind,0.0,0.351
1947,1,solar,0.0,0.19
1947,1,biomass,4800.0,0.161
1947,1,coal,23174.132,0.564
1947,1,gas,2051.481,0.077
1947,1,oil,6230.422,0.09
1947,2,hydro,4050.0,0.408
1947,2,wind,0.0,0.161
1947,2,solar,0.0,0.442
1947,2,biomass,4800.0,0.088
1947,2,coal,24400.0,0.407
1947,2,gas,2160.0,0.098
1947,2,oil,6560.0,0.219
1947,3,hydro,8100.0,0.172
1947,3,wind,0.0,0.639
1947,3,solar,0.0,0.424
1947,3,biomass,4800.0,0.402
1947,3,coal,23174.132,0.075
1947,3,gas,2051.481,0.496
1947,3,oil,6230.422,0.461
1947,4,hydro,12150.0,0.234
1947,4,wind,0.0,0.115
1947,4,solar,0.0,0.334
1947,4,biomass,4800.0,0.66
1947,4,coal,19825.0,0.584
1947,4,gas,1755.0,0.166
1947,4,oil,5330.0,0.562
1947,5,hydro,15114.806,0.425
1947,5,wind,0.0,0.541
1947,5,solar,0.0,0.556
1947,5,biomass,4800.0,0.173
1947,5,coal,15250.0,0.46
1947,5,gas,1350.0,0.223
1947,5,oil,4100.0,0.499
1947,6,hydro,16200.0,0.27
1947,6,wind,0.0,0.336
1947,6,solar,0.0,0.418
1947,6,biomass,4800.0,0.202
1947,6,coal,10675.0,0.295
1947,6,gas,945.0,0.129
1947,6,oil,2870.0,0.185
1947,7,hydro,15114.806,0.58
1947,7,wind,0.0,0.367
1947,7,solar,0.0,0.316
1947,7,biomass,4800.0,0.154
1947,7,coal,7325.868,0.122
1947,7,gas,648.519,0.35
1947,7,oil,1969.578,0.433
1947,8,hydro,12150.0,0.087
1947,8,wind,0.0,0.534
1947,8,solar,0.0,0.366
1947,8,biomass,4800.0,0.135
1947,8,coal,6100.0,0.353
1947,8,gas,540.0,0.142
1947,8,oil,1640.0,0.426
1947,9,hydro,8100.0,0.561
1947,9,wind,0.0,0.602
1947,9,solar,0.0,0.529
1947,9,biomass,4800.0,0.454
1947,9,coal,7325.868,0.377
1947,9,gas,648.519,0.286
1947,9,oil,1969.578,0.09
1947,10,hydro,4050.0,0.382
1947,10,wind,0.0,0.202
1947,10,solar,0.0,0.545
1947,10,biomass,4800.0,0.538
1947,10,coal,10675.0,0.293
1947,10,gas,945.0,0.417
1947,10,oil,2870.0,0.509
1947,11,hydro,1085.194,0.521
1947,11,wind,0.0,0.482
1947,11,solar,0.0,0.123
1947,11,biomass,4800.0,0.144
1947,11,coal,15250.0,0.35
1947,11,gas,1350.0,0.204
1947,11,oil,4100.0,0.579
1947,12,hydro,0.0,0.234
1947,12,wind,0.0,0.59
1947,12,solar,0.0,0.309
1947,12,biomass,4800.0,0.177
1947,12,coal,19825.0,0.489
1947,12,gas,1755.0,0.538
1947,12,oil,5330.0,0.411
1948,1,hydro,1125.387,0.147
1948,1,wind,0.0,0.08
1948,1,solar,0.0,0.469
1948,1,biomass,4866.667,0.489
1948,1,coal,24313.844,0.266
1948,1,gas,2127.461,0.293
1948,1,oil,6686.307,0.169
1948,2,hydro,4200.0,0.467
1948,2,wind,0.0,0.228
1948,2,solar,0.0,0.589
1948,2,biomass,4866.667,0.33
1948,2,coal,25600.0,0.295
1948,2,gas,2240.0,0.241
1948,2,oil,7040.0,0.484
1948,3,hydro,8400.0,0.529
1948,3,wind,0.0,0.324
1948,3,solar,0.0,0.546
1948,3,biomass,4866.667,0.365
1948,3,coal,24313.844,0.298
1948,3,gas,2127.461,0.409
1948,3,oil,6686.307,0.228
1948,4,hydro,12600.0,0.26
1948,4,wind,0.0,0.283
1948,4,solar,0.0,0.499
1948,4,biomass,4866.667,0.517
1948,4,coal,20800.0,0.589
1948,4,gas,1820.0,0.472
1948,4,oil,5720.0,0.525
1948,5,hydro,15674.613,0.344
1948,5,wind,0.0,0.496
1948,5,solar,0.0,0.173
1948,5,biomass,4866.667,0.205
1948,5,coal,16000.0,0.316
1948,5,gas,1400.0,0.279
1948,5,oil,4400.0,0.406
1948,6,hydro,16800.0,0.494
1948,6,wind,0.0,0.5
1948,6,solar,0.0,0.172
1948,6,biomass,4866.667,0.655
1948,6,coal,11200.0,0.079
1948,6,gas,980.0,0.131
1948,6,oil,3080.0,0.163
1948,7,hydro,15674.613,0.632
1948,7,wind,0.0,0.337
1948,7,solar,0.0,0.114
1948,7,biomass,4866.667,0.209
1948,7,coal,7686.156,0.124
1948,7,gas,672.539,0.099
1948,7,oil,2113.693,0.307
1948,8,hydro,12600.0,0.667
1948,8,wind,0.0,0.444
1948,8,solar,0.0,0.389
1948,8,biomass,4866.667,0.503
1948,8,coal,6400.0,0.434
1948,8,gas,560.0,0.643
1948,8,oil,1760.0,0.568
1948,9,hydro,8400.0,0.46
1948,9,wind,0.0,0.339
1948,9,solar,0.0,0.197
1948,9,biomass,4866.667,0.47
1948,9,coal,7686.156,0.558
1948,9,gas,672.539,0.248
1948,9,oil,2113.693,0.096
1948,10,hydro,4200.0,0.436
1948,10,wind,0.0,0.385
1948,10,solar,0.0,0.215
1948,10,biomass,4866.667,0.178
1948,10,coal,11200.0,0.098
1948,10,gas,980.0,0.22
1948,10,oil,3080.0,0.076
1948,11,hydro,1125.387,0.17
1948,11,wind,0.0,0.674
1948,11,solar,0.0,0.544
1948,11,biomass,4866.667,0.288
1948,11,coal,16000.0,0.313
1948,11,gas,1400.0,0.428
1948,11,oil,4400.0,0.387
1948,12,hydro,0.0,0.518
1948,12,wind,0.0,0.117
1948,12,solar,0.0,0.13
1948,12,biomass,4866.667,0.247
1948,12,coal,20800.0,0.574
1948,12,gas,1820.0,0.625
1948,12,oil,5720.0,0.285
1949,1,hydro,1165.579,0.666
1949,1,wind,0.0,0.254
1949,1,solar,0.0,0.452
1949,1,biomass,4933.333,0.205
1949,1,coal,25453.555,0.646
1949,1,gas,2203.442,0.433
1949,1,oil,7142.192,0.245
1949,2,hydro,4350.0,0.332
1949,2,wind,0.0,0.152
1949,2,solar,0.0,0.131
1949,2,biomass,4933.333,0.265
1949,2,coal,26800.0,0.656
1949,2,gas,2320.0,0.57
1949,2,oil,7520.0,0.662
1949,3,hydro,8700.0,0.614
1949,3,wind,0.0,0.576
1949,3,solar,0.0,0.433
1949,3,biomass,4933.333,0.505
1949,3,coal,25453.555,0.668
1949,3,gas,2203.442,0.426
1949,3,oil,7142.192,0.55
1949,4,hydro,13050.0,0.542
1949,4,wind,0.0,0.665
1949,4,solar,0.0,0.363
1949,4,biomass,4933.333,0.364
1949,4,coal,21775.0,0.44
1949,4,gas,1885.0,0.104
1949,4,oil,6110.0,0.158
1949,5,hydro,16234.421,0.129
1949,5,wind,0.0,0.468
1949,5,solar,0.0,0.685
1949,5,biomass,4933.333,0.494
1949,5,coal,16750.0,0.226
1949,5,gas,1450.0,0.277
1949,5,oil,4700.0,0.661
1949,6,hydro,17400.0,0.398
1949,6,wind,0.0,0.094
1949,6,solar,0.0,0.587
1949,6,biomass,4933.333,0.237
1949,6,coal,11725.0,0.144
1949,6,gas,1015.0,0.492
1949,6,oil,3290.0,0.581
1949,7,hydro,16234.421,0.134
1949,7,wind,0.0,0.647
1949,7,solar,0.0,0.374
1949,7,biomass,4933.333,0.3
1949,7,coal,8046.445,0.625
1949,7,gas,696.558,0.249
1949,7,oil,2257.808,0.656
1949,8,hydro,13050.0,0.498
1949,8,wind,0.0,0.634
1949,8,solar,0.0,0.387
1949,8,biomass,4933.333,0.208
1949,8,coal,6700.0,0.529
1949,8,gas,580.0,0.612
1949,8,oil,1880.0,0.212
1949,9,hydro,8700.0,0.21
1949,9,wind,0.0,0.238
1949,9,solar,0.0,0.459
1949,9,biomass,4933.333,0.182
1949,9,coal,8046.445,0.152
1949,9,gas,696.558,0.64
1949,9,oil,2257.808,0.493
1949,10,hydro,4350.0,0.486
1949,10,wind,0.0,0.456
1949,10,solar,0.0,0.547
1949,10,biomass,4933.333,0.413
1949,10,coal,11725.0,0.113
1949,10,gas,1015.0,0.377
1949,10,oil,3290.0,0.46
1949,11,hydro,1165.579,0.383
1949,11,wind,0.0,0.679
1949,11,solar,0.0,0.626
1949,11,biomass,4933.333,0.609
1949,11,coal,16750.0,0.382
1949,11,gas,1450.0,0.679
1949,11,oil,4700.0,0.638
1949,12,hydro,0.0,0.256
1949,12,wind,0.0,0.221
1949,12,solar,0.0,0.434
1949,12,biomass,4933.333,0.12
1949,12,coal,21775.0,0.568
1949,12,gas,1885.0,0.375
1949,12,oil,6110.0,0.412
1950,1,hydro,1205.771,0.401
1950,1,wind,0.0,0.336
1950,1,solar,0.0,0.512
1950,1,biomass,5000.0,0.205
1950,1,coal,26593.267,0.686
1950,1,gas,2279.423,0.519
1950,1,oil,7598.076,0.376
1950,2,hydro,4500.0,0.514
1950,2,wind,0.0,0.107
1950,2,solar,0.0,0.226
1950,2,biomass,5000.0,0.449
1950,2,coal,28000.0,0.295
1950,2,gas,2400.0,0.468
1950,2,oil,8000.0,0.256
1950,3,hydro,9000.0,0.429
1950,3,wind,0.0,0.242
1950,3,solar,0.0,0.383
1950,3,biomass,5000.0,0.468
1950,3,coal,26593.267,0.32
1950,3,gas,2279.423,0.399
1950,3,oil,7598.076,0.226
1950,4,hydro,13500.0,0.52
1950,4,wind,0.0,0.323
1950,4,solar,0.0,0.613
1950,4,biomass,5000.0,0.268
1950,4,coal,22750.0,0.208
1950,4,gas,1950.0,0.179
1950,4,oil,6500.0,0.446
1950,5,hydro,16794.229,0.237
1950,5,wind,0.0,0.16
1950,5,solar,0.0,0.262
1950,5,biomass,5000.0,0.241
1950,5,coal,17500.0,0.359
1950,5,gas,1500.0,0.329
1950,5,oil,5000.0,0.188
1950,6,hydro,18000.0,0.675
1950,6,wind,0.0,0.19
1950,6,solar,0.0,0.583
1950,6,biomass,5000.0,0.206
1950,6,coal,12250.0,0.4
1950,6,gas,1050.0,0.697
1950,6,oil,3500.0,0.61
1950,7,hydro,16794.229,0.41
1950,7,wind,0.0,0.532
1950,7,solar,0.0,0.571
1950,7,biomass,5000.0,0.28
1950,7,coal,8406.733,0.437
1950,7,gas,720.577,0.441
1950,7,oil,2401.924,0.339
1950,8,hydro,13500.0,0.514
1950,8,wind,0.0,0.136
1950,8,solar,0.0,0.588
1950,8,biomass,5000.0,0.386
1950,8,coal,7000.0,0.478
1950,8,gas,600.0,0.37
1950,8,oil,2000.0,0.301
1950,9,hydro,9000.0,0.317
1950,9,wind,0.0,0.436
1950,9,solar,0.0,0.659
1950,9,biomass,5000.0,0.255
1950,9,coal,8406.733,0.112
1950,9,gas,720.577,0.173
1950,9,oil,2401.924,0.62
1950,10,hydro,4500.0,0.678
1950,10,wind,0.0,0.219
1950,10,solar,0.0,0.446
1950,10,biomass,5000.0,0.489
1950,10,coal,12250.0,0.205
1950,10,gas,1050.0,0.568
1950,10,oil,3500.0,0.313
1950,11,hydro,1205.771,0.504
1950,11,wind,0.0,0.392
1950,11,solar,0.0,0.542
1950,11,biomass,5000.0,0.634
1950,11,coal,17500.0,0.329
1950,11,gas,1500.0,0.272
1950,11,oil,5000.0,0.479
1950,12,hydro,0.0,0.187
1950,12,wind,0.0,0.201
1950,12,solar,0.0,0.585
1950,12,biomass,5000.0,0.302
1950,12,coal,22750.0,0.479
1950,12,gas,1950.0,0.443
1950,12,oil,6500.0,0.609
1951,1,hydro,1272.759,0.155
1951,1,wind,0.0,0.209
1951,1,solar,0.0,0.249
1951,1,biomass,5200.0,0.302
1951,1,coal,27353.074,0.287
1951,1,gas,2659.327,0.272
1951,1,oil,8737.788,0.499
1951,2,hydro,4750.0,0.275
1951,2,wind,0.0,0.379
1951,2,solar,0.0,0.63
1951,2,biomass,5200.0,0.33
1951,2,coal,28800.0,0.464
1951,2,gas,2800.0,0.691
1951,2,oil,9200.0,0.36
1951,3,hydro,9500.0,0.222
1951,3,wind,0.0,0.126
1951,3,solar,0.0,0.549
1951,3,biomass,5200.0,0.509
1951,3,coal,27353.074,0.676
1951,3,gas,2659.327,0.532
1951,3,oil,8737.788,0.16
1951,4,hydro,14250.0,0.212
1951,4,wind,0.0,0.174
1951,4,solar,0.0,0.15
1951,4,biomass,5200.0,0.639
1951,4,coal,23400.0,0.441
1951,4,gas,2275.0,0.128
1951,4,oil,7475.0,0.35
1951,5,hydro,17727.241,0.571
1951,5,wind,0.0,0.162
1951,5,solar,0.0,0.269
1951,5,biomass,5200.0,0.205
1951,5,coal,18000.0,0.505
1951,5,gas,1750.0,0.643
1951,5,oil,5750.0,0.298
1951,6,hydro,19000.0,0.26
1951,6,wind,0.0,0.283
1951,6,solar,0.0,0.488
1951,6,biomass,5200.0,0.191
1951,6,coal,12600.0,0.615
1951,6,gas,1225.0,0.129
1951,6,oil,4025.0,0.51
1951,7,hydro,17727.241,0.628
1951,7,wind,0.0,0.307
1951,7,solar,0.0,0.398
1951,7,biomass,5200.0,0.697
1951,7,coal,8646.926,0.436
1951,7,gas,840.673,0.275
1951,7,oil,2762.212,0.379
1951,8,hydro,14250.0,0.694
1951,8,wind,0.0,0.531
1951,8,solar,0.0,0.218
1951,8,biomass,5200.0,0.471
1951,8,coal,7200.0,0.491
1951,8,gas,700.0,0.494
1951,8,oil,2300.0,0.45
1951,9,hydro,9500.0,0.426
1951,9,wind,0.0,0.496
1951,9,solar,0.0,0.298
1951,9,biomass,5200.0,0.32
1951,9,coal,8646.926,0.436
1951,9,gas,840.673,0.595
1951,9,oil,2762.212,0.377
1951,10,hydro,4750.0,0.331
1951,10,wind,0.0,0.268
1951,10,solar,0.0,0.294
1951,10,biomass,5200.0,0.112
1951,10,coal,12600.0,0.601
1951,10,gas,1225.0,0.621
1951,10,oil,4025.0,0.318
1951,11,hydro,1272.759,0.394
1951,11,wind,0.0,0.117
1951,11,solar,0.0,0.665
1951,11,biomass,5200.0,0.68
1951,11,coal,18000.0,0.398
1951,11,gas,1750.0,0.117
1951,11,oil,5750.0,0.37
1951,12,hydro,0.0,0.288
1951,12,wind,0.0,0.251
1951,12,solar,0.0,0.116
1951,12,biomass,5200.0,0.336
1951,12,coal,23400.0,0.359
1951,12,gas,2275.0,0.448
1951,12,oil,7475.0,0.349
1952,1,hydro,1339.746,0.222
1952,1,wind,0.0,0.566
1952,1,solar,0.0,0.358
1952,1,biomass,5400.0,0.351
1952,1,coal,28112.882,0.282
1952,1,gas,3039.23,0.377
1952,1,oil,9877.499,0.268
1952,2,hydro,5000.0,0.583
1952,2,wind,0.0,0.67
1952,2,solar,0.0,0.609
1952,2,biomass,5400.0,0.535
1952,2,coal,29600.0,0.295
1952,2,gas,3200.0,0.57
1952,2,oil,10400.0,0.609
1952,3,hydro,10000.0,0.372
1952,3,wind,0.0,0.636
1952,3,solar,0.0,0.233
1952,3,biomass,5400.0,0.298
1952,3,coal,28112.882,0.506
1952,3,gas,3039.23,0.495
1952,3,oil,9877.499,0.287
1952,4,hydro,15000.0,0.498
1952,4,wind,0.0,0.237
1952,4,solar,0.0,0.136
1952,4,biomass,5400.0,0.154
1952,4,coal,24050.0,0.445
1952,4,gas,2600.0,0.236
1952,4,oil,8450.0,0.185
1952,5,hydro,18660.254,0.286
1952,5,wind,0.0,0.553
1952,5,solar,0.0,0.56
1952,5,biomass,5400.0,0.264
1952,5,coal,18500.0,0.214
1952,5,gas,2000.0,0.42
1952,5,oil,6500.0,0.329
1952,6,hydro,20000.0,0.311
1952,6,wind,0.0,0.604
1952,6,solar,0.0,0.723
1952,6,biomass,5400.0,0.402
1952,6,coal,12950.0,0.599
1952,6,gas,1400.0,0.322
1952,6,oil,4550.0,0.63
1952,7,hydro,18660.254,0.695
1952,7,wind,0.0,0.158
1952,7,solar,0.0,0.589
1952,7,biomass,5400.0,0.167
1952,7,coal,8887.118,0.406
1952,7,gas,960.77,0.239
1952,7,oil,3122.501,0.629
1952,8,hydro,15000.0,0.614
1952,8,wind,0.0,0.621
1952,8,solar,0.0,0.197
1952,8,biomass,5400.0,0.585
1952,8,coal,7400.0,0.273
1952,8,gas,800.0,0.587
1952,8,oil,2600.0,0.39
1952,9,hydro,10000.0,0.567
1952,9,wind,0.0,0.144
1952,9,solar,0.0,0.401
1952,9,biomass,5400.0,0.587
1952,9,coal,8887.118,0.437
1952,9,gas,960.77,0.713
1952,9,oil,3122.501,0.408
1952,10,hydro,5000.0,0.533
1952,10,wind,0.0,0.311
1952,10,solar,0.0,0.318
1952,10,biomass,5400.0,0.501
1952,10,coal,12950.0,0.149
1952,10,gas,1400.0,0.686
1952,10,oil,4550.0,0.437
1952,11,hydro,1339.746,0.276
1952,11,wind,0.0,0.507
1952,11,solar,0.0,0.243
1952,11,biomass,5400.0,0.657
1952,11,coal,18500.0,0.642
1952,11,gas,2000.0,0.255
1952,11,oil,6500.0,0.192
1952,12,hydro,0.0,0.504
1952,12,wind,0.0,0.319
1952,12,solar,0.0,0.224
1952,12,biomass,5400.0,0.29
1952,12,coal,24050.0,0.196
1952,12,gas,2600.0,0.597
1952,12,oil,8450.0,0.129
1953,1,hydro,1406.733,0.161
1953,1,wind,0.0,0.606
1953,1,solar,0.0,0.421
1953,1,biomass,5600.0,0.494
1953,1,coal,28872.69,0.359
1953,1,gas,3419.134,0.19
1953,1,oil,11017.211,0.231
1953,2,hydro,5250.0,0.191
1953,2,wind,0.0,0.507
1953,2,solar,0.0,0.695
1953,2,biomass,5600.0,0.734
1953,2,coal,30400.0,0.511
1953,2,gas,3600.0,0.172
1953,2,oil,11600.0,0.523
1953,3,hydro,10500.0,0.557
1953,3,wind,0.0,0.611
1953,3,solar,0.0,0.211
1953,3,biomass,5600.0,0.276
1953,3,coal,28872.69,0.725
1953,3,gas,3419.134,0.609
1953,3,oil,11017.211,0.59
1953,4,hydro,15750.0,0.619
1953,4,wind,0.0,0.399
1953,4,solar,0.0,0.252
1953,4,biomass,5600.0,0.55
1953,4,coal,24700.0,0.351
1953,4,gas,2925.0,0.217
1953,4,oil,9425.0,0.675
1953,5,hydro,19593.267,0.427
1953,5,wind,0.0,0.399
1953,5,solar,0.0,0.313
1953,5,biomass,5600.0,0.554
1953,5,coal,19000.0,0.25
1953,5,gas,2250.0,0.248
1953,5,oil,7250.0,0.345
1953,6,hydro,21000.0,0.575
1953,6,wind,0.0,0.301
1953,6,solar,0.0,0.635
1953,6,biomass,5600.0,0.685
1953,6,coal,13300.0,0.469
1953,6,gas,1575.0,0.177
1953,6,oil,5075.0,0.229
1953,7,hydro,19593.267,0.313
1953,7,wind,0.0,0.294
1953,7,solar,0.0,0.356
1953,7,biomass,5600.0,0.136
1953,7,coal,9127.31,0.519
1953,7,gas,1080.866,0.363
1953,7,oil,3482.789,0.247
1953,8,hydro,15750.0,0.147
1953,8,wind,0.0,0.65
1953,8,solar,0.0,0.602
1953,8,biomass,5600.0,0.279
1953,8,coal,7600.0,0.569
1953,8,gas,900.0,0.531
1953,8,oil,2900.0,0.459
1953,9,hydro,10500.0,0.368
1953,9,wind,0.0,0.45
1953,9,solar,0.0,0.435
1953,9,biomass,5600.0,0.467
1953,9,coal,9127.31,0.504
1953,9,gas,1080.866,0.33
1953,9,oil,3482.789,0.521
1953,10,hydro,5250.0,0.202
1953,10,wind,0.0,0.45
1953,10,solar,0.0,0.176
1953,10,biomass,5600.0,0.637
1953,10,coal,13300.0,0.214
1953,10,gas,1575.0,0.66
1953,10,oil,5075.0,0.257
1953,11,hydro,1406.733,0.427
1953,11,wind,0.0,0.195
1953,11,solar,0.0,0.479
1953,11,biomass,5600.0,0.638
1953,11,coal,19000.0,0.531
1953,11,gas,2250.0,0.451
1953,11,oil,7250.0,0.557
1953,12,hydro,0.0,0.29
1953,12,wind,0.0,0.356
1953,12,solar,0.0,0.5
1953,12,biomass,5600.0,0.179
1953,12,coal,24700.0,0.694
1953,12,gas,2925.0,0.261
1953,12,oil,9425.0,0.431
1954,1,hydro,1473.721,0.682
1954,1,wind,0.0,0.196
1954,1,solar,0.0,0.629
1954,1,biomass,5800.0,0.184
1954,1,coal,29632.497,0.483
1954,1,gas,3799.038,0.711
1954,1,oil,12156.922,0.398
1954,2,hydro,5500.0,0.369
1954,2,wind,0.0,0.573
1954,2,solar,0.0,0.642
1954,2,biomass,5800.0,0.307
1954,2,coal,31200.0,0.172
1954,2,gas,4000.0,0.19
1954,2,oil,12800.0,0.33
1954,3,hydro,11000.0,0.715
1954,3,wind,0.0,0.724
1954,3,solar,0.0,0.206
1954,3,biomass,5800.0,0.583
1954,3,coal,29632.497,0.467
1954,3,gas,3799.038,0.262
1954,3,oil,12156.922,0.464
1954,4,hydro,16500.0,0.297
1954,4,wind,0.0,0.523
1954,4,solar,0.0,0.255
1954,4,biomass,5800.0,0.598
1954,4,coal,25350.0,0.397
1954,4,gas,3250.0,0.211
1954,4,oil,10400.0,0.531
1954,5,hydro,20526.279,0.363
1954,5,wind,0.0,0.423
1954,5,solar,0.0,0.547
1954,5,biomass,5800.0,0.678
1954,5,coal,19500.0,0.248
1954,5,gas,2500.0,0.256
1954,5,oil,8000.0,0.389
1954,6,hydro,22000.0,0.351
1954,6,wind,0.0,0.243
1954,6,solar,0.0,0.747
1954,6,biomass,5800.0,0.414
1954,6,coal,13650.0,0.359
1954,6,gas,1750.0,0.337
1954,6,oil,5600.0,0.743
1954,7,hydro,20526.279,0.343
1954,7,wind,0.0,0.371
1954,7,solar,0.0,0.607
1954,7,biomass,5800.0,0.406
1954,7,coal,9367.503,0.584
1954,7,gas,1200.962,0.513
1954,7,oil,3843.078,0.486
1954,8,hydro,16500.0,0.276
1954,8,wind,0.0,0.607
1954,8,solar,0.0,0.704
1954,8,biomass,5800.0,0.3
1954,8,coal,7800.0,0.725
1954,8,gas,1000.0,0.416
1954,8,oil,3200.0,0.386
1954,9,hydro,11000.0,0.584
1954,9,wind,0.0,0.738
1954,9,solar,0.0,0.505
1954,9,biomass,5800.0,0.459
1954,9,coal,9367.503,0.744
1954,9,gas,1200.962,0.329
1954,9,oil,3843.078,0.328
1954,10,hydro,5500.0,0.281
1954,10,wind,0.0,0.661
1954,10,solar,0.0,0.161
1954,10,biomass,5800.0,0.641
1954,10,coal,13650.0,0.562
1954,10,gas,1750.0,0.314
1954,10,oil,5600.0,0.48
1954,11,hydro,1473.721,0.482
1954,11,wind,0.0,0.704
1954,11,solar,0.0,0.241
1954,11,biomass,5800.0,0.171
1954,11,coal,19500.0,0.361
1954,11,gas,2500.0,0.231
1954,11,oil,8000.0,0.368
1954,12,hydro,0.0,0.497
1954,12,wind,0.0,0.288
1954,12,solar,0.0,0.635
1954,12,biomass,5800.0,0.203
1954,12,coal,25350.0,0.388
1954,12,gas,3250.0,0.699
1954,12,oil,10400.0,0.589
1955,1,hydro,1540.708,0.594
1955,1,wind,0.0,0.636
1955,1,solar,0.0,0.264
1955,1,biomass,6000.0,0.655
1955,1,coal,30392.305,0.574
1955,1,gas,4178.942,0.506
1955,1,oil,13296.633,0.705
1955,2,hydro,5750.0,0.517
1955,2,wind,0.0,0.34
1955,2,solar,0.0,0.598
1955,2,biomass,6000.0,0.506
1955,2,coal,32000.0,0.207
1955,2,gas,4400.0,0.194
1955,2,oil,14000.0,0.623
1955,3,hydro,11500.0,0.369
1955,3,wind,0.0,0.65
1955,3,solar,0.0,0.41
1955,3,biomass,6000.0,0.681
1955,3,coal,30392.305,0.682
1955,3,gas,4178.942,0.296
1955,3,oil,13296.633,0.552
1955,4,hydro,17250.0,0.521
1955,4,wind,0.0,0.167
1955,4,solar,0.0,0.626
1955,4,biomass,6000.0,0.389
1955,4,coal,26000.0,0.343
1955,4,gas,3575.0,0.185
1955,4,oil,11375.0,0.484
1955,5,hydro,21459.292,0.25
1955,5,wind,0.0,0.461
1955,5,solar,0.0,0.292
1955,5,biomass,6000.0,0.19
1955,5,coal,20000.0,0.599
1955,5,gas,2750.0,0.396
1955,5,oil,8750.0,0.427
1955,6,hydro,23000.0,0.517
1955,6,wind,0.0,0.463
1955,6,solar,0.0,0.293
1955,6,biomass,6000.0,0.334
1955,6,coal,14000.0,0.397
1955,6,gas,1925.0,0.239
1955,6,oil,6125.0,0.21
1955,7,hydro,21459.292,0.503
1955,7,wind,0.0,0.19
1955,7,solar,0.0,0.4
1955,7,biomass,6000.0,0.211
1955,7,coal,9607.695,0.461
1955,7,gas,1321.058,0.624
1955,7,oil,4203.367,0.238
1955,8,hydro,17250.0,0.241
1955,8,wind,0.0,0.496
1955,8,solar,0.0,0.453
1955,8,biomass,6000.0,0.551
1955,8,coal,8000.0,0.278
1955,8,gas,1100.0,0.53
1955,8,oil,3500.0,0.601
1955,9,hydro,11500.0,0.308
1955,9,wind,0.0,0.203
1955,9,solar,0.0,0.626
1955,9,biomass,6000.0,0.354
1955,9,coal,9607.695,0.714
1955,9,gas,1321.058,0.214
1955,9,oil,4203.367,0.563
1955,10,hydro,5750.0,0.414
1955,10,wind,0.0,0.369
1955,10,solar,0.0,0.352
1955,10,biomass,6000.0,0.516
1955,10,coal,14000.0,0.175
1955,10,gas,1925.0,0.343
1955,10,oil,6125.0,0.753
1955,11,hydro,1540.708,0.53
1955,11,wind,0.0,0.754
1955,11,solar,0.0,0.425
1955,11,biomass,6000.0,0.247
1955,11,coal,20000.0,0.187
1955,11,gas,2750.0,0.651
1955,11,oil,8750.0,0.28
1955,12,hydro,0.0,0.384
1955,12,wind,0.0,0.615
1955,12,solar,0.0,0.672
1955,12,biomass,6000.0,0.227
1955,12,coal,26000.0,0.193
1955,12,gas,3575.0,0.729
1955,12,oil,11375.0,0.716
1956,1,hydro,1607.695,0.693
1956,1,wind,0.0,0.664
1956,1,solar,0.0,0.18
1956,1,biomass,6200.0,0.588
1956,1,coal,31152.112,0.239
1956,1,gas,4558.846,0.442
1956,1,oil,14436.345,0.186
1956,2,hydro,6000.0,0.297
1956,2,wind,0.0,0.495
1956,2,solar,0.0,0.294
1956,2,biomass,6200.0,0.486
1956,2,coal,32800.0,0.327
1956,2,gas,4800.0,0.462
1956,2,oil,15200.0,0.61
1956,3,hydro,12000.0,0.257
1956,3,wind,0.0,0.591
1956,3,solar,0.0,0.183
1956,3,biomass,6200.0,0.522
1956,3,coal,31152.112,0.57
1956,3,gas,4558.846,0.198
1956,3,oil,14436.345,0.274
1956,4,hydro,18000.0,0.342
1956,4,wind,0.0,0.646
1956,4,solar,0.0,0.543
1956,4,biomass,6200.0,0.204
1956,4,coal,26650.0,0.565
1956,4,gas,3900.0,0.177
1956,4,oil,12350.0,0.405
1956,5,hydro,22392.305,0.335
1956,5,wind,0.0,0.683
1956,5,solar,0.0,0.568
1956,5,biomass,6200.0,0.691
1956,5,coal,20500.0,0.183
1956,5,gas,3000.0,0.692
1956,5,oil,9500.0,0.562
1956,6,hydro,24000.0,0.311
1956,6,wind,0.0,0.4
1956,6,solar,0.0,0.758
1956,6,biomass,6200.0,0.232
1956,6,coal,14350.0,0.361
1956,6,gas,2100.0,0.692
1956,6,oil,6650.0,0.491
1956,7,hydro,22392.305,0.284
1956,7,wind,0.0,0.472
1956,7,solar,0.0,0.447
1956,7,biomass,6200.0,0.728
1956,7,coal,9847.888,0.185
1956,7,gas,1441.154,0.32
1956,7,oil,4563.655,0.49
1956,8,hydro,18000.0,0.372
1956,8,wind,0.0,0.408
1956,8,solar,0.0,0.266
1956,8,biomass,6200.0,0.38
1956,8,coal,8200.0,0.383
1956,8,gas,1200.0,0.547
1956,8,oil,3800.0,0.314
1956,9,hydro,12000.0,0.759
1956,9,wind,0.0,0.473
1956,9,solar,0.0,0.659
1956,9,biomass,6200.0,0.547
1956,9,coal,9847.888,0.699
1956,9,gas,1441.154,0.706
1956,9,oil,4563.655,0.661
1956,10,hydro,6000.0,0.19
1956,10,wind,0.0,0.505
1956,10,solar,0.0,0.34
1956,10,biomass,6200.0,0.263
1956,10,coal,14350.0,0.71
1956,10,gas,2100.0,0.566
1956,10,oil,6650.0,0.225
1956,11,hydro,1607.695,0.401
1956,11,wind,0.0,0.748
1956,11,solar,0.0,0.539
1956,11,biomass,6200.0,0.547
1956,11,coal,20500.0,0.308
1956,11,gas,3000.0,0.316
1956,11,oil,9500.0,0.264
1956,12,hydro,0.0,0.754
1956,12,wind,0.0,0.718
1956,12,solar,0.0,0.37
1956,12,biomass,6200.0,0.497
1956,12,coal,26650.0,0.296
1956,12,gas,3900.0,0.255
1956,12,oil,12350.0,0.497
1957,1,hydro,1674.682,0.664
1957,1,wind,0.0,0.702
1957,1,solar,0.0,0.369
1957,1,biomass,6400.0,0.607
1957,1,coal,31911.92,0.498
1957,1,gas,4938.75,0.265
1957,1,oil,15576.056,0.781
1957,2,hydro,6250.0,0.769
1957,2,wind,0.0,0.271
1957,2,solar,0.0,0.744
1957,2,biomass,6400.0,0.734
1957,2,coal,33600.0,0.374
1957,2,gas,5200.0,0.518
1957,2,oil,16400.0,0.753
1957,3,hydro,12500.0,0.255
1957,3,wind,0.0,0.375
1957,3,solar,0.0,0.712
1957,3,biomass,6400.0,0.62
1957,3,coal,31911.92,0.643
1957,3,gas,4938.75,0.712
1957,3,oil,15576.056,0.432
1957,4,hydro,18750.0,0.431
1957,4,wind,0.0,0.45
1957,4,solar,0.0,0.744
1957,4,biomass,6400.0,0.72
1957,4,coal,27300.0,0.744
1957,4,gas,4225.0,0.348
1957,4,oil,13325.0,0.651
1957,5,hydro,23325.318,0.248
1957,5,wind,0.0,0.295
1957,5,solar,0.0,0.641
1957,5,biomass,6400.0,0.551
1957,5,coal,21000.0,0.344
1957,5,gas,3250.0,0.524
1957,5,oil,10250.0,0.323
1957,6,hydro,25000.0,0.323
1957,6,wind,0.0,0.596
1957,6,solar,0.0,0.4
1957,6,biomass,6400.0,0.597
1957,6,coal,14700.0,0.47
1957,6,gas,2275.0,0.485
1957,6,oil,7175.0,0.547
1957,7,hydro,23325.318,0.611
1957,7,wind,0.0,0.408
1957,7,solar,0.0,0.695
1957,7,biomass,6400.0,0.479
1957,7,coal,10088.08,0.267
1957,7,gas,1561.25,0.3
1957,7,oil,4923.944,0.203
1957,8,hydro,18750.0,0.643
1957,8,wind,0.0,0.193
1957,8,solar,0.0,0.346
1957,8,biomass,6400.0,0.432
1957,8,coal,8400.0,0.629
1957,8,gas,1300.0,0.777
1957,8,oil,4100.0,0.639
1957,9,hydro,12500.0,0.224
1957,9,wind,0.0,0.74
1957,9,solar,0.0,0.775
1957,9,biomass,6400.0,0.704
1957,9,coal,10088.08,0.478
1957,9,gas,1561.25,0.379
1957,9,oil,4923.944,0.459
1957,10,hydro,6250.0,0.332
1957,10,wind,0.0,0.427
1957,10,solar,0.0,0.209
1957,10,biomass,6400.0,0.625
1957,10,coal,14700.0,0.412
1957,10,gas,2275.0,0.372
1957,10,oil,7175.0,0.551
1957,11,hydro,1674.682,0.629
1957,11,wind,0.0,0.54
1957,11,solar,0.0,0.499
1957,11,biomass,6400.0,0.709
1957,11,coal,21000.0,0.656
1957,11,gas,3250.0,0.496
1957,11,oil,10250.0,0.455
1957,12,hydro,0.0,0.68
1957,12,wind,0.0,0.209
1957,12,solar,0.0,0.782
1957,12,biomass,6400.0,0.495
1957,12,coal,27300.0,0.421
1957,12,gas,4225.0,0.625
1957,12,oil,13325.0,0.519
1958,1,hydro,1741.67,0.506
1958,1,wind,0.0,0.574
1958,1,solar,0.0,0.226
1958,1,biomass,6600.0,0.371
1958,1,coal,32671.728,0.435
1958,1,gas,5318.653,0.379
1958,1,oil,16715.768,0.693
1958,2,hydro,6500.0,0.473
1958,2,wind,0.0,0.449
1958,2,solar,0.0,0.564
1958,2,biomass,6600.0,0.229
1958,2,coal,34400.0,0.506
1958,2,gas,5600.0,0.281
1958,2,oil,17600.0,0.694
1958,3,hydro,13000.0,0.467
1958,3,wind,0.0,0.63
1958,3,solar,0.0,0.264
1958,3,biomass,6600.0,0.663
1958,3,coal,32671.728,0.759
1958,3,gas,5318.653,0.614
1958,3,oil,16715.768,0.277
1958,4,hydro,19500.0,0.444
1958,4,wind,0.0,0.467
1958,4,solar,0.0,0.303
1958,4,biomass,6600.0,0.55
1958,4,coal,27950.0,0.624
1958,4,gas,4550.0,0.317
1958,4,oil,14300.0,0.469
1958,5,hydro,24258.33,0.346
1958,5,wind,0.0,0.611
1958,5,solar,0.0,0.74
1958,5,biomass,6600.0,0.674
1958,5,coal,21500.0,0.627
1958,5,gas,3500.0,0.27
1958,5,oil,11000.0,0.264
1958,6,hydro,26000.0,0.466
1958,6,wind,0.0,0.414
1958,6,solar,0.0,0.51
1958,6,biomass,6600.0,0.426
1958,6,coal,15050.0,0.671
1958,6,gas,2450.0,0.503
1958,6,oil,7700.0,0.766
1958,7,hydro,24258.33,0.423
1958,7,wind,0.0,0.424
1958,7,solar,0.0,0.657
1958,7,biomass,6600.0,0.743
1958,7,coal,10328.272,0.535
1958,7,gas,1681.347,0.592
1958,7,oil,5284.232,0.286
1958,8,hydro,19500.0,0.717
1958,8,wind,0.0,0.303
1958,8,solar,0.0,0.623
1958,8,biomass,6600.0,0.448
1958,8,coal,8600.0,0.382
1958,8,gas,1400.0,0.657
1958,8,oil,4400.0,0.464
1958,9,hydro,13000.0,0.572
1958,9,wind,0.0,0.267
1958,9,solar,0.0,0.275
1958,9,biomass,6600.0,0.318
1958,9,coal,10328.272,0.57
1958,9,gas,1681.347,0.348
1958,9,oil,5284.232,0.471
1958,10,hydro,6500.0,0.709
1958,10,wind,0.0,0.522
1958,10,solar,0.0,0.199
1958,10,biomass,6600.0,0.726
1958,10,coal,15050.0,0.339
1958,10,gas,2450.0,0.549
1958,10,oil,7700.0,0.481
1958,11,hydro,1741.67,0.442
1958,11,wind,0.0,0.244
1958,11,solar,0.0,0.556
1958,11,biomass,6600.0,0.343
1958,11,coal,21500.0,0.524
1958,11,gas,3500.0,0.568
1958,11,oil,11000.0,0.531
1958,12,hydro,0.0,0.691
1958,12,wind,0.0,0.225
1958,12,solar,0.0,0.285
1958,12,biomass,6600.0,0.588
1958,12,coal,27950.0,0.218
1958,12,gas,4550.0,0.708
1958,12,oil,14300.0,0.596
1959,1,hydro,1808.657,0.711
1959,1,wind,0.0,0.387
1959,1,solar,0.0,0.76
1959,1,biomass,6800.0,0.237
1959,1,coal,33431.535,0.458
1959,1,gas,5698.557,0.315
1959,1,oil,17855.479,0.611
1959,2,hydro,6750.0,0.575
1959,2,wind,0.0,0.623
1959,2,solar,0.0,0.565
1959,2,biomass,6800.0,0.68
1959,2,coal,35200.0,0.314
1959,2,gas,6000.0,0.481
1959,2,oil,18800.0,0.555
1959,3,hydro,13500.0,0.767
1959,3,wind,0.0,0.264
1959,3,solar,0.0,0.388
1959,3,biomass,6800.0,0.429
1959,3,coal,33431.535,0.435
1959,3,gas,5698.557,0.249
1959,3,oil,17855.479,0.464
1959,4,hydro,20250.0,0.538
1959,4,wind,0.0,0.384
1959,4,solar,0.0,0.289
1959,4,biomass,6800.0,0.625
1959,4,coal,28600.0,0.373
1959,4,gas,4875.0,0.524
1959,4,oil,15275.0,0.523
1959,5,hydro,25191.343,0.625
1959,5,wind,0.0,0.575
1959,5,solar,0.0,0.274
1959,5,biomass,6800.0,0.646
1959,5,coal,22000.0,0.585
1959,5,gas,3750.0,0.8
1959,5,oil,11750.0,0.498
1959,6,hydro,27000.0,0.621
1959,6,wind,0.0,0.768
1959,6,solar,0.0,0.8
1959,6,biomass,6800.0,0.38
1959,6,coal,15400.0,0.573
1959,6,gas,2625.0,0.398
1959,6,oil,8225.0,0.523
1959,7,hydro,25191.343,0.805
1959,7,wind,0.0,0.42
1959,7,solar,0.0,0.286
1959,7,biomass,6800.0,0.546
1959,7,coal,10568.465,0.52
1959,7,gas,1801.443,0.587
1959,7,oil,5644.521,0.504
1959,8,hydro,20250.0,0.316
1959,8,wind,0.0,0.574
1959,8,solar,0.0,0.633
1959,8,biomass,6800.0,0.796
1959,8,coal,8800.0,0.209
1959,8,gas,1500.0,0.222
1959,8,oil,4700.0,0.583
1959,9,hydro,13500.0,0.279
1959,9,wind,0.0,0.717
1959,9,solar,0.0,0.688
1959,9,biomass,6800.0,0.807
1959,9,coal,10568.465,0.456
1959,9,gas,1801.443,0.408
1959,9,oil,5644.521,0.544
1959,10,hydro,6750.0,0.591
1959,10,wind,0.0,0.215
1959,10,solar,0.0,0.329
1959,10,biomass,6800.0,0.377
1959,10,coal,15400.0,0.682
1959,10,gas,2625.0,0.393
1959,10,oil,8225.0,0.512
1959,11,hydro,1808.657,0.402
1959,11,wind,0.0,0.212
1959,11,solar,0.0,0.62
1959,11,biomass,6800.0,0.413
1959,11,coal,22000.0,0.643
1959,11,gas,3750.0,0.578
1959,11,oil,11750.0,0.225
1959,12,hydro,0.0,0.313
1959,12,wind,0.0,0.406
1959,12,solar,0.0,0.411
1959,12,biomass,6800.0,0.611
1959,12,coal,28600.0,0.758
1959,12,gas,4875.0,0.686
1959,12,oil,15275.0,0.595
1960,1,hydro,1875.644,0.509
1960,1,wind,0.0,0.596
1960,1,solar,0.0,0.755
1960,1,biomass,7000.0,0.542
1960,1,coal,34191.343,0.421
1960,1,gas,6078.461,0.69
1960,1,oil,18995.191,0.468
1960,2,hydro,7000.0,0.666
1960,2,wind,0.0,0.721
1960,2,solar,0.0,0.4
1960,2,biomass,7000.0,0.655
1960,2,coal,36000.0,0.409
1960,2,gas,6400.0,0.542
1960,2,oil,20000.0,0.345
1960,3,hydro,14000.0,0.631
1960,3,wind,0.0,0.7
1960,3,solar,0.0,0.753
1960,3,biomass,7000.0,0.432
1960,3,coal,34191.343,0.802
1960,3,gas,6078.461,0.388
1960,3,oil,18995.191,0.239
1960,4,hydro,21000.0,0.81
1960,4,wind,0.0,0.596
1960,4,solar,0.0,0.725
1960,4,biomass,7000.0,0.563
1960,4,coal,29250.0,0.454
1960,4,gas,5200.0,0.577
1960,4,oil,16250.0,0.739
1960,5,hydro,26124.356,0.671
1960,5,wind,0.0,0.643
1960,5,solar,0.0,0.409
1960,5,biomass,7000.0,0.239
1960,5,coal,22500.0,0.468
1960,5,gas,4000.0,0.518
1960,5,oil,12500.0,0.363
1960,6,hydro,28000.0,0.491
1960,6,wind,0.0,0.79
1960,6,solar,0.0,0.35
1960,6,biomass,7000.0,0.401
1960,6,coal,15750.0,0.287
1960,6,gas,2800.0,0.691
1960,6,oil,8750.0,0.687
1960,7,hydro,26124.356,0.768
1960,7,wind,0.0,0.486
1960,7,solar,0.0,0.235
1960,7,biomass,7000.0,0.51
1960,7,coal,10808.657,0.52
1960,7,gas,1921.539,0.334
1960,7,oil,6004.809,0.774
1960,8,hydro,21000.0,0.659
1960,8,wind,0.0,0.534
1960,8,solar,0.0,0.685
1960,8,biomass,7000.0,0.306
1960,8,coal,9000.0,0.743
1960,8,gas,1600.0,0.713
1960,8,oil,5000.0,0.783
1960,9,hydro,14000.0,0.626
1960,9,wind,0.0,0.3
1960,9,solar,0.0,0.655
1960,9,biomass,7000.0,0.496
1960,9,coal,10808.657,0.648
1960,9,gas,1921.539,0.533
1960,9,oil,6004.809,0.222
1960,10,hydro,7000.0,0.779
1960,10,wind,0.0,0.632
1960,10,solar,0.0,0.577
1960,10,biomass,7000.0,0.272
1960,10,coal,15750.0,0.5
1960,10,gas,2800.0,0.248
1960,10,oil,8750.0,0.532
1960,11,hydro,1875.644,0.615
1960,11,wind,0.0,0.407
1960,11,solar,0.0,0.567
1960,11,biomass,7000.0,0.407
1960,11,coal,22500.0,0.755
1960,11,gas,4000.0,0.413
1960,11,oil,12500.0,0.336
1960,12,hydro,0.0,0.386
1960,12,wind,0.0,0.411
1960,12,solar,0.0,0.485
1960,12,biomass,7000.0,0.291
1960,12,coal,29250.0,0.31
1960,12,gas,5200.0,0.384
1960,12,oil,16250.0,0.229
1961,1,hydro,1875.644,0.606
1961,1,wind,0.0,0.54
1961,1,solar,0.0,0.356
1961,1,biomass,7000.0,0.442
1961,1,coal,34191.343,0.423
1961,1,gas,6078.461,0.317
1961,1,oil,18995.191,0.655
1961,2,hydro,7000.0,0.402
1961,2,wind,0.0,0.379
1961,2,solar,0.0,0.275
1961,2,biomass,7000.0,0.6
1961,2,coal,36000.0,0.435
1961,2,gas,6400.0,0.498
1961,2,oil,20000.0,0.31
1961,3,hydro,14000.0,0.514
1961,3,wind,0.0,0.637
1961,3,solar,0.0,0.296
1961,3,biomass,7000.0,0.264
1961,3,coal,34191.343,0.488
1961,3,gas,6078.461,0.339
1961,3,oil,18995.191,0.59
1961,4,hydro,21000.0,0.588
1961,4,wind,0.0,0.734
1961,4,solar,0.0,0.652
1961,4,biomass,7000.0,0.602
1961,4,coal,29250.0,0.419
1961,4,gas,5200.0,0.722
1961,4,oil,16250.0,0.66
1961,5,hydro,26124.356,0.635
1961,5,wind,0.0,0.552
1961,5,solar,0.0,0.816
1961,5,biomass,7000.0,0.685
1961,5,coal,22500.0,0.511
1961,5,gas,4000.0,0.311
1961,5,oil,12500.0,0.72
1961,6,hydro,28000.0,0.784
1961,6,wind,0.0,0.513
1961,6,solar,0.0,0.505
1961,6,biomass,7000.0,0.643
1961,6,coal,15750.0,0.658
1961,6,gas,2800.0,0.511
1961,6,oil,8750.0,0.371
1961,7,hydro,26124.356,0.366
1961,7,wind,0.0,0.749
1961,7,solar,0.0,0.602
1961,7,biomass,7000.0,0.78
1961,7,coal,10808.657,0.467
1961,7,gas,1921.539,0.652
1961,7,oil,6004.809,0.631
1961,8,hydro,21000.0,0.705
1961,8,wind,0.0,0.761
1961,8,solar,0.0,0.504
1961,8,biomass,7000.0,0.25
1961,8,coal,9000.0,0.517
1961,8,gas,1600.0,0.443
1961,8,oil,5000.0,0.509
1961,9,hydro,14000.0,0.334
1961,9,wind,0.0,0.693
1961,9,solar,0.0,0.595
1961,9,biomass,7000.0,0.308
1961,9,coal,10808.657,0.294
1961,9,gas,1921.539,0.723
1961,9,oil,6004.809,0.71
1961,10,hydro,7000.0,0.428
1961,10,wind,0.0,0.622
1961,10,solar,0.0,0.707
1961,10,biomass,7000.0,0.552
1961,10,coal,15750.0,0.472
1961,10,gas,2800.0,0.48
1961,10,oil,8750.0,0.605
1961,11,hydro,1875.644,0.561
1961,11,wind,0.0,0.816
1961,11,solar,0.0,0.462
1961,11,biomass,7000.0,0.436
1961,11,coal,22500.0,0.72
1961,11,gas,4000.0,0.587
1961,11,oil,12500.0,0.703
1961,12,hydro,0.0,0.493
1961,12,wind,0.0,0.704
1961,12,solar,0.0,0.559
1961,12,biomass,7000.0,0.374
1961,12,coal,29250.0,0.63
1961,12,gas,5200.0,0.279
1961,12,oil,16250.0,0.791
1962,1,hydro,1875.644,0.589
1962,1,wind,0.0,0.536
1962,1,solar,0.0,0.599
1962,1,biomass,7000.0,0.522
1962,1,coal,34191.343,0.577
1962,1,gas,6078.461,0.737
1962,1,oil,18995.191,0.35
1962,2,hydro,7000.0,0.818
1962,2,wind,0.0,0.286
1962,2,solar,0.0,0.309
1962,2,biomass,7000.0,0.732
1962,2,coal,36000.0,0.707
1962,2,gas,6400.0,0.471
1962,2,oil,20000.0,0.541
1962,3,hydro,14000.0,0.64
1962,3,wind,0.0,0.298
1962,3,solar,0.0,0.734
1962,3,biomass,7000.0,0.776
1962,3,coal,34191.343,0.786
1962,3,gas,6078.461,0.626
1962,3,oil,18995.191,0.244
1962,4,hydro,21000.0,0.332
1962,4,wind,0.0,0.334
1962,4,solar,0.0,0.563
1962,4,biomass,7000.0,0.478
1962,4,coal,29250.0,0.591
1962,4,gas,5200.0,0.361
1962,4,oil,16250.0,0.653
1962,5,hydro,26124.356,0.434
1962,5,wind,0.0,0.586
1962,5,solar,0.0,0.792
1962,5,biomass,7000.0,0.427
1962,5,coal,22500.0,0.81
1962,5,gas,4000.0,0.505
1962,5,oil,12500.0,0.834
1962,6,hydro,28000.0,0.451
1962,6,wind,0.0,0.298
1962,6,solar,0.0,0.249
1962,6,biomass,7000.0,0.836
1962,6,coal,15750.0,0.487
1962,6,gas,2800.0,0.321
1962,6,oil,8750.0,0.421
1962,7,hydro,26124.356,0.466
1962,7,wind,0.0,0.573
1962,7,solar,0.0,0.276
1962,7,biomass,7000.0,0.666
1962,7,coal,10808.657,0.736
1962,7,gas,1921.539,0.46
1962,7,oil,6004.809,0.761
1962,8,hydro,21000.0,0.763
1962,8,wind,0.0,0.385
1962,8,solar,0.0,0.665
1962,8,biomass,7000.0,0.481
1962,8,coal,9000.0,0.435
1962,8,gas,1600.0,0.474
1962,8,oil,5000.0,0.473
1962,9,hydro,14000.0,0.571
1962,9,wind,0.0,0.641
1962,9,solar,0.0,0.529
1962,9,biomass,7000.0,0.357
1962,9,coal,10808.657,0.475
1962,9,gas,1921.539,0.799
1962,9,oil,6004.809,0.748
1962,10,hydro,7000.0,0.337
1962,10,wind,0.0,0.842
1962,10,solar,0.0,0.646
1962,10,biomass,7000.0,0.325
1962,10,coal,15750.0,0.287
1962,10,gas,2800.0,0.253
1962,10,oil,8750.0,0.677
1962,11,hydro,1875.644,0.536
1962,11,wind,0.0,0.506
1962,11,solar,0.0,0.838
1962,11,biomass,7000.0,0.295
1962,11,coal,22500.0,0.629
1962,11,gas,4000.0,0.494
1962,11,oil,12500.0,0.518
1962,12,hydro,0.0,0.717
1962,12,wind,0.0,0.607
1962,12,solar,0.0,0.499
1962,12,biomass,7000.0,0.352
1962,12,coal,29250.0,0.55
1962,12,gas,5200.0,0.575
1962,12,oil,16250.0,0.514
1963,1,hydro,1875.644,0.469
1963,1,wind,0.0,0.367
1963,1,solar,0.0,0.619
1963,1,biomass,7000.0,0.603
1963,1,coal,34191.343,0.764
1963,1,gas,6078.461,0.398
1963,1,oil,18995.191,0.557
1963,2,hydro,7000.0,0.503
1963,2,wind,0.0,0.584
1963,2,solar,0.0,0.476
1963,2,biomass,7000.0,0.843
1963,2,coal,36000.0,0.597
1963,2,gas,6400.0,0.679
1963,2,oil,20000.0,0.324
1963,3,hydro,14000.0,0.545
1963,3,wind,0.0,0.67
1963,3,solar,0.0,0.341
1963,3,biomass,7000.0,0.695
1963,3,coal,34191.343,0.846
1963,3,gas,6078.461,0.846
1963,3,oil,18995.191,0.723
1963,4,hydro,21000.0,0.535
1963,4,wind,0.0,0.303
1963,4,solar,0.0,0.79
1963,4,biomass,7000.0,0.309
1963,4,coal,29250.0,0.539
1963,4,gas,5200.0,0.701
1963,4,oil,16250.0,0.832
1963,5,hydro,26124.356,0.303
1963,5,wind,0.0,0.636
1963,5,solar,0.0,0.735
1963,5,biomass,7000.0,0.443
1963,5,coal,22500.0,0.288
1963,5,gas,4000.0,0.462
1963,5,oil,12500.0,0.723
1963,6,hydro,28000.0,0.537
1963,6,wind,0.0,0.564
1963,6,solar,0.0,0.538
1963,6,biomass,7000.0,0.696
1963,6,coal,15750.0,0.509
1963,6,gas,2800.0,0.832
1963,6,oil,8750.0,0.735
1963,7,hydro,26124.356,0.43
1963,7,wind,0.0,0.277
1963,7,solar,0.0,0.81
1963,7,biomass,7000.0,0.706
1963,7,coal,10808.657,0.692
1963,7,gas,1921.539,0.594
1963,7,oil,6004.809,0.293
1963,8,hydro,21000.0,0.54
1963,8,wind,0.0,0.357
1963,8,solar,0.0,0.287
1963,8,biomass,7000.0,0.85
1963,8,coal,9000.0,0.741
1963,8,gas,1600.0,0.631
1963,8,oil,5000.0,0.428
1963,9,hydro,14000.0,0.306
1963,9,wind,0.0,0.559
1963,9,solar,0.0,0.767
1963,9,biomass,7000.0,0.423
1963,9,coal,10808.657,0.336
1963,9,gas,1921.539,0.425
1963,9,oil,6004.809,0.771
1963,10,hydro,7000.0,0.265
1963,10,wind,0.0,0.323
1963,10,solar,0.0,0.361
1963,10,biomass,7000.0,0.611
1963,10,coal,15750.0,0.347
1963,10,gas,2800.0,0.524
1963,10,oil,8750.0,0.741
1963,11,hydro,1875.644,0.413
1963,11,wind,0.0,0.676
1963,11,solar,0.0,0.547
1963,11,biomass,7000.0,0.736
1963,11,coal,22500.0,0.773
1963,11,gas,4000.0,0.462
1963,11,oil,12500.0,0.307
1963,12,hydro,0.0,0.343
1963,12,wind,0.0,0.816
1963,12,solar,0.0,0.348
1963,12,biomass,7000.0,0.554
1963,12,coal,29250.0,0.852
1963,12,gas,5200.0,0.718
1963,12,oil,16250.0,0.399
1964,1,hydro,1875.644,0.532
1964,1,wind,0.0,0.651
1964,1,solar,0.0,0.395
1964,1,biomass,7000.0,0.709
1964,1,coal,34191.343,0.475
1964,1,gas,6078.461,0.653
1964,1,oil,18995.191,0.721
1964,2,hydro,7000.0,0.338
1964,2,wind,0.0,0.369
1964,2,solar,0.0,0.507
1964,2,biomass,7000.0,0.449
1964,2,coal,36000.0,0.716
1964,2,gas,6400.0,0.719
1964,2,oil,20000.0,0.588
1964,3,hydro,14000.0,0.496
1964,3,wind,0.0,0.691
1964,3,solar,0.0,0.553
1964,3,biomass,7000.0,0.355
1964,3,coal,34191.343,0.79
1964,3,gas,6078.461,0.275
1964,3,oil,18995.191,0.824
1964,4,hydro,21000.0,0.537
1964,4,wind,0.0,0.675
1964,4,solar,0.0,0.845
1964,4,biomass,7000.0,0.678
1964,4,coal,29250.0,0.293
1964,4,gas,5200.0,0.819
1964,4,oil,16250.0,0.65
1964,5,hydro,26124.356,0.842
1964,5,wind,0.0,0.527
1964,5,solar,0.0,0.819
1964,5,biomass,7000.0,0.783
1964,5,coal,22500.0,0.469
1964,5,gas,4000.0,0.428
1964,5,oil,12500.0,0.327
1964,6,hydro,28000.0,0.661
1964,6,wind,0.0,0.503
1964,6,solar,0.0,0.732
1964,6,biomass,7000.0,0.717
1964,6,coal,15750.0,0.709
1964,6,gas,2800.0,0.621
1964,6,oil,8750.0,0.385
1964,7,hydro,26124.356,0.47
1964,7,wind,0.0,0.682
1964,7,solar,0.0,0.376
1964,7,biomass,7000.0,0.597
1964,7,coal,10808.657,0.672
1964,7,gas,1921.539,0.767
1964,7,oil,6004.809,0.275
1964,8,hydro,21000.0,0.327
1964,8,wind,0.0,0.33
1964,8,solar,0.0,0.536
1964,8,biomass,7000.0,0.4
1964,8,coal,9000.0,0.438
1964,8,gas,1600.0,0.384
1964,8,oil,5000.0,0.282
1964,9,hydro,14000.0,0.323
1964,9,wind,0.0,0.831
1964,9,solar,0.0,0.662
1964,9,biomass,7000.0,0.769
1964,9,coal,10808.657,0.838
1964,9,gas,1921.539,0.651
1964,9,oil,6004.809,0.693
1964,10,hydro,7000.0,0.34
1964,10,wind,0.0,0.782
1964,10,solar,0.0,0.346
1964,10,biomass,7000.0,0.662
1964,10,coal,15750.0,0.808
1964,10,gas,2800.0,0.608
1964,10,oil,8750.0,0.848
1964,11,hydro,1875.644,0.806
1964,11,wind,0.0,0.685
1964,11,solar,0.0,0.42
1964,11,biomass,7000.0,0.548
1964,11,coal,22500.0,0.83
1964,11,gas,4000.0,0.651
1964,11,oil,12500.0,0.822
1964,12,hydro,0.0,0.434
1964,12,wind,0.0,0.524
1964,12,solar,0.0,0.81
1964,12,biomass,7000.0,0.73
1964,12,coal,29250.0,0.462
1964,12,gas,5200.0,0.365
1964,12,oil,16250.0,0.312
1965,1,hydro,2992.658,0.746
1965,1,wind,0.0,0.51
1965,1,solar,0.0,0.48
1965,1,biomass,0.0,0.316
1965,1,coal,44916.028,0.853
1965,1,gas,13318.668,0.439
1965,1,oil,49613.158,0.544
1965,2,hydro,11168.75,0.575
1965,2,wind,0.0,0.837
1965,2,solar,0.0,0.646
1965,2,biomass,0.0,0.387
1965,2,coal,47292.0,0.575
1965,2,gas,14023.2,0.366
1965,2,oil,52237.6,0.741
1965,3,hydro,22337.5,0.411
1965,3,wind,0.0,0.666
1965,3,solar,0.0,0.828
1965,3,biomass,0.0,0.709
1965,3,coal,44916.028,0.342
1965,3,gas,13318.668,0.324
1965,3,oil,49613.158,0.623
1965,4,hydro,33506.25,0.43
1965,4,wind,0.0,0.548
1965,4,solar,0.0,0.818
1965,4,biomass,0.0,0.369
1965,4,coal,38424.75,0.664
1965,4,gas,11393.85,0.84
1965,4,oil,42443.05,0.679
1965,5,hydro,41682.342,0.44
1965,5,wind,0.0,0.7
1965,5,solar,0.0,0.823
1965,5,biomass,0.0,0.625
1965,5,coal,29557.5,0.589
1965,5,gas,8764.5,0.844
1965,5,oil,32648.5,0.574
1965,6,hydro,44675.0,0.542
1965,6,wind,0.0,0.786
1965,6,solar,0.0,0.749
1965,6,biomass,0.0,0.751
1965,6,coal,20690.25,0.604
1965,6,gas,6135.15,0.282
1965,6,oil,22853.95,0.852
1965,7,hydro,41682.342,0.771
1965,7,wind,0.0,0.569
1965,7,solar,0.0,0.62
1965,7,biomass,0.0,0.841
1965,7,coal,14198.972,0.495
1965,7,gas,4210.332,0.689
1965,7,oil,15683.842,0.52
1965,8,hydro,33506.25,0.659
1965,8,wind,0.0,0.855
1965,8,solar,0.0,0.334
1965,8,biomass,0.0,0.601
1965,8,coal,11823.0,0.857
1965,8,gas,3505.8,0.328
1965,8,oil,13059.4,0.556
1965,9,hydro,22337.5,0.74
1965,9,wind,0.0,0.669
1965,9,solar,0.0,0.386
1965,9,biomass,0.0,0.304
1965,9,coal,14198.972,0.51
1965,9,gas,4210.332,0.395
1965,9,oil,15683.842,0.698
1965,10,hydro,11168.75,0.818
1965,10,wind,0.0,0.658
1965,10,solar,0.0,0.496
1965,10,biomass,0.0,0.331
1965,10,coal,20690.25,0.66
1965,10,gas,6135.15,0.721
1965,10,oil,22853.95,0.364
1965,11,hydro,2992.658,0.396
1965,11,wind,0.0,0.712
1965,11,solar,0.0,0.636
1965,11,biomass,0.0,0.574
1965,11,coal,29557.5,0.318
1965,11,gas,8764.5,0.604
1965,11,oil,32648.5,0.465
1965,12,hydro,0.0,0.6
1965,12,wind,0.0,0.781
1965,12,solar,0.0,0.55
1965,12,biomass,0.0,0.878
1965,12,coal,38424.75,0.302
1965,12,gas,11393.85,0.314
1965,12,oil,42443.05,0.753
1966,1,hydro,3224.903,0.318
1966,1,wind,0.0,0.363
1966,1,solar,0.0,0.776
1966,1,biomass,0.0,0.692
1966,1,coal,42904.817,0.567
1966,1,gas,14300.339,0.699
1966,1,oil,54545.829,0.817
1966,2,hydro,12035.5,0.381
1966,2,wind,0.0,0.64
1966,2,solar,0.0,0.847
1966,2,biomass,0.0,0.314
1966,2,coal,45174.4,0.377
1966,2,gas,15056.8,0.684
1966,2,oil,57431.2,0.575
1966,3,hydro,24071.0,0.843
1966,3,wind,0.0,0.319
1966,3,solar,0.0,0.713
1966,3,biomass,0.0,0.37
1966,3,coal,42904.817,0.395
1966,3,gas,14300.339,0.322
1966,3,oil,54545.829,0.476
1966,4,hydro,36106.5,0.768
1966,4,wind,0.0,0.566
1966,4,solar,0.0,0.394
1966,4,biomass,0.0,0.647
1966,4,coal,36704.2,0.783
1966,4,gas,12233.65,0.356
1966,4,oil,46662.85,0.59
1966,5,hydro,44917.097,0.772
1966,5,wind,0.0,0.424
1966,5,solar,0.0,0.775
1966,5,biomass,0.0,0.548
1966,5,coal,28234.0,0.779
1966,5,gas,9410.5,0.881
1966,5,oil,35894.5,0.699
1966,6,hydro,48142.0,0.487
1966,6,wind,0.0,0.878
1966,6,solar,0.0,0.638
1966,6,biomass,0.0,0.374
1966,6,coal,19763.8,0.794
1966,6,gas,6587.35,0.768
1966,6,oil,25126.15,0.751
1966,7,hydro,44917.097,0.648
1966,7,wind,0.0,0.493
1966,7,solar,0.0,0.364
1966,7,biomass,0.0,0.377
1966,7,coal,13563.183,0.541
1966,7,gas,4520.661,0.71
1966,7,oil,17243.171,0.624
1966,8,hydro,36106.5,0.555
1966,8,wind,0.0,0.847
1966,8,solar,0.0,0.316
1966,8,biomass,0.0,0.352
1966,8,coal,11293.6,0.8
1966,8,gas,3764.2,0.659
1966,8,oil,14357.8,0.759
1966,9,hydro,24071.0,0.301
1966,9,wind,0.0,0.584
1966,9,solar,0.0,0.296
1966,9,biomass,0.0,0.4
1966,9,coal,13563.183,0.345
1966,9,gas,4520.661,0.683
1966,9,oil,17243.171,0.824
1966,10,hydro,12035.5,0.542
1966,10,wind,0.0,0.776
1966,10,solar,0.0,0.756
1966,10,biomass,0.0,0.707
1966,10,coal,19763.8,0.416
1966,10,gas,6587.35,0.676
1966,10,oil,25126.15,0.606
1966,11,hydro,3224.903,0.539
1966,11,wind,0.0,0.855
1966,11,solar,0.0,0.658
1966,11,biomass,0.0,0.315
1966,11,coal,28234.0,0.4
1966,11,gas,9410.5,0.592
1966,11,oil,35894.5,0.862
1966,12,hydro,0.0,0.668
1966,12,wind,0.0,0.762
1966,12,solar,0.0,0.501
1966,12,biomass,0.0,0.295
1966,12,coal,36704.2,0.433
1966,12,gas,12233.65,0.363
1966,12,oil,46662.85,0.61
1967,1,hydro,3293.163,0.361
1967,1,wind,0.0,0.521
1967,1,solar,0.0,0.761
1967,1,biomass,0.0,0.628
1967,1,coal,40612.477,0.436
1967,1,gas,13700.851,0.766
1967,1,oil,58161.754,0.7
1967,2,hydro,12290.25,0.47
1967,2,wind,0.0,0.42
1967,2,solar,0.0,0.782
1967,2,biomass,0.0,0.715
1967,2,coal,42760.8,0.885
1967,2,gas,14425.6,0.589
1967,2,oil,61238.4,0.41
1967,3,hydro,24580.5,0.706
1967,3,wind,0.0,0.33
1967,3,solar,0.0,0.691
1967,3,biomass,0.0,0.475
1967,3,coal,40612.477,0.565
1967,3,gas,13700.851,0.505
1967,3,oil,58161.754,0.787
1967,4,hydro,36870.75,0.759
1967,4,wind,0.0,0.33
1967,4,solar,0.0,0.748
1967,4,biomass,0.0,0.859
1967,4,coal,34743.15,0.41
1967,4,gas,11720.8,0.775
1967,4,oil,49756.2,0.595
1967,5,hydro,45867.837,0.374
1967,5,wind,0.0,0.841
1967,5,solar,0.0,0.737
1967,5,biomass,0.0,0.66
1967,5,coal,26725.5,0.5
1967,5,gas,9016.0,0.423
1967,5,oil,38274.0,0.71
1967,6,hydro,49161.0,0.499
1967,6,wind,0.0,0.771
1967,6,solar,0.0,0.5
1967,6,biomass,0.0,0.363
1967,6,coal,18707.85,0.747
1967,6,gas,6311.2,0.826
1967,6,oil,26791.8,0.529
1967,7,hydro,45867.837,0.436
1967,7,wind,0.0,0.587
1967,7,solar,0.0,0.595
1967,7,biomass,0.0,0.838
1967,7,coal,12838.523,0.391
1967,7,gas,4331.149,0.861
1967,7,oil,18386.246,0.577
1967,8,hydro,36870.75,0.536
1967,8,wind,0.0,0.386
1967,8,solar,0.0,0.736
1967,8,biomass,0.0,0.683
1967,8,coal,10690.2,0.889
1967,8,gas,3606.4,0.425
1967,8,oil,15309.6,0.38
1967,9,hydro,24580.5,0.719
1967,9,wind,0.0,0.34
1967,9,solar,0.0,0.386
1967,9,biomass,0.0,0.815
1967,9,coal,12838.523,0.579
1967,9,gas,4331.149,0.407
1967,9,oil,18386.246,0.51
1967,10,hydro,12290.25,0.836
1967,10,wind,0.0,0.666
1967,10,solar,0.0,0.778
1967,10,biomass,0.0,0.687
1967,10,coal,18707.85,0.671
1967,10,gas,6311.2,0.406
1967,10,oil,26791.8,0.886
1967,11,hydro,3293.163,0.817
1967,11,wind,0.0,0.356
1967,11,solar,0.0,0.818
1967,11,biomass,0.0,0.598
1967,11,coal,26725.5,0.901
1967,11,gas,9016.0,0.659
1967,11,oil,38274.0,0.806
1967,12,hydro,0.0,0.472
1967,12,wind,0.0,0.742
1967,12,solar,0.0,0.746
1967,12,biomass,0.0,0.452
1967,12,coal,34743.15,0.5
1967,12,gas,11720.8,0.652
1967,12,oil,49756.2,0.839
1968,1,hydro,3383.796,0.671
1968,1,wind,0.0,0.405
1968,1,solar,0.0,0.66
1968,1,biomass,0.0,0.319
1968,1,coal,40098.087,0.904
1968,1,gas,14610.341,0.34
1968,1,oil,67217.141,0.598
1968,2,hydro,12628.5,0.777
1968,2,wind,0.0,0.336
1968,2,solar,0.0,0.635
1968,2,biomass,0.0,0.604
1968,2,coal,42219.2,0.795
1968,2,gas,15383.2,0.809
1968,2,oil,70772.8,0.587
1968,3,hydro,25257.0,0.46
1968,3,wind,0.0,0.651
1968,3,solar,0.0,0.323
1968,3,biomass,0.0,0.755
1968,3,coal,40098.087,0.886
1968,3,gas,14610.341,0.396
1968,3,oil,67217.141,0.493
1968,4,hydro,37885.5,0.705
1968,4,wind,0.0,0.37
1968,4,solar,0.0,0.604
1968,4,biomass,0.0,0.499
1968,4,coal,34303.1,0.738
1968,4,gas,12498.85,0.831
1968,4,oil,57502.9,0.764
1968,5,hydro,47130.204,0.331
1968,5,wind,0.0,0.589
1968,5,solar,0.0,0.779
1968,5,biomass,0.0,0.841
1968,5,coal,26387.0,0.559
1968,5,gas,9614.5,0.79
1968,5,oil,44233.0,0.538
1968,6,hydro,50514.0,0.595
1968,6,wind,0.0,0.696
1968,6,solar,0.0,0.832
1968,6,biomass,0.0,0.358
1968,6,coal,18470.9,0.852
1968,6,gas,6730.15,0.516
1968,6,oil,30963.1,0.336
1968,7,hydro,47130.204,0.572
1968,7,wind,0.0,0.478
1968,7,solar,0.0,0.884
1968,7,biomass,0.0,0.641
1968,7,coal,12675.913,0.793
1968,7,gas,4618.659,0.789
1968,7,oil,21248.859,0.365
1968,8,hydro,37885.5,0.845
1968,8,wind,0.0,0.757
1968,8,solar,0.0,0.349
1968,8,biomass,0.0,0.883
1968,8,coal,10554.8,0.721
1968,8,gas,3845.8,0.849
1968,8,oil,17693.2,0.383
1968,9,hydro,25257.0,0.535
1968,9,wind,0.0,0.687
1968,9,solar,0.0,0.535
1968,9,biomass,0.0,0.421
1968,9,coal,12675.913,0.651
1968,9,gas,4618.659,0.356
1968,9,oil,21248.859,0.742
1968,10,hydro,12628.5,0.439
1968,10,wind,0.0,0.905
1968,10,solar,0.0,0.459
1968,10,biomass,0.0,0.384
1968,10,coal,18470.9,0.603
1968,10,gas,6730.15,0.879
1968,10,oil,30963.1,0.664
1968,11,hydro,3383.796,0.891
1968,11,wind,0.0,0.442
1968,11,solar,0.0,0.763
1968,11,biomass,0.0,0.451
1968,11,coal,26387.0,0.528
1968,11,gas,9614.5,0.476
1968,11,oil,44233.0,0.724
1968,12,hydro,0.0,0.482
1968,12,wind,0.0,0.354
1968,12,solar,0.0,0.523
1968,12,biomass,0.0,0.608
1968,12,coal,34303.1,0.632
1968,12,gas,12498.85,0.39
1968,12,oil,57502.9,0.742
1969,1,hydro,3110.823,0.735
1969,1,wind,0.0,0.648
1969,1,solar,0.0,0.503
1969,1,biomass,0.0,0.701
1969,1,coal,39461.369,0.808
1969,1,gas,17725.552,0.895
1969,1,oil,73873.056,0.813
1969,2,hydro,11609.75,0.893
1969,2,wind,0.0,0.367
1969,2,solar,0.0,0.863
1969,2,biomass,0.0,0.603
1969,2,coal,41548.8,0.376
1969,2,gas,18663.2,0.867
1969,2,oil,77780.8,0.501
1969,3,hydro,23219.5,0.902
1969,3,wind,0.0,0.394
1969,3,solar,0.0,0.494
1969,3,biomass,0.0,0.746
1969,3,coal,39461.369,0.626
1969,3,gas,17725.552,0.853
1969,3,oil,73873.056,0.64
1969,4,hydro,34829.25,0.704
1969,4,wind,0.0,0.504
1969,4,solar,0.0,0.91
1969,4,biomass,0.0,0.653
1969,4,coal,33758.4,0.407
1969,4,gas,15163.85,0.536
1969,4,oil,63196.9,0.594
1969,5,hydro,43328.177,0.715
1969,5,wind,0.0,0.503
1969,5,solar,0.0,0.366
1969,5,biomass,0.0,0.851
1969,5,coal,25968.0,0.467
1969,5,gas,11664.5,0.896
1969,5,oil,48613.0,0.715
1969,6,hydro,46439.0,0.575
1969,6,wind,0.0,0.534
1969,6,solar,0.0,0.716
1969,6,biomass,0.0,0.524
1969,6,coal,18177.6,0.684
1969,6,gas,8165.15,0.746
1969,6,oil,34029.1,0.833
1969,7,hydro,43328.177,0.595
1969,7,wind,0.0,0.51
1969,7,solar,0.0,0.407
1969,7,biomass,0.0,0.802
1969,7,coal,12474.631,0.431
1969,7,gas,5603.448,0.484
1969,7,oil,23352.944,0.619
1969,8,hydro,34829.25,0.91
1969,8,wind,0.0,0.79
1969,8,solar,0.0,0.356
1969,8,biomass,0.0,0.54
1969,8,coal,10387.2,0.602
1969,8,gas,4665.8,0.428
1969,8,oil,19445.2,0.882
1969,9,hydro,23219.5,0.755
1969,9,wind,0.0,0.499
1969,9,solar,0.0,0.912
1969,9,biomass,0.0,0.832
1969,9,coal,12474.631,0.744
1969,9,gas,5603.448,0.728
1969,9,oil,23352.944,0.42
1969,10,hydro,11609.75,0.471
1969,10,wind,0.0,0.353
1969,10,solar,0.0,0.518
1969,10,biomass,0.0,0.404
1969,10,coal,18177.6,0.484
1969,10,gas,8165.15,0.439
1969,10,oil,34029.1,0.665
1969,11,hydro,3110.823,0.349
1969,11,wind,0.0,0.518
1969,11,solar,0.0,0.534
1969,11,biomass,0.0,0.552
1969,11,coal,25968.0,0.652
1969,11,gas,11664.5,0.426
1969,11,oil,48613.0,0.509
1969,12,hydro,0.0,0.88
1969,12,wind,0.0,0.571
1969,12,solar,0.0,0.628
1969,12,biomass,0.0,0.415
1969,12,coal,33758.4,0.603
1969,12,gas,15163.85,0.52
1969,12,oil,63196.9,0.331
1970,1,hydro,3961.495,0.783
1970,1,wind,0.0,0.925
1970,1,solar,0.0,0.539
1970,1,biomass,0.0,0.763
1970,1,coal,42438.295,0.624
1970,1,gas,21501.036,0.514
1970,1,oil,81332.847,0.906
1970,2,hydro,14784.5,0.928
1970,2,wind,0.0,0.684
1970,2,solar,0.0,0.428
1970,2,biomass,0.0,0.679
1970,2,coal,44683.2,0.884
1970,2,gas,22638.4,0.605
1970,2,oil,85635.2,0.753
1970,3,hydro,29569.0,0.779
1970,3,wind,0.0,0.88
1970,3,solar,0.0,0.424
1970,3,biomass,0.0,0.671
1970,3,coal,42438.295,0.525
1970,3,gas,21501.036,0.581
1970,3,oil,81332.847,0.845
1970,4,hydro,44353.5,0.608
1970,4,wind,0.0,0.395
1970,4,solar,0.0,0.373
1970,4,biomass,0.0,0.725
1970,4,coal,36305.1,0.69
1970,4,gas,18393.7,0.473
1970,4,oil,69578.6,0.901
1970,5,hydro,55176.505,0.507
1970,5,wind,0.0,0.354
1970,5,solar,0.0,0.663
1970,5,biomass,0.0,0.607
1970,5,coal,27927.0,0.743
1970,5,gas,14149.0,0.392
1970,5,oil,53522.0,0.647
1970,6,hydro,59138.0,0.457
1970,6,wind,0.0,0.531
1970,6,solar,0.0,0.703
1970,6,biomass,0.0,0.906
1970,6,coal,19548.9,0.885
1970,6,gas,9904.3,0.557
1970,6,oil,37465.4,0.429
1970,7,hydro,55176.505,0.852
1970,7,wind,0.0,0.562
1970,7,solar,0.0,0.564
1970,7,biomass,0.0,0.511
1970,7,coal,13415.705,0.551
1970,7,gas,6796.964,0.927
1970,7,oil,25711.153,0.865
1970,8,hydro,44353.5,0.393
1970,8,wind,0.0,0.777
1970,8,solar,0.0,0.607
1970,8,biomass,0.0,0.936
1970,8,coal,11170.8,0.822
1970,8,gas,5659.6,0.513
1970,8,oil,21408.8,0.823
1970,9,hydro,29569.0,0.922
1970,9,wind,0.0,0.594
1970,9,solar,0.0,0.878
1970,9,biomass,0.0,0.424
1970,9,coal,13415.705,0.692
1970,9,gas,6796.964,0.392
1970,9,oil,25711.153,0.465
1970,10,hydro,14784.5,0.625
1970,10,wind,0.0,0.861
1970,10,solar,0.0,0.932
1970,10,biomass,0.0,0.38
1970,10,coal,19548.9,0.916
1970,10,gas,9904.3,0.794
1970,10,oil,37465.4,0.393
1970,11,hydro,3961.495,0.586
1970,11,wind,0.0,0.889
1970,11,solar,0.0,0.589
1970,11,biomass,0.0,0.673
1970,11,coal,27927.0,0.766
1970,11,gas,14149.0,0.793
1970,11,oil,53522.0,0.422
1970,12,hydro,0.0,0.452
1970,12,wind,0.0,0.569
1970,12,solar,0.0,0.672
1970,12,biomass,0.0,0.365
1970,12,coal,36305.1,0.836
1970,12,gas,18393.7,0.841
1970,12,oil,69578.6,0.522
1971,1,hydro,3129.781,0.688
1971,1,wind,0.0,0.63
1971,1,solar,0.0,0.368
1971,1,biomass,0.0,0.353
1971,1,coal,38927.984,0.51
1971,1,gas,24699.066,0.926
1971,1,oil,90878.31,0.853
1971,2,hydro,11680.5,0.636
1971,2,wind,0.0,0.744
1971,2,solar,0.0,0.888
1971,2,biomass,0.0,0.602
1971,2,coal,40987.2,0.647
1971,2,gas,26005.6,0.765
1971,2,oil,95685.6,0.499
1971,3,hydro,23361.0,0.424
1971,3,wind,0.0,0.518
1971,3,solar,0.0,0.949
1971,3,biomass,0.0,0.392
1971,3,coal,38927.984,0.799
1971,3,gas,24699.066,0.701
1971,3,oil,90878.31,0.691
1971,4,hydro,35041.5,0.873
1971,4,wind,0.0,0.729
1971,4,solar,0.0,0.638
1971,4,biomass,0.0,0.769
1971,4,coal,33302.1,0.424
1971,4,gas,21129.55,0.66
1971,4,oil,77744.55,0.697
1971,5,hydro,43592.219,0.859
1971,5,wind,0.0,0.45
1971,5,solar,0.0,0.387
1971,5,biomass,0.0,0.544
1971,5,coal,25617.0,0.879
1971,5,gas,16253.5,0.433
1971,5,oil,59803.5,0.45
1971,6,hydro,46722.0,0.516
1971,6,wind,0.0,0.604
1971,6,solar,0.0,0.899
1971,6,biomass,0.0,0.566
1971,6,coal,17931.9,0.526
1971,6,gas,11377.45,0.67
1971,6,oil,41862.45,0.914
1971,7,hydro,43592.219,0.66
1971,7,wind,0.0,0.812
1971,7,solar,0.0,0.462
1971,7,biomass,0.0,0.409
1971,7,coal,12306.016,0.804
1971,7,gas,7807.934,0.678
1971,7,oil,28728.69,0.875
1971,8,hydro,35041.5,0.848
1971,8,wind,0.0,0.763
1971,8,solar,0.0,0.533
1971,8,biomass,0.0,0.763
1971,8,coal,10246.8,0.765
1971,8,gas,6501.4,0.41
1971,8,oil,23921.4,0.7
1971,9,hydro,23361.0,0.846
1971,9,wind,0.0,0.36
1971,9,solar,0.0,0.663
1971,9,biomass,0.0,0.576
1971,9,coal,12306.016,0.643
1971,9,gas,7807.934,0.556
1971,9,oil,28728.69,0.898
1971,10,hydro,11680.5,0.413
1971,10,wind,0.0,0.445
1971,10,solar,0.0,0.485
1971,10,biomass,0.0,0.465
1971,10,coal,17931.9,0.89
1971,10,gas,11377.45,0.72
1971,10,oil,41862.45,0.851
1971,11,hydro,3129.781,0.667
1971,11,wind,0.0,0.671
1971,11,solar,0.0,0.683
1971,11,biomass,0.0,0.806
1971,11,coal,25617.0,0.42
1971,11,gas,16253.5,0.628
1971,11,oil,59803.5,0.398
1971,12,hydro,0.0,0.843
1971,12,wind,0.0,0.906
1971,12,solar,0.0,0.64
1971,12,biomass,0.0,0.539
1971,12,coal,33302.1,0.57
1971,12,gas,21129.55,0.842
1971,12,oil,77744.55,0.886
1972,1,hydro,3216.797,0.723
1972,1,wind,0.0,0.822
1972,1,solar,0.0,0.569
1972,1,biomass,0.0,0.79
1972,1,coal,35296.103,0.381
1972,1,gas,26692.042,0.853
1972,1,oil,98108.639,0.497
1972,2,hydro,12005.25,0.878
1972,2,wind,0.0,0.449
1972,2,solar,0.0,0.5
1972,2,biomass,0.0,0.439
1972,2,coal,37163.2,0.442
1972,2,gas,28104.0,0.411
1972,2,oil,103298.4,0.778
1972,3,hydro,24010.5,0.834
1972,3,wind,0.0,0.411
1972,3,solar,0.0,0.829
1972,3,biomass,0.0,0.818
1972,3,coal,35296.103,0.39
1972,3,gas,26692.042,0.429
1972,3,oil,98108.639,0.84
1972,4,hydro,36015.75,0.672
1972,4,wind,0.0,0.4
1972,4,solar,0.0,0.435
1972,4,biomass,0.0,0.516
1972,4,coal,30195.1,0.404
1972,4,gas,22834.5,0.765
1972,4,oil,83929.95,0.817
1972,5,hydro,44804.203,0.833
1972,5,wind,0.0,0.916
1972,5,solar,0.0,0.487
1972,5,biomass,0.0,0.905
1972,5,coal,23227.0,0.475
1972,5,gas,17565.0,0.575
1972,5,oil,64561.5,0.418
1972,6,hydro,48021.0,0.872
1972,6,wind,0.0,0.929
1972,6,solar,0.0,0.933
1972,6,biomass,0.0,0.573
1972,6,coal,16258.9,0.46
1972,6,gas,12295.5,0.664
1972,6,oil,45193.05,0.801
1972,7,hydro,44804.203,0.509
1972,7,wind,0.0,0.706
1972,7,solar,0.0,0.423
1972,7,biomass,0.0,0.711
1972,7,coal,11157.897,0.372
1972,7,gas,8437.958,0.494
1972,7,oil,31014.361,0.479
1972,8,hydro,36015.75,0.533
1972,8,wind,0.0,0.905
1972,8,solar,0.0,0.686
1972,8,biomass,0.0,0.948
1972,8,coal,9290.8,0.423
1972,8,gas,7026.0,0.492
1972,8,oil,25824.6,0.667
1972,9,hydro,24010.5,0.789
1972,9,wind,0.0,0.584
1972,9,solar,0.0,0.718
1972,9,biomass,0.0,0.628
1972,9,coal,11157.897,0.939
1972,9,gas,8437.958,0.473
1972,9,oil,31014.361,0.577
1972,10,hydro,12005.25,0.592
1972,10,wind,0.0,0.493
1972,10,solar,0.0,0.501
1972,10,biomass,0.0,0.432
1972,10,coal,16258.9,0.955
1972,10,gas,12295.5,0.438
1972,10,oil,45193.05,0.43
1972,11,hydro,3216.797,0.446
1972,11,wind,0.0,0.821
1972,11,solar,0.0,0.787
1972,11,biomass,0.0,0.698
1972,11,coal,23227.0,0.388
1972,11,gas,17565.0,0.561
1972,11,oil,64561.5,0.433
1972,12,hydro,0.0,0.534
1972,12,wind,0.0,0.724
1972,12,solar,0.0,0.551
1972,12,biomass,0.0,0.95
1972,12,coal,30195.1,0.63
1972,12,gas,22834.5,0.696
1972,12,oil,83929.95,0.538
1973,1,hydro,3574.375,0.889
1973,1,wind,0.0,0.489
1973,1,solar,0.0,0.418
1973,1,biomass,0.0,0.881
1973,1,coal,35080.318,0.661
1973,1,gas,29336.932,0.783
1973,1,oil,106318.361,0.484
1973,2,hydro,13339.75,0.975
1973,2,wind,0.0,0.671
1973,2,solar,0.0,0.439
1973,2,biomass,0.0,0.639
1973,2,coal,36936.0,0.771
1973,2,gas,30888.8,0.427
1973,2,oil,111942.4,0.462
1973,3,hydro,26679.5,0.616
1973,3,wind,0.0,0.73
1973,3,solar,0.0,0.437
1973,3,biomass,0.0,0.931
1973,3,coal,35080.318,0.963
1973,3,gas,29336.932,0.415
1973,3,oil,106318.361,0.961
1973,4,hydro,40019.25,0.579
1973,4,wind,0.0,0.733
1973,4,solar,0.0,0.97
1973,4,biomass,0.0,0.45
1973,4,coal,30010.5,0.879
1973,4,gas,25097.15,0.811
1973,4,oil,90953.2,0.543
1973,5,hydro,49784.625,0.804
1973,5,wind,0.0,0.725
1973,5,solar,0.0,0.54
1973,5,biomass,0.0,0.85
1973,5,coal,23085.0,0.762
1973,5,gas,19305.5,0.616
1973,5,oil,69964.0,0.661
1973,6,hydro,53359.0,0.738
1973,6,wind,0.0,0.619
1973,6,solar,0.0,0.667
1973,6,biomass,0.0,0.543
1973,6,coal,16159.5,0.837
1973,6,gas,13513.85,0.441
1973,6,oil,48974.8,0.526
1973,7,hydro,49784.625,0.674
1973,7,wind,0.0,0.753
1973,7,solar,0.0,0.457
1973,7,biomass,0.0,0.436
1973,7,coal,11089.682,0.408
1973,7,gas,9274.068,0.417
1973,7,oil,33609.639,0.783
1973,8,hydro,40019.25,0.959
1973,8,wind,0.0,0.606
1973,8,solar,0.0,0.784
1973,8,biomass,0.0,0.468
1973,8,coal,9234.0,0.749
1973,8,gas,7722.2,0.434
1973,8,oil,27985.6,0.422
1973,9,hydro,26679.5,0.827
1973,9,wind,0.0,0.837
1973,9,solar,0.0,0.852
1973,9,biomass,0.0,0.497
1973,9,coal,11089.682,0.773
1973,9,gas,9274.068,0.67
1973,9,oil,33609.639,0.533
1973,10,hydro,13339.75,0.582
1973,10,wind,0.0,0.892
1973,10,solar,0.0,0.704
1973,10,biomass,0.0,0.948
1973,10,coal,16159.5,0.395
1973,10,gas,13513.85,0.634
1973,10,oil,48974.8,0.925
1973,11,hydro,3574.375,0.606
1973,11,wind,0.0,0.565
1973,11,solar,0.0,0.602
1973,11,biomass,0.0,0.652
1973,11,coal,23085.0,0.396
1973,11,gas,19305.5,0.71
1973,11,oil,69964.0,0.892
1973,12,hydro,0.0,0.558
1973,12,wind,0.0,0.8
1973,12,solar,0.0,0.671
1973,12,biomass,0.0,0.457
1973,12,coal,30010.5,0.805
1973,12,gas,25097.15,0.668
1973,12,oil,90953.2,0.442
1974,1,hydro,4226.162,0.793
1974,1,wind,0.0,0.784
1974,1,solar,0.0,0.799
1974,1,biomass,0.0,0.731
1974,1,coal,37020.107,0.674
1974,1,gas,31799.469,0.901
1974,1,oil,95149.189,0.692
1974,2,hydro,15772.25,0.623
1974,2,wind,0.0,0.685
1974,2,solar,0.0,0.971
1974,2,biomass,0.0,0.758
1974,2,coal,38978.4,0.6
1974,2,gas,33481.6,0.975
1974,2,oil,100182.4,0.58
1974,3,hydro,31544.5,0.405
1974,3,wind,0.0,0.415
1974,3,solar,0.0,0.89
1974,3,biomass,0.0,0.597
1974,3,coal,37020.107,0.833
1974,3,gas,31799.469,0.404
1974,3,oil,95149.189,0.923
1974,4,hydro,47316.75,0.593
1974,4,wind,0.0,0.446
1974,4,solar,0.0,0.595
1974,4,biomass,0.0,0.602
1974,4,coal,31669.95,0.599
1974,4,gas,27203.8,0.785
1974,4,oil,81398.2,0.537
1974,5,hydro,58862.838,0.777
1974,5,wind,0.0,0.744
1974,5,solar,0.0,0.934
1974,5,biomass,0.0,0.427
1974,5,coal,24361.5,0.571
1974,5,gas,20926.0,0.591
1974,5,oil,62614.0,0.4
1974,6,hydro,63089.0,0.584
1974,6,wind,0.0,0.665
1974,6,solar,0.0,0.906
1974,6,biomass,0.0,0.729
1974,6,coal,17053.05,0.929
1974,6,gas,14648.2,0.548
1974,6,oil,43829.8,0.806
1974,7,hydro,58862.838,0.741
1974,7,wind,0.0,0.979
1974,7,solar,0.0,0.615
1974,7,biomass,0.0,0.622
1974,7,coal,11702.893,0.732
1974,7,gas,10052.531,0.873
1974,7,oil,30078.811,0.448
1974,8,hydro,47316.75,0.793
1974,8,wind,0.0,0.59
1974,8,solar,0.0,0.69
1974,8,biomass,0.0,0.847
1974,8,coal,9744.6,0.592
1974,8,gas,8370.4,0.757
1974,8,oil,25045.6,0.606
1974,9,hydro,31544.5,0.65
1974,9,wind,0.0,0.686
1974,9,solar,0.0,0.896
1974,9,biomass,0.0,0.86
1974,9,coal,11702.893,0.892
1974,9,gas,10052.531,0.71
1974,9,oil,30078.811,0.56
1974,10,hydro,15772.25,0.417
1974,10,wind,0.0,0.986
1974,10,solar,0.0,0.629
1974,10,biomass,0.0,0.524
1974,10,coal,17053.05,0.834
1974,10,gas,14648.2,0.443
1974,10,oil,43829.8,0.895
1974,11,hydro,4226.162,0.445
1974,11,wind,0.0,0.59
1974,11,solar,0.0,0.428
1974,11,biomass,0.0,0.869
1974,11,coal,24361.5,0.673
1974,11,gas,20926.0,0.514
1974,11,oil,62614.0,0.865
1974,12,hydro,0.0,0.779
1974,12,wind,0.0,0.569
1974,12,solar,0.0,0.87
1974,12,biomass,0.0,0.648
1974,12,coal,31669.95,0.712
1974,12,gas,27203.8,0.508
1974,12,oil,81398.2,0.629
1975,1,hydro,4427.726,0.775
1975,1,wind,0.0,0.672
1975,1,solar,0.0,0.858
1975,1,biomass,0.0,0.508
1975,1,coal,32171.014,0.411
1975,1,gas,31761.478,0.822
1975,1,oil,96160.493,0.918
1975,2,hydro,16524.5,0.746
1975,2,wind,0.0,0.528
1975,2,solar,0.0,0.977
1975,2,biomass,0.0,0.845
1975,2,coal,33872.8,0.68
1975,2,gas,33441.6,0.962
1975,2,oil,101247.2,0.72
1975,3,hydro,33049.0,0.769
1975,3,wind,0.0,0.861
1975,3,solar,0.0,0.66
1975,3,biomass,0.0,0.74
1975,3,coal,32171.014,0.776
1975,3,gas,31761.478,0.713
1975,3,oil,96160.493,0.619
1975,4,hydro,49573.5,0.489
1975,4,wind,0.0,0.49
1975,4,solar,0.0,0.811
1975,4,biomass,0.0,0.58
1975,4,coal,27521.65,0.661
1975,4,gas,27171.3,0.591
1975,4,oil,82263.35,0.898
1975,5,hydro,61670.274,0.439
1975,5,wind,0.0,0.522
1975,5,solar,0.0,0.647
1975,5,biomass,0.0,0.894
1975,5,coal,21170.5,0.788
1975,5,gas,20901.0,0.554
1975,5,oil,63279.5,0.761
1975,6,hydro,66098.0,0.644
1975,6,wind,0.0,0.468
1975,6,solar,0.0,0.515
1975,6,biomass,0.0,0.547
1975,6,coal,14819.35,0.896
1975,6,gas,14630.7,0.678
1975,6,oil,44295.65,0.736
1975,7,hydro,61670.274,0.662
1975,7,wind,0.0,0.788
1975,7,solar,0.0,0.422
1975,7,biomass,0.0,0.496
1975,7,coal,10169.986,0.482
1975,7,gas,10040.522,0.555
1975,7,oil,30398.507,0.882
1975,8,hydro,49573.5,0.795
1975,8,wind,0.0,0.506
1975,8,solar,0.0,0.912
1975,8,biomass,0.0,0.978
1975,8,coal,8468.2,0.692
1975,8,gas,8360.4,0.412
1975,8,oil,25311.8,0.916
1975,9,hydro,33049.0,0.45
1975,9,wind,0.0,0.761
1975,9,solar,0.0,0.92
1975,9,biomass,0.0,0.94
1975,9,coal,10169.986,0.644
1975,9,gas,10040.522,0.618
1975,9,oil,30398.507,0.794
1975,10,hydro,16524.5,0.454
1975,10,wind,0.0,0.966
1975,10,solar,0.0,0.835
1975,10,biomass,0.0,0.484
1975,10,coal,14819.35,0.467
1975,10,gas,14630.7,0.841
1975,10,oil,44295.65,0.96
1975,11,hydro,4427.726,0.713
1975,11,wind,0.0,0.897
1975,11,solar,0.0,0.97
1975,11,biomass,0.0,0.959
1975,11,coal,21170.5,0.551
1975,11,gas,20901.0,0.931
1975,11,oil,63279.5,0.543
1975,12,hydro,0.0,0.473
1975,12,wind,0.0,0.884
1975,12,solar,0.0,0.598
1975,12,biomass,0.0,0.751
1975,12,coal,27521.65,0.634
1975,12,gas,27171.3,0.849
1975,12,oil,82263.35,0.542
1976,1,hydro,3826.783,0.666
1976,1,wind,0.0,0.499
1976,1,solar,0.0,0.517
1976,1,biomass,0.0,0.994
1976,1,coal,34236.931,0.676
1976,1,gas,36174.441,0.565
1976,1,oil,104405.925,0.766
1976,2,hydro,14281.75,0.706
1976,2,wind,0.0,0.637
1976,2,solar,0.0,0.981
1976,2,biomass,0.0,0.602
1976,2,coal,36048.0,0.666
1976,2,gas,38088.0,0.822
1976,2,oil,109928.8,0.99
1976,3,hydro,28563.5,0.94
1976,3,wind,0.0,0.974
1976,3,solar,0.0,0.63
1976,3,biomass,0.0,0.841
1976,3,coal,34236.931,0.905
1976,3,gas,36174.441,0.425
1976,3,oil,104405.925,0.992
1976,4,hydro,42845.25,0.775
1976,4,wind,0.0,0.917
1976,4,solar,0.0,0.809
1976,4,biomass,0.0,0.977
1976,4,coal,29289.0,0.826
1976,4,gas,30946.5,0.885
1976,4,oil,89317.15,0.556
1976,5,hydro,53300.217,0.744
1976,5,wind,0.0,0.598
1976,5,solar,0.0,0.987
1976,5,biomass,0.0,0.63
1976,5,coal,22530.0,0.899
1976,5,gas,23805.0,0.485
1976,5,oil,68705.5,0.932
1976,6,hydro,57127.0,0.927
1976,6,wind,0.0,0.645
1976,6,solar,0.0,0.958
1976,6,biomass,0.0,0.648
1976,6,coal,15771.0,0.999
1976,6,gas,16663.5,0.565
1976,6,oil,48093.85,0.466
1976,7,hydro,53300.217,0.906
1976,7,wind,0.0,0.553
1976,7,solar,0.0,0.538
1976,7,biomass,0.0,0.946
1976,7,coal,10823.069,0.962
1976,7,gas,11435.559,0.791
1976,7,oil,33005.075,0.94
1976,8,hydro,42845.25,0.872
1976,8,wind,0.0,0.656
1976,8,solar,0.0,0.432
1976,8,biomass,0.0,0.932
1976,8,coal,9012.0,0.906
1976,8,gas,9522.0,0.976
1976,8,oil,27482.2,0.695
1976,9,hydro,28563.5,0.66
1976,9,wind,0.0,0.917
1976,9,solar,0.0,0.842
1976,9,biomass,0.0,0.938
1976,9,coal,10823.069,0.904
1976,9,gas,11435.559,0.907
1976,9,oil,33005.075,0.831
1976,10,hydro,14281.75,0.716
1976,10,wind,0.0,0.623
1976,10,solar,0.0,0.773
1976,10,biomass,0.0,0.9
1976,10,coal,15771.0,0.855
1976,10,gas,16663.5,0.684
1976,10,oil,48093.85,0.428
1976,11,hydro,3826.783,0.443
1976,11,wind,0.0,0.797
1976,11,solar,0.0,0.79
1976,11,biomass,0.0,0.887
1976,11,coal,22530.0,0.494
1976,11,gas,23805.0,0.652
1976,11,oil,68705.5,0.789
1976,12,hydro,0.0,0.6
1976,12,wind,0.0,0.461
1976,12,solar,0.0,0.507
1976,12,biomass,0.0,0.722
1976,12,coal,29289.0,0.994
1976,12,gas,30946.5,0.91
1976,12,oil,89317.15,0.87
1977,1,hydro,4637.129,0.932
1977,1,wind,0.0,0.835
1977,1,solar,0.0,0.9
1977,1,biomass,0.0,0.616
1977,1,coal,28720.728,0.711
1977,1,gas,36865.866,0.865
1977,1,oil,99980.805,0.58
1977,2,hydro,17306.0,0.836
1977,2,wind,0.0,0.92
1977,2,solar,0.0,0.904
1977,2,biomass,0.0,0.543
1977,2,coal,30240.0,0.673
1977,2,gas,38816.0,0.533
1977,2,oil,105269.6,0.95
1977,3,hydro,34612.0,0.991
1977,3,wind,0.0,0.955
1977,3,solar,0.0,0.559
1977,3,biomass,0.0,0.993
1977,3,coal,28720.728,0.978
1977,3,gas,36865.866,0.812
1977,3,oil,99980.805,0.8
1977,4,hydro,51918.0,0.968
1977,4,wind,0.0,1.008
1977,4,solar,0.0,0.543
1977,4,biomass,0.0,0.845
1977,4,coal,24570.0,0.525
1977,4,gas,31538.0,0.665
1977,4,oil,85531.55,0.681
1977,5,hydro,64586.871,0.58
1977,5,wind,0.0,0.477
1977,5,solar,0.0,0.645
1977,5,biomass,0.0,0.992
1977,5,coal,18900.0,0.494
1977,5,gas,24260.0,0.855
1977,5,oil,65793.5,0.685
1977,6,hydro,69224.0,0.976
1977,6,wind,0.0,0.696
1977,6,solar,0.0,0.828
1977,6,biomass,0.0,0.495
1977,6,coal,13230.0,0.852
1977,6,gas,16982.0,0.538
1977,6,oil,46055.45,0.941
1977,7,hydro,64586.871,0.893
1977,7,wind,0.0,0.597
1977,7,solar,0.0,0.721
1977,7,biomass,0.0,0.502
1977,7,coal,9079.272,0.938
1977,7,gas,11654.134,0.784
1977,7,oil,31606.195,1.021
1977,8,hydro,51918.0,0.594
1977,8,wind,0.0,0.83
1977,8,solar,0.0,0.675
1977,8,biomass,0.0,0.669
1977,8,coal,7560.0,0.512
1977,8,gas,9704.0,0.598
1977,8,oil,26317.4,0.581
1977,9,hydro,34612.0,0.795
1977,9,wind,0.0,0.968
1977,9,solar,0.0,0.646
1977,9,biomass,0.0,0.835
1977,9,coal,9079.272,0.699
1977,9,gas,11654.134,0.43
1977,9,oil,31606.195,0.504
1977,10,hydro,17306.0,0.618
1977,10,wind,0.0,0.84
1977,10,solar,0.0,0.836
1977,10,biomass,0.0,0.852
1977,10,coal,13230.0,0.849
1977,10,gas,16982.0,0.866
1977,10,oil,46055.45,0.578
1977,11,hydro,4637.129,0.481
1977,11,wind,0.0,0.459
1977,11,solar,0.0,0.624
1977,11,biomass,0.0,0.565
1977,11,coal,18900.0,0.969
1977,11,gas,24260.0,1.022
1977,11,oil,65793.5,0.988
1977,12,hydro,0.0,1.004
1977,12,wind,0.0,0.783
1977,12,solar,0.0,0.873
1977,12,biomass,0.0,0.451
1977,12,coal,24570.0,0.576
1977,12,gas,31538.0,0.796
1977,12,oil,85531.55,0.606
1978,1,hydro,4640.88,0.673
1978,1,wind,0.0,0.659
1978,1,solar,0.0,1.017
1978,1,biomass,0.0,0.772
1978,1,coal,29178.132,0.784
1978,1,gas,38345.971,0.592
1978,1,oil,107565.965,0.738
1978,2,hydro,17320.0,0.994
1978,2,wind,0.0,0.963
1978,2,solar,0.0,0.515
1978,2,biomass,0.0,0.626
1978,2,coal,30721.6,0.754
1978,2,gas,40374.4,0.521
1978,2,oil,113256.0,0.506
1978,3,hydro,34640.0,0.462
1978,3,wind,0.0,0.513
1978,3,solar,0.0,0.959
1978,3,biomass,0.0,0.937
1978,3,coal,29178.132,0.885
1978,3,gas,38345.971,0.992
1978,3,oil,107565.965,0.606
1978,4,hydro,51960.0,0.962
1978,4,wind,0.0,0.804
1978,4,solar,0.0,0.893
1978,4,biomass,0.0,0.594
1978,4,coal,24961.3,0.624
1978,4,gas,32804.2,0.972
1978,4,oil,92020.5,0.625
1978,5,hydro,64639.12,1.033
1978,5,wind,0.0,0.894
1978,5,solar,0.0,0.527
1978,5,biomass,0.0,0.948
1978,5,coal,19201.0,0.83
1978,5,gas,25234.0,0.915
1978,5,oil,70785.0,0.468
1978,6,hydro,69280.0,0.525
1978,6,wind,0.0,0.574
1978,6,solar,0.0,0.458
1978,6,biomass,0.0,0.592
1978,6,coal,13440.7,0.86
1978,6,gas,17663.8,0.698
1978,6,oil,49549.5,1.033
1978,7,hydro,64639.12,0.992
1978,7,wind,0.0,0.46
1978,7,solar,0.0,0.65
1978,7,biomass,0.0,0.861
1978,7,coal,9223.868,0.727
1978,7,gas,12122.029,0.732
1978,7,oil,34004.035,0.944
1978,8,hydro,51960.0,0.956
1978,8,wind,0.0,0.51
1978,8,solar,0.0,0.492
1978,8,biomass,0.0,0.957
1978,8,coal,7680.4,0.544
1978,8,gas,10093.6,0.537
1978,8,oil,28314.0,0.741
1978,9,hydro,34640.0,0.6
1978,9,wind,0.0,0.971
1978,9,solar,0.0,0.787
1978,9,biomass,0.0,0.786
1978,9,coal,9223.868,1.019
1978,9,gas,12122.029,0.752
1978,9,oil,34004.035,0.778
1978,10,hydro,17320.0,0.686
1978,10,wind,0.0,0.482
1978,10,solar,0.0,0.897
1978,10,biomass,0.0,0.842
1978,10,coal,13440.7,0.968
1978,10,gas,17663.8,0.452
1978,10,oil,49549.5,0.845
1978,11,hydro,4640.88,0.844
1978,11,wind,0.0,0.673
1978,11,solar,0.0,0.79
1978,11,biomass,0.0,1.007
1978,11,coal,19201.0,0.938
1978,11,gas,25234.0,0.528
1978,11,oil,70785.0,0.485
1978,12,hydro,0.0,0.934
1978,12,wind,0.0,0.832
1978,12,solar,0.0,0.708
1978,12,biomass,0.0,1.009
1978,12,coal,24961.3,0.793
1978,12,gas,32804.2,0.439
1978,12,oil,92020.5,1.018
1979,1,hydro,5228.158,0.842
1979,1,wind,0.0,1.019
1979,1,solar,0.0,0.643
1979,1,biomass,0.0,0.887
1979,1,coal,31673.34,0.889
1979,1,gas,38020.773,1.022
1979,1,oil,112002.482,0.789
1979,2,hydro,19511.75,0.575
1979,2,wind,0.0,0.477
1979,2,solar,0.0,0.834
1979,2,biomass,0.0,0.642
1979,2,coal,33348.8,0.481
1979,2,gas,40032.0,0.49
1979,2,oil,117927.2,1.019
1979,3,hydro,39023.5,0.677
1979,3,wind,0.0,0.687
1979,3,solar,0.0,0.555
1979,3,biomass,0.0,1.027
1979,3,coal,31673.34,0.967
1979,3,gas,38020.773,0.502
1979,3,oil,112002.482,0.959
1979,4,hydro,58535.25,0.546
1979,4,wind,0.0,0.916
1979,4,solar,0.0,0.619
1979,4,biomass,0.0,0.9
1979,4,coal,27095.9,0.84
1979,4,gas,32526.0,0.52
1979,4,oil,95815.85,0.743
1979,5,hydro,72818.842,0.707
1979,5,wind,0.0,0.932
1979,5,solar,0.0,0.634
1979,5,biomass,0.0,0.859
1979,5,coal,20843.0,0.527
1979,5,gas,25020.0,0.847
1979,5,oil,73704.5,0.947
1979,6,hydro,78047.0,0.756
1979,6,wind,0.0,0.742
1979,6,solar,0.0,0.979
1979,6,biomass,0.0,0.734
1979,6,coal,14590.1,0.786
1979,6,gas,17514.0,0.702
1979,6,oil,51593.15,0.902
1979,7,hydro,72818.842,0.935
1979,7,wind,0.0,0.816
1979,7,solar,0.0,0.708
1979,7,biomass,0.0,0.704
1979,7,coal,10012.66,0.472
1979,7,gas,12019.227,0.653
1979,7,oil,35406.518,0.726
1979,8,hydro,58535.25,0.583
1979,8,wind,0.0,0.86
1979,8,solar,0.0,0.541
1979,8,biomass,0.0,0.745
1979,8,coal,8337.2,0.826
1979,8,gas,10008.0,0.763
1979,8,oil,29481.8,0.622
1979,9,hydro,39023.5,0.71
1979,9,wind,0.0,0.992
1979,9,solar,0.0,0.735
1979,9,biomass,0.0,0.537
1979,9,coal,10012.66,0.525
1979,9,gas,12019.227,0.99
1979,9,oil,35406.518,0.953
1979,10,hydro,19511.75,0.762
1979,10,wind,0.0,0.625
1979,10,solar,0.0,0.477
1979,10,biomass,0.0,0.494
1979,10,coal,14590.1,0.475
1979,10,gas,17514.0,0.513
1979,10,oil,51593.15,0.703
1979,11,hydro,5228.158,0.505
1979,11,wind,0.0,0.845
1979,11,solar,0.0,0.789
1979,11,biomass,0.0,0.6
1979,11,coal,20843.0,0.601
1979,11,gas,25020.0,0.497
1979,11,oil,73704.5,0.75
1979,12,hydro,0.0,0.516
1979,12,wind,0.0,0.845
1979,12,solar,0.0,0.556
1979,12,biomass,0.0,0.557
1979,12,coal,27095.9,0.684
1979,12,gas,32526.0,0.498
1979,12,oil,95815.85,0.974
1980,1,hydro,5416.66,0.639
1980,1,wind,0.0,0.812
1980,1,solar,0.0,0.733
1980,1,biomass,0.0,0.862
1980,1,coal,32546.359,0.834
1980,1,gas,36526.992,0.619
1980,1,oil,109326.439,1.04
1980,2,hydro,20215.25,0.983
1980,2,wind,0.0,0.572
1980,2,solar,0.0,0.571
1980,2,biomass,0.0,0.908
1980,2,coal,34268.0,0.822
1980,2,gas,38459.2,0.983
1980,2,oil,115109.6,0.524
1980,3,hydro,40430.5,0.781
1980,3,wind,0.0,0.464
1980,3,solar,0.0,0.53
1980,3,biomass,0.0,0.563
1980,3,coal,32546.359,0.746
1980,3,gas,36526.992,0.875
1980,3,oil,109326.439,0.981
1980,4,hydro,60645.75,1.039
1980,4,wind,0.0,0.821
1980,4,solar,0.0,0.752
1980,4,biomass,0.0,0.831
1980,4,coal,27842.75,1.044
1980,4,gas,31248.1,0.676
1980,4,oil,93526.55,0.864
1980,5,hydro,75444.34,0.874
1980,5,wind,0.0,0.697
1980,5,solar,0.0,0.642
1980,5,biomass,0.0,0.535
1980,5,coal,21417.5,0.468
1980,5,gas,24037.0,0.527
1980,5,oil,71943.5,0.47
1980,6,hydro,80861.0,1.042
1980,6,wind,0.0,0.975
1980,6,solar,0.0,0.586
1980,6,biomass,0.0,0.849
1980,6,coal,14992.25,0.85
1980,6,gas,16825.9,0.721
1980,6,oil,50360.45,0.836
1980,7,hydro,75444.34,0.934
1980,7,wind,0.0,0.575
1980,7,solar,0.0,0.641
1980,7,biomass,0.0,0.738
1980,7,coal,10288.641,0.744
1980,7,gas,11547.008,0.473
1980,7,oil,34560.561,0.56
1980,8,hydro,60645.75,0.551
1980,8,wind,0.0,0.882
1980,8,solar,0.0,1.038
1980,8,biomass,0.0,0.743
1980,8,coal,8567.0,0.976
1980,8,gas,9614.8,0.811
1980,8,oil,28777.4,0.581
1980,9,hydro,40430.5,0.802
1980,9,wind,0.0,0.96
1980,9,solar,0.0,0.491
1980,9,biomass,0.0,0.465
1980,9,coal,10288.641,0.838
1980,9,gas,11547.008,0.888
1980,9,oil,34560.561,1.048
1980,10,hydro,20215.25,0.969
1980,10,wind,0.0,0.902
1980,10,solar,0.0,0.818
1980,10,biomass,0.0,0.793
1980,10,coal,14992.25,0.634
1980,10,gas,16825.9,0.752
1980,10,oil,50360.45,0.752
1980,11,hydro,5416.66,0.815
1980,11,wind,0.0,0.827
1980,11,solar,0.0,0.867
1980,11,biomass,0.0,0.95
1980,11,coal,21417.5,0.753
1980,11,gas,24037.0,0.889
1980,11,oil,71943.5,0.777
1980,12,hydro,0.0,0.713
1980,12,wind,0.0,0.65
1980,12,solar,0.0,0.498
1980,12,biomass,0.0,0.996
1980,12,coal,27842.75,0.71
1980,12,gas,31248.1,0.744
1980,12,oil,93526.55,0.757
1981,1,hydro,5739.941,1.035
1981,1,wind,0.0,0.68
1981,1,solar,0.0,0.891
1981,1,biomass,0.0,0.484
1981,1,coal,33317.564,0.645
1981,1,gas,34817.424,0.587
1981,1,oil,99254.429,0.678
1981,2,hydro,21421.75,0.611
1981,2,wind,0.0,0.604
1981,2,solar,0.0,1.017
1981,2,biomass,0.0,0.675
1981,2,coal,35080.0,0.833
1981,2,gas,36659.2,0.977
1981,2,oil,104504.8,0.866
1981,3,hydro,42843.5,0.551
1981,3,wind,0.0,0.648
1981,3,solar,0.0,0.899
1981,3,biomass,0.0,1.048
1981,3,coal,33317.564,0.972
1981,3,gas,34817.424,0.876
1981,3,oil,99254.429,0.913
1981,4,hydro,64265.25,0.95
1981,4,wind,0.0,0.952
1981,4,solar,0.0,0.979
1981,4,biomass,0.0,0.845
1981,4,coal,28502.5,0.641
1981,4,gas,29785.6,0.922
1981,4,oil,84910.15,0.872
1981,5,hydro,79947.059,0.549
1981,5,wind,0.0,0.592
1981,5,solar,0.0,0.835
1981,5,biomass,0.0,0.533
1981,5,coal,21925.0,0.722
1981,5,gas,22912.0,1.068
1981,5,oil,65315.5,0.654
1981,6,hydro,85687.0,0.598
1981,6,wind,0.0,0.5
1981,6,solar,0.0,0.483
1981,6,biomass,0.0,1.001
1981,6,coal,15347.5,0.686
1981,6,gas,16038.4,0.567
1981,6,oil,45720.85,0.969
1981,7,hydro,79947.059,1.009
1981,7,wind,0.0,0.491
1981,7,solar,0.0,0.51
1981,7,biomass,0.0,0.73
1981,7,coal,10532.436,0.843
1981,7,gas,11006.576,0.544
1981,7,oil,31376.571,0.606
1981,8,hydro,64265.25,0.627
1981,8,wind,0.0,0.676
1981,8,solar,0.0,0.685
1981,8,biomass,0.0,0.5
1981,8,coal,8770.0,0.999
1981,8,gas,9164.8,0.632
1981,8,oil,26126.2,0.563
1981,9,hydro,42843.5,0.886
1981,9,wind,0.0,0.781
1981,9,solar,0.0,0.874
1981,9,biomass,0.0,0.896
1981,9,coal,10532.436,1.028
1981,9,gas,11006.576,0.735
1981,9,oil,31376.571,0.746
1981,10,hydro,21421.75,0.977
1981,10,wind,0.0,0.539
1981,10,solar,0.0,0.536
1981,10,biomass,0.0,0.838
1981,10,coal,15347.5,0.941
1981,10,gas,16038.4,1.04
1981,10,oil,45720.85,0.966
1981,11,hydro,5739.941,0.497
1981,11,wind,0.0,0.535
1981,11,solar,0.0,0.85
1981,11,biomass,0.0,0.995
1981,11,coal,21925.0,1.019
1981,11,gas,22912.0,0.566
1981,11,oil,65315.5,0.647
1981,12,hydro,0.0,0.737
1981,12,wind,0.0,0.776
1981,12,solar,0.0,0.912
1981,12,biomass,0.0,0.532
1981,12,coal,28502.5,0.86
1981,12,gas,29785.6,0.673
1981,12,oil,84910.15,0.555
1982,1,hydro,5749.051,0.993
1982,1,wind,0.0,0.747
1982,1,solar,0.0,0.733
1982,1,biomass,0.0,0.945
1982,1,coal,31688.537,0.631
1982,1,gas,33701.267,0.969
1982,1,oil,94140.924,0.689
1982,2,hydro,21455.75,0.787
1982,2,wind,0.0,0.535
1982,2,solar,0.0,0.707
1982,2,biomass,0.0,0.937
1982,2,coal,33364.8,0.7
1982,2,gas,35484.0,0.883
1982,2,oil,99120.8,0.575
1982,3,hydro,42911.5,0.936
1982,3,wind,0.0,0.737
1982,3,solar,0.0,0.621
1982,3,biomass,0.0,0.965
1982,3,coal,31688.537,0.732
1982,3,gas,33701.267,0.73
1982,3,oil,94140.924,0.759
1982,4,hydro,64367.25,0.995
1982,4,wind,0.0,0.961
1982,4,solar,0.0,0.701
1982,4,biomass,0.0,0.502
1982,4,coal,27108.9,0.571
1982,4,gas,28830.75,0.49
1982,4,oil,80535.65,0.968
1982,5,hydro,80073.949,1.05
1982,5,wind,0.0,0.535
1982,5,solar,0.0,0.673
1982,5,biomass,0.0,1.073
1982,5,coal,20853.0,0.583
1982,5,gas,22177.5,0.521
1982,5,oil,61950.5,0.94
1982,6,hydro,85823.0,0.88
1982,6,wind,0.0,0.869
1982,6,solar,0.0,1.026
1982,6,biomass,0.0,0.519
1982,6,coal,14597.1,0.863
1982,6,gas,15524.25,0.912
1982,6,oil,43365.35,0.88
1982,7,hydro,80073.949,0.796
1982,7,wind,0.0,0.661
1982,7,solar,0.0,0.725
1982,7,biomass,0.0,0.893
1982,7,coal,10017.463,0.816
1982,7,gas,10653.733,0.667
1982,7,oil,29760.076,0.93
1982,8,hydro,64367.25,1.03
1982,8,wind,0.0,0.489
1982,8,solar,0.0,0.652
1982,8,biomass,0.0,0.801
1982,8,coal,8341.2,1.036
1982,8,gas,8871.0,0.904
1982,8,oil,24780.2,0.752
1982,9,hydro,42911.5,0.607
1982,9,wind,0.0,0.811
1982,9,solar,0.0,0.957
1982,9,biomass,0.0,0.875
1982,9,coal,10017.463,0.902
1982,9,gas,10653.733,1.017
1982,9,oil,29760.076,0.953
1982,10,hydro,21455.75,0.727
1982,10,wind,0.0,0.602
1982,10,solar,0.0,0.665
1982,10,biomass,0.0,0.506
1982,10,coal,14597.1,0.685
1982,10,gas,15524.25,0.919
1982,10,oil,43365.35,0.928
1982,11,hydro,5749.051,0.56
1982,11,wind,0.0,1.079
1982,11,solar,0.0,0.654
1982,11,biomass,0.0,0.54
1982,11,coal,20853.0,0.815
1982,11,gas,22177.5,0.797
1982,11,oil,61950.5,0.938
1982,12,hydro,0.0,0.58
1982,12,wind,0.0,0.501
1982,12,solar,0.0,0.962
1982,12,biomass,0.0,0.84
1982,12,coal,27108.9,0.629
1982,12,gas,28830.75,0.948
1982,12,oil,80535.65,0.92
1983,1,hydro,5695.059,1.088
1983,1,wind,0.0,0.562
1983,1,solar,0.0,0.532
1983,1,biomass,0.0,0.72
1983,1,coal,33929.969,0.872
1983,1,gas,34386.614,0.709
1983,1,oil,91237.699,0.525
1983,2,hydro,21254.25,0.887
1983,2,wind,0.0,0.571
1983,2,solar,0.0,0.675
1983,2,biomass,0.0,0.938
1983,2,coal,35724.8,0.768
1983,2,gas,36205.6,1.086
1983,2,oil,96064.0,0.979
1983,3,hydro,42508.5,1.089
1983,3,wind,0.0,0.835
1983,3,solar,0.0,1.033
1983,3,biomass,0.0,0.873
1983,3,coal,33929.969,0.816
1983,3,gas,34386.614,0.853
1983,3,oil,91237.699,0.706
1983,4,hydro,63762.75,0.667
1983,4,wind,0.0,0.967
1983,4,solar,0.0,0.925
1983,4,biomass,0.0,0.899
1983,4,coal,29026.4,0.925
1983,4,gas,29417.05,0.808
1983,4,oil,78052.0,0.645
1983,5,hydro,79321.941,0.693
1983,5,wind,0.0,0.845
1983,5,solar,0.0,0.99
1983,5,biomass,0.0,0.713
1983,5,coal,22328.0,0.555
1983,5,gas,22628.5,0.923
1983,5,oil,60040.0,0.993
1983,6,hydro,85017.0,0.545
1983,6,wind,0.0,0.533
1983,6,solar,0.0,1.029
1983,6,biomass,0.0,0.782
1983,6,coal,15629.6,0.764
1983,6,gas,15839.95,0.718
1983,6,oil,42028.0,0.812
1983,7,hydro,79321.941,0.849
1983,7,wind,0.0,0.807
1983,7,solar,0.0,0.733
1983,7,biomass,0.0,0.654
1983,7,coal,10726.031,0.795
1983,7,gas,10870.386,0.75
1983,7,oil,28842.301,0.76
1983,8,hydro,63762.75,1.055
1983,8,wind,0.0,0.79
1983,8,solar,0.0,1.08
1983,8,biomass,0.0,0.99
1983,8,coal,8931.2,0.583
1983,8,gas,9051.4,0.572
1983,8,oil,24016.0,0.923
1983,9,hydro,42508.5,0.574
1983,9,wind,0.0,0.919
1983,9,solar,0.0,1.014
1983,9,biomass,0.0,0.567
1983,9,coal,10726.031,0.624
1983,9,gas,10870.386,0.78
1983,9,oil,28842.301,0.944
1983,10,hydro,21254.25,1.062
1983,10,wind,0.0,0.718
1983,10,solar,0.0,1.067
1983,10,biomass,0.0,0.857
1983,10,coal,15629.6,0.741
1983,10,gas,15839.95,0.569
1983,10,oil,42028.0,0.839
1983,11,hydro,5695.059,0.52
1983,11,wind,0.0,0.588
1983,11,solar,0.0,0.719
1983,11,biomass,0.0,1.091
1983,11,coal,22328.0,0.678
1983,11,gas,22628.5,0.788
1983,11,oil,60040.0,0.971
1983,12,hydro,0.0,0.581
1983,12,wind,0.0,0.85
1983,12,solar,0.0,0.525
1983,12,biomass,0.0,1.033
1983,12,coal,29026.4,1.029
1983,12,gas,29417.05,0.625
1983,12,oil,78052.0,0.987
1984,1,hydro,4996.047,0.801
1984,1,wind,0.0,0.581
1984,1,solar,0.0,0.717
1984,1,biomass,0.0,1.03
1984,1,coal,38663.571,0.759
1984,1,gas,38286.706,0.852
1984,1,oil,88744.011,0.847
1984,2,hydro,18645.5,1.048
1984,2,wind,0.0,0.977
1984,2,solar,0.0,0.793
1984,2,biomass,0.0,0.94
1984,2,coal,40708.8,0.871
1984,2,gas,40312.0,0.965
1984,2,oil,93438.4,0.811
1984,3,hydro,37291.0,0.785
1984,3,wind,0.0,0.778
1984,3,solar,0.0,0.777
1984,3,biomass,0.0,1.028
1984,3,coal,38663.571,0.703
1984,3,gas,38286.706,0.988
1984,3,oil,88744.011,0.907
1984,4,hydro,55936.5,0.754
1984,4,wind,0.0,0.648
1984,4,solar,0.0,0.745
1984,4,biomass,0.0,0.833
1984,4,coal,33075.9,1.083
1984,4,gas,32753.5,1.042
1984,4,oil,75918.7,0.95
1984,5,hydro,69585.953,0.896
1984,5,wind,0.0,1.028
1984,5,solar,0.0,0.932
1984,5,biomass,0.0,0.851
1984,5,coal,25443.0,0.986
1984,5,gas,25195.0,0.932
1984,5,oil,58399.0,0.845
1984,6,hydro,74582.0,0.582
1984,6,wind,0.0,0.844
1984,6,solar,0.0,0.623
1984,6,biomass,0.0,0.879
1984,6,coal,17810.1,0.854
1984,6,gas,17636.5,0.54
1984,6,oil,40879.3,0.85
1984,7,hydro,69585.953,0.622
1984,7,wind,0.0,0.794
1984,7,solar,0.0,1.046
1984,7,biomass,0.0,0.58
1984,7,coal,12222.429,1.07
1984,7,gas,12103.294,0.616
1984,7,oil,28053.989,0.519
1984,8,hydro,55936.5,0.98
1984,8,wind,0.0,0.655
1984,8,solar,0.0,0.931
1984,8,biomass,0.0,1.041
1984,8,coal,10177.2,0.775
1984,8,gas,10078.0,0.992
1984,8,oil,23359.6,0.872
1984,9,hydro,37291.0,0.749
1984,9,wind,0.0,0.535
1984,9,solar,0.0,1.025
1984,9,biomass,0.0,0.522
1984,9,coal,12222.429,0.77
1984,9,gas,12103.294,0.757
1984,9,oil,28053.989,1.024
1984,10,hydro,18645.5,0.698
1984,10,wind,0.0,0.662
1984,10,solar,0.0,0.577
1984,10,biomass,0.0,0.568
1984,10,coal,17810.1,0.609
1984,10,gas,17636.5,0.594
1984,10,oil,40879.3,0.661
1984,11,hydro,4996.047,0.562
1984,11,wind,0.0,0.692
1984,11,solar,0.0,0.752
1984,11,biomass,0.0,0.61
1984,11,coal,25443.0,0.877
1984,11,gas,25195.0,0.703
1984,11,oil,58399.0,0.524
1984,12,hydro,0.0,0.543
1984,12,wind,0.0,0.742
1984,12,solar,0.0,0.7
1984,12,biomass,0.0,0.756
1984,12,coal,33075.9,0.703
1984,12,gas,32753.5,0.733
1984,12,oil,75918.7,1.005
1985,1,hydro,5726.543,0.593
1985,1,wind,0.0,0.642
1985,1,solar,0.0,0.971
1985,1,biomass,0.0,0.872
1985,1,coal,38609.624,0.816
1985,1,gas,41023.533,0.971
1985,1,oil,88886.854,0.751
1985,2,hydro,21371.75,0.589
1985,2,wind,0.0,0.556
1985,2,solar,0.0,0.799
1985,2,biomass,0.0,0.764
1985,2,coal,40652.0,0.811
1985,2,gas,43193.6,0.764
1985,2,oil,93588.8,0.66
1985,3,hydro,42743.5,1.052
1985,3,wind,0.0,0.681
1985,3,solar,0.0,1.098
1985,3,biomass,0.0,0.925
1985,3,coal,38609.624,0.668
1985,3,gas,41023.533,0.853
1985,3,oil,88886.854,0.991
1985,4,hydro,64115.25,0.703
1985,4,wind,0.0,0.764
1985,4,solar,0.0,0.57
1985,4,biomass,0.0,0.901
1985,4,coal,33029.75,0.642
1985,4,gas,35094.8,1.101
1985,4,oil,76040.9,0.744
1985,5,hydro,79760.457,1.111
1985,5,wind,0.0,0.989
1985,5,solar,0.0,0.843
1985,5,biomass,0.0,0.774
1985,5,coal,25407.5,1.067
1985,5,gas,26996.0,0.791
1985,5,oil,58493.0,0.521
1985,6,hydro,85487.0,0.799
1985,6,wind,0.0,1.018
1985,6,solar,0.0,0.694
1985,6,biomass,0.0,1.103
1985,6,coal,17785.25,0.52
1985,6,gas,18897.2,1.08
1985,6,oil,40945.1,0.809
1985,7,hydro,79760.457,0.879
1985,7,wind,0.0,1.024
1985,7,solar,0.0,0.748
1985,7,biomass,0.0,0.731
1985,7,coal,12205.376,0.899
1985,7,gas,12968.467,0.871
1985,7,oil,28099.146,0.826
1985,8,hydro,64115.25,0.547
1985,8,wind,0.0,0.964
1985,8,solar,0.0,0.858
1985,8,biomass,0.0,0.7
1985,8,coal,10163.0,0.757
1985,8,gas,10798.4,0.594
1985,8,oil,23397.2,0.604
1985,9,hydro,42743.5,0.854
1985,9,wind,0.0,0.688
1985,9,solar,0.0,0.779
1985,9,biomass,0.0,0.886
1985,9,coal,12205.376,1.094
1985,9,gas,12968.467,0.711
1985,9,oil,28099.146,0.929
1985,10,hydro,21371.75,0.726
1985,10,wind,0.0,0.677
1985,10,solar,0.0,0.972
1985,10,biomass,0.0,0.792
1985,10,coal,17785.25,0.668
1985,10,gas,18897.2,1.11
1985,10,oil,40945.1,0.725
1985,11,hydro,5726.543,0.796
1985,11,wind,0.0,0.88
1985,11,solar,0.0,0.53
1985,11,biomass,0.0,0.935
1985,11,coal,25407.5,0.908
1985,11,gas,26996.0,0.521
1985,11,oil,58493.0,0.806
1985,12,hydro,0.0,1.061
1985,12,wind,0.0,0.924
1985,12,solar,0.0,0.768
1985,12,biomass,0.0,1.057
1985,12,coal,33029.75,0.942
1985,12,gas,35094.8,0.977
1985,12,oil,76040.9,0.843
1986,1,hydro,5750.458,1.004
1986,1,wind,0.0,0.921
1986,1,solar,0.0,0.579
1986,1,biomass,0.0,0.551
1986,1,coal,34421.565,1.031
1986,1,gas,39829.875,0.935
1986,1,oil,93621.975,0.935
1986,2,hydro,21461.0,0.744
1986,2,wind,0.0,1.02
1986,2,solar,0.0,1.028
1986,2,biomass,0.0,0.747
1986,2,coal,36242.4,0.638
1986,2,gas,41936.8,0.993
1986,2,oil,98574.4,0.95
1986,3,hydro,42922.0,0.537
1986,3,wind,0.0,0.81
1986,3,solar,0.0,1.094
1986,3,biomass,0.0,0.799
1986,3,coal,34421.565,0.665
1986,3,gas,39829.875,0.544
1986,3,oil,93621.975,0.701
1986,4,hydro,64383.0,1.085
1986,4,wind,0.0,0.747
1986,4,solar,0.0,0.586
1986,4,biomass,0.0,0.9
1986,4,coal,29446.95,0.714
1986,4,gas,34073.65,0.963
1986,4,oil,80091.7,0.673
1986,5,hydro,80093.542,0.828
1986,5,wind,0.0,0.75
1986,5,solar,0.0,0.7
1986,5,biomass,0.0,1.075
1986,5,coal,22651.5,0.956
1986,5,gas,26210.5,0.657
1986,5,oil,61609.0,0.65
1986,6,hydro,85844.0,1.025
1986,6,wind,0.0,0.77
1986,6,solar,0.0,1.054
1986,6,biomass,0.0,0.873
1986,6,coal,15856.05,0.828
1986,6,gas,18347.35,0.863
1986,6,oil,43126.3,0.928
1986,7,hydro,80093.542,0.871
1986,7,wind,0.0,0.941
1986,7,solar,0.0,0.871
1986,7,biomass,0.0,0.571
1986,7,coal,10881.435,0.609
1986,7,gas,12591.125,0.571
1986,7,oil,29596.025,0.688
1986,8,hydro,64383.0,0.874
1986,8,wind,0.0,0.669
1986,8,solar,0.0,0.846
1986,8,biomass,0.0,1.001
1986,8,coal,9060.6,0.647
1986,8,gas,10484.2,0.939
1986,8,oil,24643.6,1.127
1986,9,hydro,42922.0,0.948
1986,9,wind,0.0,0.852
1986,9,solar,0.0,0.684
1986,9,biomass,0.0,0.868
1986,9,coal,10881.435,0.804
1986,9,gas,12591.125,1.095
1986,9,oil,29596.025,0.917
1986,10,hydro,21461.0,1.098
1986,10,wind,0.0,0.563
1986,10,solar,0.0,1.095
1986,10,biomass,0.0,0.792
1986,10,coal,15856.05,1.129
1986,10,gas,18347.35,0.696
1986,10,oil,43126.3,0.94
1986,11,hydro,5750.458,0.812
1986,11,wind,0.0,0.749
1986,11,solar,0.0,0.987
1986,11,biomass,0.0,1.062
1986,11,coal,22651.5,0.667
1986,11,gas,26210.5,0.699
1986,11,oil,61609.0,0.784
1986,12,hydro,0.0,0.801
1986,12,wind,0.0,0.535
1986,12,solar,0.0,0.649
1986,12,biomass,0.0,0.581
1986,12,coal,29446.95,0.875
1986,12,gas,34073.65,0.547
1986,12,oil,80091.7,0.974
1987,1,hydro,6584.851,1.131
1987,1,wind,0.0,0.798
1987,1,solar,0.0,0.589
1987,1,biomass,0.0,0.694
1987,1,coal,34144.995,0.643
1987,1,gas,41550.84,0.73
1987,1,oil,96389.195,0.92
1987,2,hydro,24575.0,0.602
1987,2,wind,0.0,0.832
1987,2,solar,0.0,1.029
1987,2,biomass,0.0,0.9
1987,2,coal,35951.2,0.92
1987,2,gas,43748.8,0.745
1987,2,oil,101488.0,0.694
1987,3,hydro,49150.0,0.609
1987,3,wind,0.0,0.687
1987,3,solar,0.0,0.748
1987,3,biomass,0.0,0.577
1987,3,coal,34144.995,0.744
1987,3,gas,41550.84,1.02
1987,3,oil,96389.195,1.11
1987,4,hydro,73725.0,1.009
1987,4,wind,0.0,0.916
1987,4,solar,0.0,1.002
1987,4,biomass,0.0,0.919
1987,4,coal,29210.35,0.891
1987,4,gas,35545.9,0.595
1987,4,oil,82459.0,0.58
1987,5,hydro,91715.149,0.564
1987,5,wind,0.0,0.732
1987,5,solar,0.0,1.053
1987,5,biomass,0.0,0.583
1987,5,coal,22469.5,0.621
1987,5,gas,27343.0,1.095
1987,5,oil,63430.0,0.809
1987,6,hydro,98300.0,0.725
1987,6,wind,0.0,0.92
1987,6,solar,0.0,0.583
1987,6,biomass,0.0,0.951
1987,6,coal,15728.65,0.88
1987,6,gas,19140.1,0.721
1987,6,oil,44401.0,0.773
1987,7,hydro,91715.149,0.601
1987,7,wind,0.0,0.995
1987,7,solar,0.0,0.684
1987,7,biomass,0.0,0.904
1987,7,coal,10794.005,0.94
1987,7,gas,13135.16,0.55
1987,7,oil,30470.805,0.774
1987,8,hydro,73725.0,1.021
1987,8,wind,0.0,1.072
1987,8,solar,0.0,0.916
1987,8,biomass,0.0,0.748
1987,8,coal,8987.8,1.107
1987,8,gas,10937.2,1.014
1987,8,oil,25372.0,0.816
1987,9,hydro,49150.0,0.741
1987,9,wind,0.0,0.659
1987,9,solar,0.0,0.606
1987,9,biomass,0.0,0.901
1987,9,coal,10794.005,0.585
1987,9,gas,13135.16,1.018
1987,9,oil,30470.805,0.66
1987,10,hydro,24575.0,0.888
1987,10,wind,0.0,0.926
1987,10,solar,0.0,0.698
1987,10,biomass,0.0,0.797
1987,10,coal,15728.65,0.979
1987,10,gas,19140.1,0.811
1987,10,oil,44401.0,0.69
1987,11,hydro,6584.851,1.022
1987,11,wind,0.0,0.58
1987,11,solar,0.0,0.731
1987,11,biomass,0.0,0.806
1987,11,coal,22469.5,1.12
1987,11,gas,27343.0,0.997
1987,11,oil,63430.0,0.731
1987,12,hydro,0.0,1.075
1987,12,wind,0.0,1.009
1987,12,solar,0.0,0.632
1987,12,biomass,0.0,0.729
1987,12,coal,29210.35,0.75
1987,12,gas,35545.9,0.765
1987,12,oil,82459.0,0.549
1988,1,hydro,6569.243,0.908
1988,1,wind,0.0,0.963
1988,1,solar,0.0,0.59
1988,1,biomass,0.0,0.86
1988,1,coal,32696.801,1.057
1988,1,gas,39802.522,1.071
1988,1,oil,95719.044,0.809
1988,2,hydro,24516.75,0.673
1988,2,wind,0.0,0.676
1988,2,solar,0.0,1.101
1988,2,biomass,0.0,1.027
1988,2,coal,34426.4,0.761
1988,2,gas,41908.0,0.957
1988,2,oil,100782.4,0.973
1988,3,hydro,49033.5,1.145
1988,3,wind,0.0,0.916
1988,3,solar,0.0,0.755
1988,3,biomass,0.0,0.903
1988,3,coal,32696.801,1.134
1988,3,gas,39802.522,0.926
1988,3,oil,95719.044,0.807
1988,4,hydro,73550.25,0.653
1988,4,wind,0.0,0.829
1988,4,solar,0.0,1.03
1988,4,biomass,0.0,0.581
1988,4,coal,27971.45,0.688
1988,4,gas,34050.25,0.558
1988,4,oil,81885.7,0.69
1988,5,hydro,91497.757,0.694
1988,5,wind,0.0,0.93
1988,5,solar,0.0,0.699
1988,5,biomass,0.0,0.997
1988,5,coal,21516.5,1.128
1988,5,gas,26192.5,0.755
1988,5,oil,62989.0,1.0
1988,6,hydro,98067.0,0.679
1988,6,wind,0.0,0.667
1988,6,solar,0.0,1.15
1988,6,biomass,0.0,0.774
1988,6,coal,15061.55,0.6
1988,6,gas,18334.75,0.574
1988,6,oil,44092.3,0.625
1988,7,hydro,91497.757,0.73
1988,7,wind,0.0,0.673
1988,7,solar,0.0,0.907
1988,7,biomass,0.0,1.015
1988,7,coal,10336.199,0.582
1988,7,gas,12582.478,0.574
1988,7,oil,30258.956,0.675
1988,8,hydro,73550.25,0.66
1988,8,wind,0.0,1.087
1988,8,solar,0.0,0.987
1988,8,biomass,0.0,0.76
1988,8,coal,8606.6,0.889
1988,8,gas,10477.0,0.663
1988,8,oil,25195.6,0.569
1988,9,hydro,49033.5,1.062
1988,9,wind,0.0,1.102
1988,9,solar,0.0,0.569
1988,9,biomass,0.0,0.962
1988,9,coal,10336.199,0.783
1988,9,gas,12582.478,1.028
1988,9,oil,30258.956,0.623
1988,10,hydro,24516.75,1.118
1988,10,wind,0.0,0.739
1988,10,solar,0.0,0.7
1988,10,biomass,0.0,1.042
1988,10,coal,15061.55,0.953
1988,10,gas,18334.75,1.121
1988,10,oil,44092.3,1.142
1988,11,hydro,6569.243,1.155
1988,11,wind,0.0,1.085
1988,11,solar,0.0,1.083
1988,11,biomass,0.0,0.595
1988,11,coal,21516.5,0.643
1988,11,gas,26192.5,1.11
1988,11,oil,62989.0,1.033
1988,12,hydro,0.0,0.671
1988,12,wind,0.0,0.783
1988,12,solar,0.0,0.781
1988,12,biomass,0.0,0.916
1988,12,coal,27971.45,1.142
1988,12,gas,34050.25,0.703
1988,12,oil,81885.7,0.584
1989,1,hydro,6527.979,0.938
1989,1,wind,0.0,0.681
1989,1,solar,0.0,0.889
1989,1,biomass,0.0,1.042
1989,1,coal,32844.204,0.765
1989,1,gas,42746.777,0.6
1989,1,oil,94384.822,1.045
1989,2,hydro,24362.75,1.092
1989,2,wind,0.0,1.079
1989,2,solar,0.0,1.149
1989,2,biomass,0.0,1.1
1989,2,coal,34581.6,0.694
1989,2,gas,45008.0,0.617
1989,2,oil,99377.6,0.85
1989,3,hydro,48725.5,0.966
1989,3,wind,0.0,0.607
1989,3,solar,0.0,0.873
1989,3,biomass,0.0,1.019
1989,3,coal,32844.204,0.955
1989,3,gas,42746.777,0.873
1989,3,oil,94384.822,0.867
1989,4,hydro,73088.25,0.847
1989,4,wind,0.0,0.761
1989,4,solar,0.0,0.792
1989,4,biomass,0.0,0.985
1989,4,coal,28097.55,0.997
1989,4,gas,36569.0,0.865
1989,4,oil,80744.3,0.729
1989,5,hydro,90923.021,0.809
1989,5,wind,0.0,1.121
1989,5,solar,0.0,0.918
1989,5,biomass,0.0,0.59
1989,5,coal,21613.5,0.7
1989,5,gas,28130.0,0.69
1989,5,oil,62111.0,1.086
1989,6,hydro,97451.0,0.806
1989,6,wind,0.0,0.752
1989,6,solar,0.0,1.101
1989,6,biomass,0.0,0.911
1989,6,coal,15129.45,1.129
1989,6,gas,19691.0,0.792
1989,6,oil,43477.7,0.898
1989,7,hydro,90923.021,0.649
1989,7,wind,0.0,0.618
1989,7,solar,0.0,0.835
1989,7,biomass,0.0,0.779
1989,7,coal,10382.796,0.918
1989,7,gas,13513.223,0.847
1989,7,oil,29837.178,0.941
1989,8,hydro,73088.25,0.824
1989,8,wind,0.0,0.849
1989,8,solar,0.0,0.813
1989,8,biomass,0.0,1.051
1989,8,coal,8645.4,0.758
1989,8,gas,11252.0,0.797
1989,8,oil,24844.4,0.676
1989,9,hydro,48725.5,0.708
1989,9,wind,0.0,0.955
1989,9,solar,0.0,0.783
1989,9,biomass,0.0,0.617
1989,9,coal,10382.796,1.074
1989,9,gas,13513.223,0.876
1989,9,oil,29837.178,0.954
1989,10,hydro,24362.75,1.04
1989,10,wind,0.0,1.124
1989,10,solar,0.0,0.627
1989,10,biomass,0.0,0.611
1989,10,coal,15129.45,0.591
1989,10,gas,19691.0,0.688
1989,10,oil,43477.7,0.686
1989,11,hydro,6527.979,0.766
1989,11,wind,0.0,0.75
1989,11,solar,0.0,1.057
1989,11,biomass,0.0,0.978
1989,11,coal,21613.5,0.733
1989,11,gas,28130.0,0.991
1989,11,oil,62111.0,1.167
1989,12,hydro,0.0,1.167
1989,12,wind,0.0,1.019
1989,12,solar,0.0,1.012
1989,12,biomass,0.0,1.115
1989,12,coal,28097.55,0.573
1989,12,gas,36569.0,0.748
1989,12,oil,80744.3,1.061
1990,1,hydro,5863.063,1.05
1990,1,wind,0.0,0.822
1990,1,solar,0.0,0.823
1990,1,biomass,0.0,0.928
1990,1,coal,36197.235,0.973
1990,1,gas,47058.685,0.863
1990,1,oil,96822.285,0.888
1990,2,hydro,21881.25,1.037
1990,2,wind,0.0,0.67
1990,2,solar,0.0,0.819
1990,2,biomass,0.0,0.716
1990,2,coal,38112.0,1.029
1990,2,gas,49548.0,0.865
1990,2,oil,101944.0,0.889
1990,3,hydro,43762.5,1.052
1990,3,wind,0.0,1.035
1990,3,solar,0.0,1.014
1990,3,biomass,0.0,0.857
1990,3,coal,36197.235,1.055
1990,3,gas,47058.685,0.768
1990,3,oil,96822.285,0.693
1990,4,hydro,65643.75,1.042
1990,4,wind,0.0,0.999
1990,4,solar,0.0,0.706
1990,4,biomass,0.0,0.85
1990,4,coal,30966.0,0.915
1990,4,gas,40257.75,0.805
1990,4,oil,82829.5,0.927
1990,5,hydro,81661.937,0.657
1990,5,wind,0.0,1.146
1990,5,solar,0.0,0.586
1990,5,biomass,0.0,1.066
1990,5,coal,23820.0,1.081
1990,5,gas,30967.5,0.784
1990,5,oil,63715.0,0.831
1990,6,hydro,87525.0,0.991
1990,6,wind,0.0,0.822
1990,6,solar,0.0,1.047
1990,6,biomass,0.0,0.903
1990,6,coal,16674.0,0.776
1990,6,gas,21677.25,0.594
1990,6,oil,44600.5,1.051
1990,7,hydro,81661.937,1.133
1990,7,wind,0.0,0.672
1990,7,solar,0.0,1.152
1990,7,biomass,0.0,0.778
1990,7,coal,11442.765,0.958
1990,7,gas,14876.315,0.942
1990,7,oil,30607.715,0.945
1990,8,hydro,65643.75,1.1
1990,8,wind,0.0,1.168
1990,8,solar,0.0,0.703
1990,8,biomass,0.0,0.814
1990,8,coal,9528.0,0.901
1990,8,gas,12387.0,0.693
1990,8,oil,25486.0,0.645
1990,9,hydro,43762.5,0.922
1990,9,wind,0.0,0.851
1990,9,solar,0.0,1.117
1990,9,biomass,0.0,0.636
1990,9,coal,11442.765,0.643
1990,9,gas,14876.315,0.912
1990,9,oil,30607.715,0.599
1990,10,hydro,21881.25,0.993
1990,10,wind,0.0,0.873
1990,10,solar,0.0,0.692
1990,10,biomass,0.0,0.622
1990,10,coal,16674.0,1.158
1990,10,gas,21677.25,0.75
1990,10,oil,44600.5,0.72
1990,11,hydro,5863.063,0.976
1990,11,wind,0.0,0.622
1990,11,solar,0.0,0.614
1990,11,biomass,0.0,0.891
1990,11,coal,23820.0,0.683
1990,11,gas,30967.5,1.096
1990,11,oil,63715.0,0.827
1990,12,hydro,0.0,0.674
1990,12,wind,0.0,0.646
1990,12,solar,0.0,0.902
1990,12,biomass,0.0,0.867
1990,12,coal,30966.0,0.621
1990,12,gas,40257.75,1.153
1990,12,oil,82829.5,1.099
1991,1,hydro,5850.872,0.67
1991,1,wind,0.0,0.715
1991,1,solar,0.0,0.851
1991,1,biomass,0.0,1.018
1991,1,coal,37969.106,0.877
1991,1,gas,49892.008,0.954
1991,1,oil,103997.149,1.155
1991,2,hydro,21835.75,0.944
1991,2,wind,0.0,0.893
1991,2,solar,0.0,1.003
1991,2,biomass,0.0,0.757
1991,2,coal,39977.6,0.596
1991,2,gas,52531.2,0.678
1991,2,oil,109498.4,0.63
1991,3,hydro,43671.5,0.832
1991,3,wind,0.0,1.077
1991,3,solar,0.0,0.908
1991,3,biomass,0.0,1.138
1991,3,coal,37969.106,1.12
1991,3,gas,49892.008,0.868
1991,3,oil,103997.149,0.938
1991,4,hydro,65507.25,1.034
1991,4,wind,0.0,0.765
1991,4,solar,0.0,1.121
1991,4,biomass,0.0,0.866
1991,4,coal,32481.8,1.012
1991,4,gas,42681.6,1.019
1991,4,oil,88967.45,0.77
1991,5,hydro,81492.128,0.96
1991,5,wind,0.0,1.078
1991,5,solar,0.0,0.697
1991,5,biomass,0.0,0.741
1991,5,coal,24986.0,1.132
1991,5,gas,32832.0,1.032
1991,5,oil,68436.5,0.867
1991,6,hydro,87343.0,1.138
1991,6,wind,0.0,0.702
1991,6,solar,0.0,0.933
1991,6,biomass,0.0,0.828
1991,6,coal,17490.2,1.159
1991,6,gas,22982.4,0.736
1991,6,oil,47905.55,1.114
1991,7,hydro,81492.128,0.756
1991,7,wind,0.0,0.969
1991,7,solar,0.0,0.767
1991,7,biomass,0.0,1.142
1991,7,coal,12002.894,1.011
1991,7,gas,15771.992,1.025
1991,7,oil,32875.851,0.722
1991,8,hydro,65507.25,0.888
1991,8,wind,0.0,1.187
1991,8,solar,0.0,0.924
1991,8,biomass,0.0,1.189
1991,8,coal,9994.4,0.638
1991,8,gas,13132.8,0.655
1991,8,oil,27374.6,1.052
1991,9,hydro,43671.5,0.788
1991,9,wind,0.0,0.863
1991,9,solar,0.0,0.744
1991,9,biomass,0.0,0.896
1991,9,coal,12002.894,0.869
1991,9,gas,15771.992,0.636
1991,9,oil,32875.851,1.009
1991,10,hydro,21835.75,1.042
1991,10,wind,0.0,0.821
1991,10,solar,0.0,1.04
1991,10,biomass,0.0,1.105
1991,10,coal,17490.2,0.83
1991,10,gas,22982.4,0.598
1991,10,oil,47905.55,0.661
1991,11,hydro,5850.872,1.142
1991,11,wind,0.0,0.788
1991,11,solar,0.0,1.041
1991,11,biomass,0.0,0.883
1991,11,coal,24986.0,0.633
1991,11,gas,32832.0,0.921
1991,11,oil,68436.5,0.737
1991,12,hydro,0.0,1.162
1991,12,wind,0.0,0.676
1991,12,solar,0.0,1.084
1991,12,biomass,0.0,1.097
1991,12,coal,32481.8,0.694
1991,12,gas,42681.6,0.603
1991,12,oil,88967.45,0.652
1992,1,hydro,6484.437,0.78
1992,1,wind,0.0,0.925
1992,1,solar,0.0,0.839
1992,1,biomass,0.0,0.651
1992,1,coal,29542.84,1.062
1992,1,gas,48993.915,1.01
1992,1,oil,101919.834,0.696
1992,2,hydro,24200.25,0.819
1992,2,wind,0.0,0.734
1992,2,solar,0.0,0.625
1992,2,biomass,0.0,1.009
1992,2,coal,31105.6,0.734
1992,2,gas,51585.6,1.022
1992,2,oil,107311.2,1.106
1992,3,hydro,48400.5,1.091
1992,3,wind,0.0,0.989
1992,3,solar,0.0,1.034
1992,3,biomass,0.0,1.142
1992,3,coal,29542.84,0.838
1992,3,gas,48993.915,0.789
1992,3,oil,101919.834,0.635
1992,4,hydro,72600.75,0.607
1992,4,wind,0.0,1.067
1992,4,solar,0.0,1.064
1992,4,biomass,0.0,1.161
1992,4,coal,25273.3,0.829
1992,4,gas,41913.3,0.747
1992,4,oil,87190.35,0.659
1992,5,hydro,90316.563,0.857
1992,5,wind,0.0,1.198
1992,5,solar,0.0,0.806
1992,5,biomass,0.0,0.719
1992,5,coal,19441.0,1.005
1992,5,gas,32241.0,0.736
1992,5,oil,67069.5,1.133
1992,6,hydro,96801.0,1.082
1992,6,wind,0.0,1.102
1992,6,solar,0.0,0.705
1992,6,biomass,0.0,0.704
1992,6,coal,13608.7,0.853
1992,6,gas,22568.7,0.669
1992,6,oil,46948.65,0.8
1992,7,hydro,90316.563,0.941
1992,7,wind,0.0,0.718
1992,7,solar,0.0,0.728
1992,7,biomass,0.0,0.929
1992,7,coal,9339.16,1.167
1992,7,gas,15488.085,0.676
1992,7,oil,32219.166,0.732
1992,8,hydro,72600.75,0.818
1992,8,wind,0.0,0.708
1992,8,solar,0.0,0.845
1992,8,biomass,0.0,0.794
1992,8,coal,7776.4,0.838
1992,8,gas,12896.4,0.879
1992,8,oil,26827.8,0.644
1992,9,hydro,48400.5,1.093
1992,9,wind,0.0,0.994
1992,9,solar,0.0,0.825
1992,9,biomass,0.0,0.644
1992,9,coal,9339.16,0.735
1992,9,gas,15488.085,0.785
1992,9,oil,32219.166,0.963
1992,10,hydro,24200.25,1.194
1992,10,wind,0.0,0.665
1992,10,solar,0.0,0.926
1992,10,biomass,0.0,1.198
1992,10,coal,13608.7,1.114
1992,10,gas,22568.7,0.707
1992,10,oil,46948.65,1.179
1992,11,hydro,6484.437,0.964
1992,11,wind,0.0,1.193
1992,11,solar,0.0,1.022
1992,11,biomass,0.0,1.011
1992,11,coal,19441.0,1.187
1992,11,gas,32241.0,1.02
1992,11,oil,67069.5,0.803
1992,12,hydro,0.0,0.985
1992,12,wind,0.0,1.134
1992,12,solar,0.0,0.795
1992,12,biomass,0.0,1.115
1992,12,coal,25273.3,0.893
1992,12,gas,41913.3,0.805
1992,12,oil,87190.35,0.969
1993,1,hydro,6830.025,0.967
1993,1,wind,0.0,0.845
1993,1,solar,0.201,1.0
1993,1,biomass,0.0,0.755
1993,1,coal,26562.115,0.968
1993,1,gas,51524.074,1.209
1993,1,oil,103931.045,0.756
1993,2,hydro,25490.0,0.986
1993,2,wind,0.0,1.154
1993,2,solar,0.75,0.801
1993,2,biomass,0.0,1.059
1993,2,coal,27967.2,1.07
1993,2,gas,54249.6,0.988
1993,2,oil,109428.8,0.652
1993,3,hydro,50980.0,0.841
1993,3,wind,0.0,0.794
1993,3,solar,1.5,0.707
1993,3,biomass,0.0,0.739
1993,3,coal,26562.115,0.639
1993,3,gas,51524.074,1.17
1993,3,oil,103931.045,0.975
1993,4,hydro,76470.0,1.184
1993,4,wind,0.0,1.06
1993,4,solar,2.25,0.813
1993,4,biomass,0.0,0.783
1993,4,coal,22723.35,1.002
1993,4,gas,44077.8,1.072
1993,4,oil,88910.9,0.929
1993,5,hydro,95129.975,1.203
1993,5,wind,0.0,1.005
1993,5,solar,2.799,0.789
1993,5,biomass,0.0,0.63
1993,5,coal,17479.5,1.124
1993,5,gas,33906.0,0.815
1993,5,oil,68393.0,0.761
1993,6,hydro,101960.0,0.94
1993,6,wind,0.0,1.16
1993,6,solar,3.0,1.015
1993,6,biomass,0.0,0.765
1993,6,coal,12235.65,1.028
1993,6,gas,23734.2,1.048
1993,6,oil,47875.1,0.981
1993,7,hydro,95129.975,0.845
1993,7,wind,0.0,0.809
1993,7,solar,2.799,0.881
1993,7,biomass,0.0,0.62
1993,7,coal,8396.885,1.138
1993,7,gas,16287.926,0.658
1993,7,oil,32854.955,0.731
1993,8,hydro,76470.0,0.997
1993,8,wind,0.0,0.701
1993,8,solar,2.25,0.739
1993,8,biomass,0.0,0.671
1993,8,coal,6991.8,0.972
1993,8,gas,13562.4,1.115
1993,8,oil,27357.2,1.175
1993,9,hydro,50980.0,0.758
1993,9,wind,0.0,0.663
1993,9,solar,1.5,1.051
1993,9,biomass,0.0,0.803
1993,9,coal,8396.885,1.049
1993,9,gas,16287.926,0.763
1993,9,oil,32854.955,0.722
1993,10,hydro,25490.0,0.765
1993,10,wind,0.0,0.787
1993,10,solar,0.75,0.885
1993,10,biomass,0.0,0.997
1993,10,coal,12235.65,0.779
1993,10,gas,23734.2,1.085
1993,10,oil,47875.1,0.664
1993,11,hydro,6830.025,1.2
1993,11,wind,0.0,0.855
1993,11,solar,0.201,0.717
1993,11,biomass,0.0,0.881
1993,11,coal,17479.5,0.919
1993,11,gas,33906.0,1.057
1993,11,oil,68393.0,1.072
1993,12,hydro,0.0,1.108
1993,12,wind,0.0,1.092
1993,12,solar,0.15,0.628
1993,12,biomass,0.0,0.845
1993,12,coal,22723.35,1.128
1993,12,gas,44077.8,1.071
1993,12,oil,88910.9,1.169
1994,1,hydro,6644.336,0.985
1994,1,wind,0.0,0.72
1994,1,solar,0.201,1.064
1994,1,biomass,0.0,0.782
1994,1,coal,26938.219,0.906
1994,1,gas,52997.341,0.9
1994,1,oil,102382.557,0.853
1994,2,hydro,24797.0,0.992
1994,2,wind,0.0,0.671
1994,2,solar,0.75,0.71
1994,2,biomass,0.0,0.91
1994,2,coal,28363.2,0.721
1994,2,gas,55800.8,0.742
1994,2,oil,107798.4,0.636
1994,3,hydro,49594.0,0.928
1994,3,wind,0.0,1.063
1994,3,solar,1.5,0.923
1994,3,biomass,0.0,1.183
1994,3,coal,26938.219,1.192
1994,3,gas,52997.341,1.21
1994,3,oil,102382.557,0.852
1994,4,hydro,74391.0,0.922
1994,4,wind,0.0,1.013
1994,4,solar,2.25,0.981
1994,4,biomass,0.0,0.873
1994,4,coal,23045.1,0.651
1994,4,gas,45338.15,1.181
1994,4,oil,87586.2,0.859
1994,5,hydro,92543.664,0.967
1994,5,wind,0.0,0.745
1994,5,solar,2.799,0.89
1994,5,biomass,0.0,0.781
1994,5,coal,17727.0,1.176
1994,5,gas,34875.5,1.061
1994,5,oil,67374.0,0.934
1994,6,hydro,99188.0,0.921
1994,6,wind,0.0,1.041
1994,6,solar,3.0,1.046
1994,6,biomass,0.0,1.019
1994,6,coal,12408.9,1.184
1994,6,gas,24412.85,1.069
1994,6,oil,47161.8,0.773
1994,7,hydro,92543.664,0.649
1994,7,wind,0.0,1.116
1994,7,solar,2.799,1.007
1994,7,biomass,0.0,1.034
1994,7,coal,8515.781,1.046
1994,7,gas,16753.659,1.015
1994,7,oil,32365.443,0.785
1994,8,hydro,74391.0,0.901
1994,8,wind,0.0,1.037
1994,8,solar,2.25,0.781
1994,8,biomass,0.0,0.989
1994,8,coal,7090.8,1.199
1994,8,gas,13950.2,1.133
1994,8,oil,26949.6,0.635
1994,9,hydro,49594.0,1.091
1994,9,wind,0.0,1.015
1994,9,solar,1.5,1.178
1994,9,biomass,0.0,0.867
1994,9,coal,8515.781,0.98
1994,9,gas,16753.659,1.169
1994,9,oil,32365.443,0.939
1994,10,hydro,24797.0,0.741
1994,10,wind,0.0,0.882
1994,10,solar,0.75,1.126
1994,10,biomass,0.0,0.78
1994,10,coal,12408.9,0.809
1994,10,gas,24412.85,1.209
1994,10,oil,47161.8,1.023
1994,11,hydro,6644.336,0.858
1994,11,wind,0.0,0.813
1994,11,solar,0.201,0.875
1994,11,biomass,0.0,1.154
1994,11,coal,17727.0,1.065
1994,11,gas,34875.5,0.681
1994,11,oil,67374.0,1.01
1994,12,hydro,0.0,1.094
1994,12,wind,0.0,0.835
1994,12,solar,0.15,0.714
1994,12,biomass,0.0,1.077
1994,12,coal,23045.1,1.186
1994,12,gas,45338.15,0.867
1994,12,oil,87586.2,0.813
1995,1,hydro,6897.347,1.232
1995,1,wind,1.5,1.13
1995,1,solar,0.201,0.641
1995,1,biomass,0.0,0.682
1995,1,coal,30649.88,1.058
1995,1,gas,57864.669,0.955
1995,1,oil,103048.149,1.033
1995,2,hydro,25741.25,1.08
1995,2,wind,2.25,0.742
1995,2,solar,0.75,0.865
1995,2,biomass,0.0,1.062
1995,2,coal,32271.2,0.759
1995,2,gas,60925.6,0.749
1995,2,oil,108499.2,1.209
1995,3,hydro,51482.5,0.91
1995,3,wind,2.799,1.129
1995,3,solar,1.5,0.751
1995,3,biomass,0.0,0.675
1995,3,coal,30649.88,0.75
1995,3,gas,57864.669,1.095
1995,3,oil,103048.149,0.796
1995,4,hydro,77223.75,1.181
1995,4,wind,3.0,0.885
1995,4,solar,2.25,1.016
1995,4,biomass,0.0,1.015
1995,4,coal,26220.35,1.161
1995,4,gas,49502.05,0.74
1995,4,oil,88155.6,0.816
1995,5,hydro,96067.653,0.867
1995,5,wind,2.799,0.806
1995,5,solar,2.799,0.845
1995,5,biomass,0.0,0.991
1995,5,coal,20169.5,0.927
1995,5,gas,38078.5,1.044
1995,5,oil,67812.0,0.7
1995,6,hydro,102965.0,0.677
1995,6,wind,2.25,1.091
1995,6,solar,3.0,0.644
1995,6,biomass,0.0,0.989
1995,6,coal,14118.65,1.233
1995,6,gas,26654.95,0.698
1995,6,oil,47468.4,0.953
1995,7,hydro,96067.653,0.644
1995,7,wind,1.5,1.002
1995,7,solar,2.799,1.232
1995,7,biomass,0.0,1.097
1995,7,coal,9689.12,1.199
1995,7,gas,18292.331,0.924
1995,7,oil,32575.851,0.842
1995,8,hydro,77223.75,0.898
1995,8,wind,0.75,0.862
1995,8,solar,2.25,1.174
1995,8,biomass,0.0,1.24
1995,8,coal,8067.8,1.13
1995,8,gas,15231.4,1.205
1995,8,oil,27124.8,1.039
1995,9,hydro,51482.5,0.867
1995,9,wind,0.201,0.674
1995,9,solar,1.5,0.854
1995,9,biomass,0.0,0.838
1995,9,coal,9689.12,0.7
1995,9,gas,18292.331,0.914
1995,9,oil,32575.851,1.059
1995,10,hydro,25741.25,1.075
1995,10,wind,0.0,1.173
1995,10,solar,0.75,0.723
1995,10,biomass,0.0,1.001
1995,10,coal,14118.65,1.161
1995,10,gas,26654.95,0.808
1995,10,oil,47468.4,1.06
1995,11,hydro,6897.347,1.129
1995,11,wind,0.201,0.861
1995,11,solar,0.201,1.011
1995,11,biomass,0.0,1.035
1995,11,coal,20169.5,0.925
1995,11,gas,38078.5,0.888
1995,11,oil,67812.0,0.753
1995,12,hydro,0.0,1.232
1995,12,wind,0.75,1.215
1995,12,solar,0.15,1.128
1995,12,biomass,0.0,0.65
1995,12,coal,26220.35,0.856
1995,12,gas,49502.05,0.667
1995,12,oil,88155.6,1.125
1996,1,hydro,6366.808,0.847
1996,1,wind,7.0,0.919
1996,1,solar,0.201,1.016
1996,1,biomass,0.0,0.892
1996,1,coal,30779.807,1.02
1996,1,gas,61590.766,0.701
1996,1,oil,112342.875,0.909
1996,2,hydro,23761.25,1.211
1996,2,wind,10.5,1.211
1996,2,solar,0.75,1.244
1996,2,biomass,0.0,1.166
1996,2,coal,32408.0,1.195
1996,2,gas,64848.8,1.093
1996,2,oil,118285.6,0.828
1996,3,hydro,47522.5,0.769
1996,3,wind,13.062,0.738
1996,3,solar,1.5,0.964
1996,3,biomass,0.0,0.995
1996,3,coal,30779.807,1.166
1996,3,gas,61590.766,0.955
1996,3,oil,112342.875,0.729
1996,4,hydro,71283.75,1.13
1996,4,wind,14.0,0.833
1996,4,solar,2.25,1.056
1996,4,biomass,0.0,0.981
1996,4,coal,26331.5,1.177
1996,4,gas,52689.65,0.753
1996,4,oil,96107.05,0.92
1996,5,hydro,88678.192,0.721
1996,5,wind,13.062,1.05
1996,5,solar,2.799,0.797
1996,5,biomass,0.0,0.779
1996,5,coal,20255.0,1.104
1996,5,gas,40530.5,1.048
1996,5,oil,73928.5,0.706
1996,6,hydro,95045.0,0.913
1996,6,wind,10.5,1.081
1996,6,solar,3.0,0.748
1996,6,biomass,0.0,1.209
1996,6,coal,14178.5,1.194
1996,6,gas,28371.35,1.112
1996,6,oil,51749.95,0.784
1996,7,hydro,88678.192,0.807
1996,7,wind,7.0,0.938
1996,7,solar,2.799,1.191
1996,7,biomass,0.0,0.726
1996,7,coal,9730.193,0.733
1996,7,gas,19470.234,0.973
1996,7,oil,35514.125,1.087
1996,8,hydro,71283.75,0.706
1996,8,wind,3.5,1.067
1996,8,solar,2.25,1.175
1996,8,biomass,0.0,1.211
1996,8,coal,8102.0,1.112
1996,8,gas,16212.2,1.012
1996,8,oil,29571.4,1.038
1996,9,hydro,47522.5,0.878
1996,9,wind,0.938,1.082
1996,9,solar,1.5,1.094
1996,9,biomass,0.0,0.881
1996,9,coal,9730.193,1.037
1996,9,gas,19470.234,0.989
1996,9,oil,35514.125,1.166
1996,10,hydro,23761.25,1.137
1996,10,wind,0.0,0.786
1996,10,solar,0.75,0.721
1996,10,biomass,0.0,0.705
1996,10,coal,14178.5,0.705
1996,10,gas,28371.35,1.096
1996,10,oil,51749.95,1.214
1996,11,hydro,6366.808,1.099
1996,11,wind,0.938,0.722
1996,11,solar,0.201,0.873
1996,11,biomass,0.0,1.164
1996,11,coal,20255.0,1.224
1996,11,gas,40530.5,0.998
1996,11,oil,73928.5,0.653
1996,12,hydro,0.0,0.689
1996,12,wind,3.5,0.973
1996,12,solar,0.15,1.16
1996,12,biomass,0.0,1.24
1996,12,coal,26331.5,0.844
1996,12,gas,52689.65,0.871
1996,12,oil,96107.05,1.06
1997,1,hydro,6718.29,1.142
1997,1,wind,28.0,0.976
1997,1,solar,0.402,1.025
1997,1,biomass,0.0,0.797
1997,1,coal,32647.414,0.901
1997,1,gas,59360.73,0.987
1997,1,oil,111831.525,0.94
1997,2,hydro,25073.0,0.751
1997,2,wind,42.0,1.23
1997,2,solar,1.5,1.166
1997,2,biomass,0.0,0.964
1997,2,coal,34374.4,0.937
1997,2,gas,62500.8,1.025
1997,2,oil,117747.2,0.752
1997,3,hydro,50146.0,1.063
1997,3,wind,52.249,1.145
1997,3,solar,3.0,1.086
1997,3,biomass,0.0,1.023
1997,3,coal,32647.414,0.849
1997,3,gas,59360.73,1.258
1997,3,oil,111831.525,0.738
1997,4,hydro,75219.0,1.262
1997,4,wind,56.0,1.088
1997,4,solar,4.5,0.951
1997,4,biomass,0.0,1.161
1997,4,coal,27929.2,0.961
1997,4,gas,50781.9,1.086
1997,4,oil,95669.6,0.89
1997,5,hydro,93573.71,1.253
1997,5,wind,52.249,0.864
1997,5,solar,5.598,1.161
1997,5,biomass,0.0,0.79
1997,5,coal,21484.0,1.104
1997,5,gas,39063.0,1.15
1997,5,oil,73592.0,1.084
1997,6,hydro,100292.0,0.696
1997,6,wind,42.0,1.183
1997,6,solar,6.0,0.771
1997,6,biomass,0.0,0.957
1997,6,coal,15038.8,0.899
1997,6,gas,27344.1,1.255
1997,6,oil,51514.4,1.06
1997,7,hydro,93573.71,1.173
1997,7,wind,28.0,1.259
1997,7,solar,5.598,0.993
1997,7,biomass,0.0,0.866
1997,7,coal,10320.586,1.071
1997,7,gas,18765.27,1.258
1997,7,oil,35352.475,1.119
1997,8,hydro,75219.0,0.899
1997,8,wind,14.0,0.981
1997,8,solar,4.5,0.834
1997,8,biomass,0.0,1.082
1997,8,coal,8593.6,0.781
1997,8,gas,15625.2,1.178
1997,8,oil,29436.8,0.9
1997,9,hydro,50146.0,0.743
1997,9,wind,3.751,1.115
1997,9,solar,3.0,1.012
1997,9,biomass,0.0,1.147
1997,9,coal,10320.586,1.174
1997,9,gas,18765.27,1.09
1997,9,oil,35352.475,0.939
1997,10,hydro,25073.0,0.762
1997,10,wind,0.0,0.747
1997,10,solar,1.5,1.082
1997,10,biomass,0.0,0.839
1997,10,coal,15038.8,0.751
1997,10,gas,27344.1,0.795
1997,10,oil,51514.4,1.113
1997,11,hydro,6718.29,1.105
1997,11,wind,3.751,0.669
1997,11,solar,0.402,1.1
1997,11,biomass,0.0,1.009
1997,11,coal,21484.0,1.071
1997,11,gas,39063.0,1.257
1997,11,oil,73592.0,0.753
1997,12,hydro,0.0,1.234
1997,12,wind,14.0,0.92
1997,12,solar,0.3,1.169
1997,12,biomass,0.0,1.22
1997,12,coal,27929.2,0.722
1997,12,gas,50781.9,1.248
1997,12,oil,95669.6,0.772
1998,1,hydro,6915.166,0.707
1998,1,wind,62.5,1.264
1998,1,solar,0.402,1.066
1998,1,biomass,0.0,1.032
1998,1,coal,28742.762,1.258
1998,1,gas,60941.89,1.052
1998,1,oil,117996.604,0.918
1998,2,hydro,25807.75,0.696
1998,2,wind,93.75,0.821
1998,2,solar,1.5,0.969
1998,2,biomass,0.0,1.089
1998,2,coal,30263.2,1.249
1998,2,gas,64165.6,1.068
1998,2,oil,124238.4,0.901
1998,3,hydro,51615.5,1.091
1998,3,wind,116.627,1.153
1998,3,solar,3.0,1.071
1998,3,biomass,0.0,1.143
1998,3,coal,28742.762,1.195
1998,3,gas,60941.89,1.066
1998,3,oil,117996.604,0.841
1998,4,hydro,77423.25,1.068
1998,4,wind,125.0,0.896
1998,4,solar,4.5,0.748
1998,4,biomass,0.0,0.726
1998,4,coal,24588.85,0.97
1998,4,gas,52134.55,1.077
1998,4,oil,100943.7,0.982
1998,5,hydro,96315.834,0.69
1998,5,wind,116.627,1.02
1998,5,solar,5.598,1.02
1998,5,biomass,0.0,0.84
1998,5,coal,18914.5,1.123
1998,5,gas,40103.5,1.153
1998,5,oil,77649.0,0.785
1998,6,hydro,103231.0,0.967
1998,6,wind,93.75,1.063
1998,6,solar,6.0,0.936
1998,6,biomass,0.0,1.019
1998,6,coal,13240.15,0.736
1998,6,gas,28072.45,0.714
1998,6,oil,54354.3,1.221
1998,7,hydro,96315.834,1.153
1998,7,wind,62.5,0.787
1998,7,solar,5.598,1.164
1998,7,biomass,0.0,0.688
1998,7,coal,9086.238,1.01
1998,7,gas,19265.11,0.998
1998,7,oil,37301.396,1.163
1998,8,hydro,77423.25,0.969
1998,8,wind,31.25,0.987
1998,8,solar,4.5,1.027
1998,8,biomass,0.0,1.104
1998,8,coal,7565.8,1.15
1998,8,gas,16041.4,0.75
1998,8,oil,31059.6,1.128
1998,9,hydro,51615.5,1.255
1998,9,wind,8.373,1.215
1998,9,solar,3.0,0.784
1998,9,biomass,0.0,1.035
1998,9,coal,9086.238,0.784
1998,9,gas,19265.11,1.009
1998,9,oil,37301.396,1.156
1998,10,hydro,25807.75,0.75
1998,10,wind,0.0,0.753
1998,10,solar,1.5,0.8
1998,10,biomass,0.0,0.773
1998,10,coal,13240.15,1.013
1998,10,gas,28072.45,1.187
1998,10,oil,54354.3,0.697
1998,11,hydro,6915.166,1.264
1998,11,wind,8.373,0.98
1998,11,solar,0.402,0.894
1998,11,biomass,0.0,1.003
1998,11,coal,18914.5,0.93
1998,11,gas,40103.5,1.243
1998,11,oil,77649.0,0.676
1998,12,hydro,0.0,0.856
1998,12,wind,31.25,1.244
1998,12,solar,0.3,0.988
1998,12,biomass,0.0,1.146
1998,12,coal,24588.85,1.071
1998,12,gas,52134.55,0.943
1998,12,oil,100943.7,1.022
1999,1,hydro,7573.115,1.105
1999,1,wind,71.0,1.002
1999,1,solar,0.402,1.28
1999,1,biomass,0.0,0.899
1999,1,coal,28633.35,1.011
1999,1,gas,62249.519,0.814
1999,1,oil,112140.007,0.747
1999,2,hydro,28263.25,1.18
1999,2,wind,106.5,0.83
1999,2,solar,1.5,0.801
1999,2,biomass,0.0,0.868
1999,2,coal,30148.0,1.188
1999,2,gas,65542.4,1.262
1999,2,oil,118072.0,1.049
1999,3,hydro,56526.5,0.818
1999,3,wind,132.488,0.903
1999,3,solar,3.0,0.765
1999,3,biomass,0.0,1.061
1999,3,coal,28633.35,0.733
1999,3,gas,62249.519,0.841
1999,3,oil,112140.007,0.917
1999,4,hydro,84789.75,1.23
1999,4,wind,142.0,0.928
1999,4,solar,4.5,0.738
1999,4,biomass,0.0,0.841
1999,4,coal,24495.25,0.943
1999,4,gas,53253.2,1.105
1999,4,oil,95933.5,1.01
1999,5,hydro,105479.885,0.73
1999,5,wind,132.488,1.128
1999,5,solar,5.598,1.285
1999,5,biomass,0.0,1.106
1999,5,coal,18842.5,0.804
1999,5,gas,40964.0,0.911
1999,5,oil,73795.0,1.082
1999,6,hydro,113053.0,1.18
1999,6,wind,106.5,1.051
1999,6,solar,6.0,0.94
1999,6,biomass,0.0,0.78
1999,6,coal,13189.75,1.283
1999,6,gas,28674.8,0.948
1999,6,oil,51656.5,0.704
1999,7,hydro,105479.885,1.05
1999,7,wind,71.0,0.735
1999,7,solar,5.598,0.763
1999,7,biomass,0.0,0.754
1999,7,coal,9051.65,1.017
1999,7,gas,19678.481,0.728
1999,7,oil,35449.993,1.072
1999,8,hydro,84789.75,0.906
1999,8,wind,35.5,0.888
1999,8,solar,4.5,0.852
1999,8,biomass,0.0,1.209
1999,8,coal,7537.0,0.823
1999,8,gas,16385.6,0.694
1999,8,oil,29518.0,0.914
1999,9,hydro,56526.5,1.269
1999,9,wind,9.512,0.915
1999,9,solar,3.0,0.751
1999,9,biomass,0.0,1.243
1999,9,coal,9051.65,0.793
1999,9,gas,19678.481,1.125
1999,9,oil,35449.993,0.872
1999,10,hydro,28263.25,1.181
1999,10,wind,0.0,0.982
1999,10,solar,1.5,1.005
1999,10,biomass,0.0,1.108
1999,10,coal,13189.75,1.207
1999,10,gas,28674.8,1.019
1999,10,oil,51656.5,1.052
1999,11,hydro,7573.115,1.226
1999,11,wind,9.512,0.79
1999,11,solar,0.402,1.256
1999,11,biomass,0.0,0.922
1999,11,coal,18842.5,0.895
1999,11,gas,40964.0,1.133
1999,11,oil,73795.0,1.269
1999,12,hydro,0.0,1.007
1999,12,wind,35.5,1.045
1999,12,solar,0.3,1.198
1999,12,biomass,0.0,0.974
1999,12,coal,24495.25,0.765
1999,12,gas,53253.2,0.694
1999,12,oil,95933.5,0.996
2000,1,hydro,7784.594,0.793
2000,1,wind,93.0,0.776
2000,1,solar,0.536,0.927
2000,1,biomass,0.0,1.141
2000,1,coal,32269.03,0.732
2000,1,gas,59420.755,1.135
2000,1,oil,110705.49,1.285
2000,2,hydro,29052.5,1.125
2000,2,wind,139.5,0.849
2000,2,solar,2.0,1.065
2000,2,biomass,0.0,1.124
2000,2,coal,33976.0,0.81
2000,2,gas,62564.0,1.292
2000,2,oil,116561.6,1.179
2000,3,hydro,58105.0,1.001
2000,3,wind,173.54,0.865
2000,3,solar,4.0,0.957
2000,3,biomass,0.0,1.265
2000,3,coal,32269.03,1.229
2000,3,gas,59420.755,1.188
2000,3,oil,110705.49,0.883
2000,4,hydro,87157.5,1.215
2000,4,wind,186.0,1.268
2000,4,solar,6.0,0.944
2000,4,biomass,0.0,0.888
2000,4,coal,27605.5,0.754
2000,4,gas,50833.25,0.748
2000,4,oil,94706.3,1.138
2000,5,hydro,108425.406,1.267
2000,5,wind,173.54,0.799
2000,5,solar,7.464,0.734
2000,5,biomass,0.0,1.146
2000,5,coal,21235.0,1.032
2000,5,gas,39102.5,0.996
2000,5,oil,72851.0,1.225
2000,6,hydro,116210.0,1.277
2000,6,wind,139.5,0.954
2000,6,solar,8.0,1.005
2000,6,biomass,0.0,1.138
2000,6,coal,14864.5,0.988
2000,6,gas,27371.75,1.009
2000,6,oil,50995.7,1.299
2000,7,hydro,108425.406,1.233
2000,7,wind,93.0,1.119
2000,7,solar,7.464,0.943
2000,7,biomass,0.0,1.07
2000,7,coal,10200.97,1.247
2000,7,gas,18784.245,1.148
2000,7,oil,34996.51,1.128
2000,8,hydro,87157.5,1.122
2000,8,wind,46.5,1.15
2000,8,solar,6.0,0.847
2000,8,biomass,0.0,1.143
2000,8,coal,8494.0,1.271
2000,8,gas,15641.0,1.194
2000,8,oil,29140.4,1.228
2000,9,hydro,58105.0,1.017
2000,9,wind,12.46,1.066
2000,9,solar,4.0,1.064
2000,9,biomass,0.0,1.279
2000,9,coal,10200.97,1.105
2000,9,gas,18784.245,1.229
2000,9,oil,34996.51,1.014
2000,10,hydro,29052.5,0.835
2000,10,wind,0.0,0.745
2000,10,solar,2.0,1.204
2000,10,biomass,0.0,1.008
2000,10,coal,14864.5,1.271
2000,10,gas,27371.75,0.954
2000,10,oil,50995.7,0.927
2000,11,hydro,7784.594,0.924
2000,11,wind,12.46,0.768
2000,11,solar,0.536,1.248
2000,11,biomass,0.0,0.85
2000,11,coal,21235.0,1.023
2000,11,gas,39102.5,1.16
2000,11,oil,72851.0,0.771
2000,12,hydro,0.0,0.88
2000,12,wind,46.5,0.876
2000,12,solar,0.4,0.828
2000,12,biomass,0.0,1.143
2000,12,coal,27605.5,1.041
2000,12,gas,50833.25,0.83
2000,12,oil,94706.3,0.883
2001,1,hydro,7486.166,1.272
2001,1,wind,237.5,1.098
2001,1,solar,0.938,1.207
2001,1,biomass,0.0,0.733
2001,1,coal,33339.599,0.99
2001,1,gas,62974.375,1.083
2001,1,oil,117875.795,1.005
2001,2,hydro,27938.75,0.925
2001,2,wind,356.25,1.081
2001,2,solar,3.5,0.909
2001,2,biomass,0.0,0.924
2001,2,coal,35103.2,0.715
2001,2,gas,66305.6,1.246
2001,2,oil,124111.2,0.824
2001,3,hydro,55877.5,0.925
2001,3,wind,443.181,0.773
2001,3,solar,7.0,1.007
2001,3,biomass,0.0,0.763
2001,3,coal,33339.599,1.021
2001,3,gas,62974.375,0.804
2001,3,oil,117875.795,0.786
2001,4,hydro,83816.25,1.004
2001,4,wind,475.0,0.805
2001,4,solar,10.5,1.106
2001,4,biomass,0.0,0.848
2001,4,coal,28521.35,0.949
2001,4,gas,53873.3,0.892
2001,4,oil,100840.35,0.969
2001,5,hydro,104268.834,0.821
2001,5,wind,443.181,1.199
2001,5,solar,13.062,0.777
2001,5,biomass,0.0,0.975
2001,5,coal,21939.5,1.216
2001,5,gas,41441.0,0.809
2001,5,oil,77569.5,0.924
2001,6,hydro,111755.0,0.972
2001,6,wind,356.25,0.928
2001,6,solar,14.0,1.234
2001,6,biomass,0.0,0.831
2001,6,coal,15357.65,0.826
2001,6,gas,29008.7,0.736
2001,6,oil,54298.65,0.949
2001,7,hydro,104268.834,1.158
2001,7,wind,237.5,1.253
2001,7,solar,13.062,0.808
2001,7,biomass,0.0,0.831
2001,7,coal,10539.401,1.0
2001,7,gas,19907.625,1.111
2001,7,oil,37263.205,0.871
2001,8,hydro,83816.25,0.965
2001,8,wind,118.75,1.042
2001,8,solar,10.5,1.192
2001,8,biomass,0.0,1.141
2001,8,coal,8775.8,0.907
2001,8,gas,16576.4,1.171
2001,8,oil,31027.8,1.241
2001,9,hydro,55877.5,1.013
2001,9,wind,31.819,1.266
2001,9,solar,7.0,1.218
2001,9,biomass,0.0,0.945
2001,9,coal,10539.401,0.778
2001,9,gas,19907.625,0.777
2001,9,oil,37263.205,0.725
2001,10,hydro,27938.75,0.805
2001,10,wind,0.0,1.012
2001,10,solar,3.5,1.172
2001,10,biomass,0.0,0.854
2001,10,coal,15357.65,1.119
2001,10,gas,29008.7,0.917
2001,10,oil,54298.65,1.298
2001,11,hydro,7486.166,1.154
2001,11,wind,31.819,0.973
2001,11,solar,0.938,0.886
2001,11,biomass,0.0,1.004
2001,11,coal,21939.5,1.169
2001,11,gas,41441.0,0.861
2001,11,oil,77569.5,0.803
2001,12,hydro,0.0,1.019
2001,12,wind,118.75,0.862
2001,12,solar,0.7,1.172
2001,12,biomass,0.0,1.231
2001,12,coal,28521.35,1.309
2001,12,gas,53873.3,0.86
2001,12,oil,100840.35,1.204
2002,1,hydro,7382.737,0.843
2002,1,wind,278.0,1.148
2002,1,solar,1.675,1.21
2002,1,biomass,0.0,1.145
2002,1,coal,33872.224,1.025
2002,1,gas,61912.924,0.833
2002,1,oil,119955.388,1.32
2002,2,hydro,27552.75,1.079
2002,2,wind,417.0,1.105
2002,2,solar,6.25,0.862
2002,2,biomass,0.0,0.803
2002,2,coal,35664.0,0.747
2002,2,gas,65188.0,1.318
2002,2,oil,126300.8,1.281
2002,3,hydro,55105.5,0.98
2002,3,wind,518.755,1.094
2002,3,solar,12.5,0.779
2002,3,biomass,0.0,0.755
2002,3,coal,33872.224,0.968
2002,3,gas,61912.924,0.908
2002,3,oil,119955.388,1.104
2002,4,hydro,82658.25,0.863
2002,4,wind,556.0,0.926
2002,4,solar,18.75,1.012
2002,4,biomass,0.0,1.03
2002,4,coal,28977.0,1.11
2002,4,gas,52965.25,0.907
2002,4,oil,102619.4,0.886
2002,5,hydro,102828.263,0.892
2002,5,wind,518.755,0.935
2002,5,solar,23.325,0.975
2002,5,biomass,0.0,0.916
2002,5,coal,22290.0,0.753
2002,5,gas,40742.5,0.749
2002,5,oil,78938.0,0.755
2002,6,hydro,110211.0,1.171
2002,6,wind,417.0,0.851
2002,6,solar,25.0,1.007
2002,6,biomass,0.0,1.269
2002,6,coal,15603.0,0.784
2002,6,gas,28519.75,0.835
2002,6,oil,55256.6,1.293
2002,7,hydro,102828.263,0.942
2002,7,wind,278.0,0.907
2002,7,solar,23.325,0.782
2002,7,biomass,0.0,0.732
2002,7,coal,10707.776,1.055
2002,7,gas,19572.076,1.241
2002,7,oil,37920.612,0.923
2002,8,hydro,82658.25,1.169
2002,8,wind,139.0,0.941
2002,8,solar,18.75,1.191
2002,8,biomass,0.0,1.041
2002,8,coal,8916.0,0.947
2002,8,gas,16297.0,1.114
2002,8,oil,31575.2,0.85
2002,9,hydro,55105.5,0.954
2002,9,wind,37.245,1.256
2002,9,solar,12.5,0.802
2002,9,biomass,0.0,1.17
2002,9,coal,10707.776,0.796
2002,9,gas,19572.076,1.076
2002,9,oil,37920.612,1.271
2002,10,hydro,27552.75,1.117
2002,10,wind,0.0,0.838
2002,10,solar,6.25,1.147
2002,10,biomass,0.0,1.279
2002,10,coal,15603.0,0.769
2002,10,gas,28519.75,1.052
2002,10,oil,55256.6,0.93
2002,11,hydro,7382.737,1.159
2002,11,wind,37.245,1.318
2002,11,solar,1.675,0.845
2002,11,biomass,0.0,1.156
2002,11,coal,22290.0,0.75
2002,11,gas,40742.5,0.839
2002,11,oil,78938.0,1.054
2002,12,hydro,0.0,0.876
2002,12,wind,139.0,1.25
2002,12,solar,1.25,1.236
2002,12,biomass,0.0,1.268
2002,12,coal,28977.0,1.309
2002,12,gas,52965.25,1.261
2002,12,oil,102619.4,0.993
2003,1,hydro,6062.618,1.166
2003,1,wind,498.5,1.283
2003,1,solar,2.746,0.777
2003,1,biomass,0.0,0.987
2003,1,coal,36127.333,1.295
2003,1,gas,68101.557,1.038
2003,1,oil,127366.552,0.749
2003,2,hydro,22626.0,1.095
2003,2,wind,747.75,1.154
2003,2,solar,10.25,0.813
2003,2,biomass,0.0,0.763
2003,2,coal,38038.4,1.076
2003,2,gas,71704.0,1.213
2003,2,oil,134104.0,1.152
2003,3,hydro,45252.0,1.18
2003,3,wind,930.214,0.974
2003,3,solar,20.5,1.147
2003,3,biomass,0.0,1.258
2003,3,coal,36127.333,1.319
2003,3,gas,68101.557,0.835
2003,3,oil,127366.552,1.186
2003,4,hydro,67878.0,0.966
2003,4,wind,997.0,1.204
2003,4,solar,30.75,0.977
2003,4,biomass,0.0,0.899
2003,4,coal,30906.2,0.846
2003,4,gas,58259.5,0.832
2003,4,oil,108959.5,0.867
2003,5,hydro,84441.382,1.154
2003,5,wind,930.214,1.263
2003,5,solar,38.254,1.21
2003,5,biomass,0.0,1.009
2003,5,coal,23774.0,1.161
2003,5,gas,44815.0,1.051
2003,5,oil,83815.0,0.918
2003,6,hydro,90504.0,0.868
2003,6,wind,747.75,1.161
2003,6,solar,41.0,1.067
2003,6,biomass,0.0,0.839
2003,6,coal,16641.8,0.763
2003,6,gas,31370.5,0.879
2003,6,oil,58670.5,0.759
2003,7,hydro,84441.382,0.825
2003,7,wind,498.5,1.266
2003,7,solar,38.254,1.292
2003,7,biomass,0.0,0.898
2003,7,coal,11420.667,1.21
2003,7,gas,21528.443,1.121
2003,7,oil,40263.448,0.885
2003,8,hydro,67878.0,1.23
2003,8,wind,249.25,1.057
2003,8,solar,30.75,0.737
2003,8,biomass,0.0,0.944
2003,8,coal,9509.6,1.099
2003,8,gas,17926.0,0.957
2003,8,oil,33526.0,0.786
2003,9,hydro,45252.0,1.159
2003,9,wind,66.786,1.066
2003,9,solar,20.5,1.169
2003,9,biomass,0.0,0.981
2003,9,coal,11420.667,1.103
2003,9,gas,21528.443,0.931
2003,9,oil,40263.448,0.77
2003,10,hydro,22626.0,1.226
2003,10,wind,0.0,1.23
2003,10,solar,10.25,0.868
2003,10,biomass,0.0,1.315
2003,10,coal,16641.8,0.842
2003,10,gas,31370.5,1.319
2003,10,oil,58670.5,1.058
2003,11,hydro,6062.618,1.323
2003,11,wind,66.786,1.203
2003,11,solar,2.746,1.204
2003,11,biomass,0.0,0.8
2003,11,coal,23774.0,1.183
2003,11,gas,44815.0,0.965
2003,11,oil,83815.0,1.128
2003,12,hydro,0.0,1.258
2003,12,wind,249.25,1.117
2003,12,solar,2.05,1.067
2003,12,biomass,0.0,1.226
2003,12,coal,30906.2,0.868
2003,12,gas,58259.5,0.897
2003,12,oil,108959.5,1.085
2004,1,hydro,6673.744,1.233
2004,1,wind,1252.0,1.2
2004,1,solar,3.282,0.841
2004,1,biomass,0.0,0.887
2004,1,coal,35388.8,1.184
2004,1,gas,68756.511,0.969
2004,1,oil,129291.904,1.289
2004,2,hydro,24906.75,0.804
2004,2,wind,1878.0,0.857
2004,2,solar,12.25,0.859
2004,2,biomass,0.0,1.265
2004,2,coal,37260.8,0.861
2004,2,gas,72393.6,1.042
2004,2,oil,136131.2,1.186
2004,3,hydro,49813.5,1.137
2004,3,wind,2336.264,0.761
2004,3,solar,24.5,0.846
2004,3,biomass,0.0,0.855
2004,3,coal,35388.8,0.985
2004,3,gas,68756.511,1.113
2004,3,oil,129291.904,0.79
2004,4,hydro,74720.25,0.791
2004,4,wind,2504.0,0.895
2004,4,solar,36.75,1.293
2004,4,biomass,0.0,1.33
2004,4,coal,30274.4,0.808
2004,4,gas,58819.8,1.064
2004,4,oil,110606.6,1.184
2004,5,hydro,92953.256,1.233
2004,5,wind,2336.264,1.11
2004,5,solar,45.718,0.975
2004,5,biomass,0.0,0.76
2004,5,coal,23288.0,1.244
2004,5,gas,45246.0,1.206
2004,5,oil,85082.0,1.135
2004,6,hydro,99627.0,0.774
2004,6,wind,1878.0,0.897
2004,6,solar,49.0,0.798
2004,6,biomass,0.0,0.834
2004,6,coal,16301.6,1.124
2004,6,gas,31672.2,0.756
2004,6,oil,59557.4,1.328
2004,7,hydro,92953.256,1.323
2004,7,wind,1252.0,0.812
2004,7,solar,45.718,1.19
2004,7,biomass,0.0,0.951
2004,7,coal,11187.2,1.172
2004,7,gas,21735.489,0.869
2004,7,oil,40872.096,1.036
2004,8,hydro,74720.25,1.086
2004,8,wind,626.0,1.015
2004,8,solar,36.75,0.846
2004,8,biomass,0.0,0.947
2004,8,coal,9315.2,0.841
2004,8,gas,18098.4,0.782
2004,8,oil,34032.8,1.163
2004,9,hydro,49813.5,1.124
2004,9,wind,167.736,0.822
2004,9,solar,24.5,1.243
2004,9,biomass,0.0,0.81
2004,9,coal,11187.2,0.926
2004,9,gas,21735.489,1.055
2004,9,oil,40872.096,1.25
2004,10,hydro,24906.75,0.833
2004,10,wind,0.0,1.295
2004,10,solar,12.25,0.762
2004,10,biomass,0.0,1.004
2004,10,coal,16301.6,0.836
2004,10,gas,31672.2,1.141
2004,10,oil,59557.4,0.884
2004,11,hydro,6673.744,1.275
2004,11,wind,167.736,0.979
2004,11,solar,3.282,1.279
2004,11,biomass,0.0,1.242
2004,11,coal,23288.0,0.815
2004,11,gas,45246.0,0.85
2004,11,oil,85082.0,0.814
2004,12,hydro,0.0,0.809
2004,12,wind,626.0,1.322
2004,12,solar,2.45,0.962
2004,12,biomass,0.0,1.117
2004,12,coal,30274.4,0.819
2004,12,gas,58819.8,1.302
2004,12,oil,110606.6,1.3
2005,1,hydro,6679.839,1.297
2005,1,wind,1789.5,1.123
2005,1,solar,3.818,0.867
2005,1,biomass,722.0,1.078
2005,1,coal,35506.57,1.12
2005,1,gas,72392.191,1.168
2005,1,oil,129730.313,0.85
2005,2,hydro,24929.5,1.16
2005,2,wind,2684.25,0.941
2005,2,solar,14.25,1.251
2005,2,biomass,722.0,0.969
2005,2,coal,37384.8,0.822
2005,2,gas,76221.6,1.31
2005,2,oil,136592.8,1.157
2005,3,hydro,49859.0,1.32
2005,3,wind,3339.252,1.246
2005,3,solar,28.5,1.187
2005,3,biomass,722.0,0.806
2005,3,coal,35506.57,0.761
2005,3,gas,72392.191,1.32
2005,3,oil,129730.313,0.849
2005,4,hydro,74788.5,1.154
2005,4,wind,3579.0,0.952
2005,4,solar,42.75,0.994
2005,4,biomass,722.0,1.193
2005,4,coal,30375.15,1.231
2005,4,gas,61930.05,1.047
2005,4,oil,110981.65,0.8
2005,5,hydro,93038.161,1.107
2005,5,wind,3339.252,1.336
2005,5,solar,53.182,0.927
2005,5,biomass,722.0,0.814
2005,5,coal,23365.5,1.357
2005,5,gas,47638.5,0.869
2005,5,oil,85370.5,0.991
2005,6,hydro,99718.0,0.952
2005,6,wind,2684.25,1.014
2005,6,solar,57.0,1.176
2005,6,biomass,722.0,1.008
2005,6,coal,16355.85,1.236
2005,6,gas,33346.95,0.96
2005,6,oil,59759.35,1.241
2005,7,hydro,93038.161,1.152
2005,7,wind,1789.5,0.908
2005,7,solar,53.182,1.011
2005,7,biomass,722.0,1.058
2005,7,coal,11224.43,1.08
2005,7,gas,22884.809,1.079
2005,7,oil,41010.687,1.253
2005,8,hydro,74788.5,0.991
2005,8,wind,894.75,1.109
2005,8,solar,42.75,1.013
2005,8,biomass,722.0,1.107
2005,8,coal,9346.2,1.176
2005,8,gas,19055.4,1.209
2005,8,oil,34148.2,1.182
2005,9,hydro,49859.0,0.901
2005,9,wind,239.748,0.762
2005,9,solar,28.5,1.356
2005,9,biomass,722.0,0.77
2005,9,coal,11224.43,1.095
2005,9,gas,22884.809,1.335
2005,9,oil,41010.687,1.313
2005,10,hydro,24929.5,0.796
2005,10,wind,0.0,0.97
2005,10,solar,14.25,1.269
2005,10,biomass,722.0,1.28
2005,10,coal,16355.85,1.251
2005,10,gas,33346.95,0.937
2005,10,oil,59759.35,0.846
2005,11,hydro,6679.839,1.272
2005,11,wind,239.748,1.343
2005,11,solar,3.818,1.308
2005,11,biomass,722.0,0.905
2005,11,coal,23365.5,1.257
2005,11,gas,47638.5,0.794
2005,11,oil,85370.5,0.843
2005,12,hydro,0.0,1.337
2005,12,wind,894.75,1.182
2005,12,solar,2.85,0.986
2005,12,biomass,722.0,0.776
2005,12,coal,30375.15,1.339
2005,12,gas,61930.05,0.983
2005,12,oil,110981.65,1.181
2006,1,hydro,6386.368,1.17
2006,1,wind,2343.5,0.816
2006,1,solar,4.019,1.274
2006,1,biomass,2893.0,1.294
2006,1,coal,35464.021,0.79
2006,1,gas,68027.096,0.991
2006,1,oil,129067.761,0.819
2006,2,hydro,23834.25,0.818
2006,2,wind,3515.25,1.114
2006,2,solar,15.0,1.26
2006,2,biomass,2893.0,0.862
2006,2,coal,37340.0,0.881
2006,2,gas,71625.6,1.218
2006,2,oil,135895.2,1.221
2006,3,hydro,47668.5,1.191
2006,3,wind,4373.031,0.952
2006,3,solar,30.0,1.019
2006,3,biomass,2893.0,0.974
2006,3,coal,35464.021,1.241
2006,3,gas,68027.096,1.189
2006,3,oil,129067.761,0.944
2006,4,hydro,71502.75,0.866
2006,4,wind,4687.0,1.301
2006,4,solar,45.0,0.791
2006,4,biomass,2893.0,1.223
2006,4,coal,30338.75,1.074
2006,4,gas,58195.8,0.779
2006,4,oil,110414.85,1.272
2006,5,hydro,88950.632,1.18
2006,5,wind,4373.031,1.298
2006,5,solar,55.981,1.104
2006,5,biomass,2893.0,1.27
2006,5,coal,23337.5,1.323
2006,5,gas,44766.0,1.073
2006,5,oil,84934.5,1.198
2006,6,hydro,95337.0,1.026
2006,6,wind,3515.25,0.866
2006,6,solar,60.0,1.356
2006,6,biomass,2893.0,1.085
2006,6,coal,16336.25,1.359
2006,6,gas,31336.2,0.847
2006,6,oil,59454.15,0.899
2006,7,hydro,88950.632,1.143
2006,7,wind,2343.5,0.903
2006,7,solar,55.981,0.882
2006,7,biomass,2893.0,1.22
2006,7,coal,11210.979,1.108
2006,7,gas,21504.904,1.277
2006,7,oil,40801.239,1.262
2006,8,hydro,71502.75,1.053
2006,8,wind,1171.75,0.96
2006,8,solar,45.0,1.157
2006,8,biomass,2893.0,1.268
2006,8,coal,9335.0,0.871
2006,8,gas,17906.4,1.254
2006,8,oil,33973.8,1.16
2006,9,hydro,47668.5,0.889
2006,9,wind,313.969,0.837
2006,9,solar,30.0,0.819
2006,9,biomass,2893.0,1.134
2006,9,coal,11210.979,1.28
2006,9,gas,21504.904,0.789
2006,9,oil,40801.239,0.941
2006,10,hydro,23834.25,1.097
2006,10,wind,0.0,0.811
2006,10,solar,15.0,1.13
2006,10,biomass,2893.0,1.226
2006,10,coal,16336.25,0.957
2006,10,gas,31336.2,1.103
2006,10,oil,59454.15,1.155
2006,11,hydro,6386.368,0.791
2006,11,wind,313.969,0.934
2006,11,solar,4.019,1.358
2006,11,biomass,2893.0,1.111
2006,11,coal,23337.5,1.11
2006,11,gas,44766.0,1.246
2006,11,oil,84934.5,0.799
2006,12,hydro,0.0,0.961
2006,12,wind,1171.75,1.338
2006,12,solar,3.0,0.777
2006,12,biomass,2893.0,0.986
2006,12,coal,30338.75,0.941
2006,12,gas,58195.8,1.011
2006,12,oil,110414.85,0.889
2007,1,hydro,6601.531,1.235
2007,1,wind,2709.0,1.219
2007,1,solar,4.287,1.368
2007,1,biomass,3444.0,1.206
2007,1,coal,34225.534,0.842
2007,1,gas,64362.544,1.028
2007,1,oil,124033.275,1.229
2007,2,hydro,24637.25,0.845
2007,2,wind,4063.5,1.268
2007,2,solar,16.0,0.874
2007,2,biomass,3444.0,1.136
2007,2,coal,36036.0,1.013
2007,2,gas,67767.2,1.136
2007,2,oil,130594.4,1.295
2007,3,hydro,49274.5,0.958
2007,3,wind,5055.063,0.875
2007,3,solar,32.0,1.062
2007,3,biomass,3444.0,1.315
2007,3,coal,34225.534,0.84
2007,3,gas,64362.544,1.215
2007,3,oil,124033.275,1.315
2007,4,hydro,73911.75,1.268
2007,4,wind,5418.0,1.177
2007,4,solar,48.0,1.245
2007,4,biomass,3444.0,0.881
2007,4,coal,29279.25,1.362
2007,4,gas,55060.85,1.094
2007,4,oil,106107.95,1.221
2007,5,hydro,91947.469,1.175
2007,5,wind,5055.063,1.342
2007,5,solar,59.713,0.989
2007,5,biomass,3444.0,1.255
2007,5,coal,22522.5,0.987
2007,5,gas,42354.5,1.0
2007,5,oil,81621.5,1.298
2007,6,hydro,98549.0,1.043
2007,6,wind,4063.5,1.318
2007,6,solar,64.0,1.249
2007,6,biomass,3444.0,1.017
2007,6,coal,15765.75,0.909
2007,6,gas,29648.15,1.15
2007,6,oil,57135.05,0.829
2007,7,hydro,91947.469,0.875
2007,7,wind,2709.0,1.161
2007,7,solar,59.713,1.083
2007,7,biomass,3444.0,1.267
2007,7,coal,10819.466,0.87
2007,7,gas,20346.456,1.306
2007,7,oil,39209.725,1.112
2007,8,hydro,73911.75,1.365
2007,8,wind,1354.5,1.253
2007,8,solar,48.0,0.836
2007,8,biomass,3444.0,0.84
2007,8,coal,9009.0,0.972
2007,8,gas,16941.8,1.344
2007,8,oil,32648.6,0.881
2007,9,hydro,49274.5,0.952
2007,9,wind,362.937,1.002
2007,9,solar,32.0,0.838
2007,9,biomass,3444.0,0.892
2007,9,coal,10819.466,1.247
2007,9,gas,20346.456,0.939
2007,9,oil,39209.725,1.068
2007,10,hydro,24637.25,0.938
2007,10,wind,0.0,1.31
2007,10,solar,16.0,1.174
2007,10,biomass,3444.0,0.868
2007,10,coal,15765.75,0.858
2007,10,gas,29648.15,1.125
2007,10,oil,57135.05,0.808
2007,11,hydro,6601.531,1.299
2007,11,wind,362.937,1.025
2007,11,solar,4.287,1.298
2007,11,biomass,3444.0,1.334
2007,11,coal,22522.5,0.861
2007,11,gas,42354.5,1.004
2007,11,oil,81621.5,1.291
2007,12,hydro,0.0,1.355
2007,12,wind,1354.5,1.008
2007,12,solar,3.2,1.193
2007,12,biomass,3444.0,1.088
2007,12,coal,29279.25,0.942
2007,12,gas,55060.85,1.309
2007,12,oil,106107.95,1.194
2008,1,hydro,6774.626,1.168
2008,1,wind,2653.5,1.182
2008,1,solar,5.292,1.241
2008,1,biomass,3866.0,0.943
2008,1,coal,33830.434,1.289
2008,1,gas,68903.914,0.801
2008,1,oil,120583.749,1.308
2008,2,hydro,25283.25,0.97
2008,2,wind,3980.25,0.891
2008,2,solar,19.75,1.036
2008,2,biomass,3866.0,0.84
2008,2,coal,35620.0,1.029
2008,2,gas,72548.8,1.073
2008,2,oil,126962.4,0.852
2008,3,hydro,50566.5,1.076
2008,3,wind,4951.498,1.181
2008,3,solar,39.5,1.336
2008,3,biomass,3866.0,1.075
2008,3,coal,33830.434,0.847
2008,3,gas,68903.914,1.235
2008,3,oil,120583.749,1.346
2008,4,hydro,75849.75,1.349
2008,4,wind,5307.0,1.257
2008,4,solar,59.25,0.916
2008,4,biomass,3866.0,0.993
2008,4,coal,28941.25,0.986
2008,4,gas,58945.9,1.394
2008,4,oil,103156.95,1.088
2008,5,hydro,94358.374,1.217
2008,5,wind,4951.498,1.082
2008,5,solar,73.708,0.963
2008,5,biomass,3866.0,0.819
2008,5,coal,22262.5,0.889
2008,5,gas,45343.0,1.078
2008,5,oil,79351.5,1.18
2008,6,hydro,101133.0,0.988
2008,6,wind,3980.25,0.815
2008,6,solar,79.0,1.157
2008,6,biomass,3866.0,1.024
2008,6,coal,15583.75,1.358
2008,6,gas,31740.1,1.013
2008,6,oil,55546.05,1.054
2008,7,hydro,94358.374,1.08
2008,7,wind,2653.5,0.828
2008,7,solar,73.708,1.317
2008,7,biomass,3866.0,1.368
2008,7,coal,10694.566,1.206
2008,7,gas,21782.086,0.958
2008,7,oil,38119.251,1.177
2008,8,hydro,75849.75,0.846
2008,8,wind,1326.75,0.838
2008,8,solar,59.25,1.039
2008,8,biomass,3866.0,0.975
2008,8,coal,8905.0,1.223
2008,8,gas,18137.2,1.319
2008,8,oil,31740.6,1.111
2008,9,hydro,50566.5,1.198
2008,9,wind,355.502,0.952
2008,9,solar,39.5,1.294
2008,9,biomass,3866.0,0.851
2008,9,coal,10694.566,1.337
2008,9,gas,21782.086,1.001
2008,9,oil,38119.251,1.248
2008,10,hydro,25283.25,0.895
2008,10,wind,0.0,1.006
2008,10,solar,19.75,1.047
2008,10,biomass,3866.0,1.081
2008,10,coal,15583.75,1.209
2008,10,gas,31740.1,0.892
2008,10,oil,55546.05,1.214
2008,11,hydro,6774.626,1.009
2008,11,wind,355.502,1.212
2008,11,solar,5.292,1.029
2008,11,biomass,3866.0,0.802
2008,11,coal,22262.5,1.266
2008,11,gas,45343.0,1.154
2008,11,oil,79351.5,0.843
2008,12,hydro,0.0,1.197
2008,12,wind,1326.75,1.166
2008,12,solar,3.95,0.99
2008,12,biomass,3866.0,1.388
2008,12,coal,28941.25,1.359
2008,12,gas,58945.9,1.242
2008,12,oil,103156.95,1.238
2009,1,hydro,7190.35,0.998
2009,1,wind,2564.5,0.898
2009,1,solar,8.574,1.083
2009,1,biomass,4914.0,0.896
2009,1,coal,25423.923,1.327
2009,1,gas,67105.449,0.876
2009,1,oil,113640.627,1.39
2009,2,hydro,26834.75,1.052
2009,2,wind,3846.75,1.12
2009,2,solar,32.0,0.81
2009,2,biomass,4914.0,1.078
2009,2,coal,26768.8,1.308
2009,2,gas,70655.2,0.883
2009,2,oil,119652.0,1.078
2009,3,hydro,53669.5,1.39
2009,3,wind,4785.422,0.866
2009,3,solar,64.0,0.939
2009,3,biomass,4914.0,1.395
2009,3,coal,25423.923,1.06
2009,3,gas,67105.449,1.136
2009,3,oil,113640.627,0.908
2009,4,hydro,80504.25,1.035
2009,4,wind,5129.0,1.017
2009,4,solar,96.0,1.379
2009,4,biomass,4914.0,1.391
2009,4,coal,21749.65,1.154
2009,4,gas,57407.35,0.817
2009,4,oil,97217.25,1.296
2009,5,hydro,100148.65,0.818
2009,5,wind,4785.422,1.346
2009,5,solar,119.426,1.109
2009,5,biomass,4914.0,1.329
2009,5,coal,16730.5,1.228
2009,5,gas,44159.5,1.197
2009,5,oil,74782.5,1.082
2009,6,hydro,107339.0,1.054
2009,6,wind,3846.75,1.019
2009,6,solar,128.0,1.133
2009,6,biomass,4914.0,1.122
2009,6,coal,11711.35,1.267
2009,6,gas,30911.65,0.876
2009,6,oil,52347.75,0.913
2009,7,hydro,100148.65,1.065
2009,7,wind,2564.5,0.914
2009,7,solar,119.426,1.165
2009,7,biomass,4914.0,1.134
2009,7,coal,8037.077,1.037
2009,7,gas,21213.551,1.315
2009,7,oil,35924.373,1.221
2009,8,hydro,80504.25,1.07
2009,8,wind,1282.25,0.978
2009,8,solar,96.0,1.18
2009,8,biomass,4914.0,1.363
2009,8,coal,6692.2,1.322
2009,8,gas,17663.8,1.405
2009,8,oil,29913.0,1.292
2009,9,hydro,53669.5,0.87
2009,9,wind,343.578,1.198
2009,9,solar,64.0,1.178
2009,9,biomass,4914.0,1.055
2009,9,coal,8037.077,1.106
2009,9,gas,21213.551,1.259
2009,9,oil,35924.373,1.364
2009,10,hydro,26834.75,0.868
2009,10,wind,0.0,1.074
2009,10,solar,32.0,1.157
2009,10,biomass,4914.0,0.828
2009,10,coal,11711.35,0.982
2009,10,gas,30911.65,1.06
2009,10,oil,52347.75,0.942
2009,11,hydro,7190.35,1.081
2009,11,wind,343.578,1.037
2009,11,solar,8.574,0.925
2009,11,biomass,4914.0,1.09
2009,11,coal,16730.5,0.883
2009,11,gas,44159.5,1.389
2009,11,oil,74782.5,1.356
2009,12,hydro,0.0,1.056
2009,12,wind,1282.25,1.3
2009,12,solar,6.4,1.23
2009,12,biomass,4914.0,1.253
2009,12,coal,21749.65,0.813
2009,12,gas,57407.35,1.033
2009,12,oil,97217.25,0.942
2010,1,hydro,6692.366,0.99
2010,1,wind,2687.5,1.348
2010,1,solar,15.474,0.979
2010,1,biomass,5188.0,1.323
2010,1,coal,29893.871,1.297
2010,1,gas,73038.787,1.069
2010,1,oil,117069.639,0.965
2010,2,hydro,24976.25,1.36
2010,2,wind,4031.25,1.069
2010,2,solar,57.75,0.829
2010,2,biomass,5188.0,0.912
2010,2,coal,31475.2,1.045
2010,2,gas,76902.4,1.31
2010,2,oil,123262.4,1.312
2010,3,hydro,49952.5,1.18
2010,3,wind,5014.943,1.021
2010,3,solar,115.5,1.395
2010,3,biomass,5188.0,1.416
2010,3,coal,29893.871,0.965
2010,3,gas,73038.787,1.404
2010,3,oil,117069.639,0.936
2010,4,hydro,74928.75,1.207
2010,4,wind,5375.0,1.317
2010,4,solar,173.25,1.301
2010,4,biomass,5188.0,1.167
2010,4,coal,25573.6,0.897
2010,4,gas,62483.2,1.202
2010,4,oil,100150.7,1.406
2010,5,hydro,93212.634,0.924
2010,5,wind,5014.943,1.363
2010,5,solar,215.526,1.13
2010,5,biomass,5188.0,1.082
2010,5,coal,19672.0,0.88
2010,5,gas,48064.0,1.301
2010,5,oil,77039.0,1.123
2010,6,hydro,99905.0,1.199
2010,6,wind,4031.25,1.291
2010,6,solar,231.0,1.326
2010,6,biomass,5188.0,1.196
2010,6,coal,13770.4,0.976
2010,6,gas,33644.8,1.152
2010,6,oil,53927.3,1.389
2010,7,hydro,93212.634,0.942
2010,7,wind,2687.5,0.876
2010,7,solar,215.526,1.082
2010,7,biomass,5188.0,1.197
2010,7,coal,9450.129,1.176
2010,7,gas,23089.213,0.837
2010,7,oil,37008.361,1.245
2010,8,hydro,74928.75,1.372
2010,8,wind,1343.75,0.867
2010,8,solar,173.25,1.049
2010,8,biomass,5188.0,1.265
2010,8,coal,7868.8,0.898
2010,8,gas,19225.6,1.092
2010,8,oil,30815.6,1.199
2010,9,hydro,49952.5,1.035
2010,9,wind,360.057,0.964
2010,9,solar,115.5,1.359
2010,9,biomass,5188.0,0.998
2010,9,coal,9450.129,1.141
2010,9,gas,23089.213,0.967
2010,9,oil,37008.361,1.288
2010,10,hydro,24976.25,1.292
2010,10,wind,0.0,1.282
2010,10,solar,57.75,1.216
2010,10,biomass,5188.0,0.985
2010,10,coal,13770.4,1.381
2010,10,gas,33644.8,1.196
2010,10,oil,53927.3,1.203
2010,11,hydro,6692.366,1.168
2010,11,wind,360.057,0.882
2010,11,solar,15.474,1.095
2010,11,biomass,5188.0,1.178
2010,11,coal,19672.0,0.884
2010,11,gas,48064.0,0.989
2010,11,oil,77039.0,1.357
2010,12,hydro,0.0,0.876
2010,12,wind,1343.75,1.117
2010,12,solar,11.55,1.037
2010,12,biomass,5188.0,1.323
2010,12,coal,25573.6,1.054
2010,12,gas,62483.2,1.115
2010,12,oil,100150.7,0.833
2011,1,hydro,5941.572,0.876
2011,1,wind,2508.0,1.408
2011,1,solar,30.211,0.878
2011,1,biomass,5106.0,1.244
2011,1,coal,30704.586,1.057
2011,1,gas,68700.285,1.02
2011,1,oil,110224.532,1.377
2011,2,hydro,22174.25,1.317
2011,2,wind,3762.0,0.94
2011,2,solar,112.75,0.838
2011,2,biomass,5106.0,0.939
2011,2,coal,32328.8,1.172
2011,2,gas,72334.4,1.196
2011,2,oil,116055.2,0.851
2011,3,hydro,44348.5,1.418
2011,3,wind,4679.992,1.428
2011,3,solar,225.5,1.122
2011,3,biomass,5106.0,1.2
2011,3,coal,30704.586,1.16
2011,3,gas,68700.285,0.927
2011,3,oil,110224.532,1.277
2011,4,hydro,66522.75,1.388
2011,4,wind,5016.0,0.948
2011,4,solar,338.25,0.85
2011,4,biomass,5106.0,0.846
2011,4,coal,26267.15,1.139
2011,4,gas,58771.7,0.923
2011,4,oil,94294.85,1.352
2011,5,hydro,82755.428,0.901
2011,5,wind,4679.992,0.962
2011,5,solar,420.789,1.029
2011,5,biomass,5106.0,0.964
2011,5,coal,20205.5,1.269
2011,5,gas,45209.0,1.396
2011,5,oil,72534.5,0.993
2011,6,hydro,88697.0,1.121
2011,6,wind,3762.0,1.404
2011,6,solar,451.0,1.041
2011,6,biomass,5106.0,1.163
2011,6,coal,14143.85,1.009
2011,6,gas,31646.3,1.279
2011,6,oil,50774.15,1.129
2011,7,hydro,82755.428,1.14
2011,7,wind,2508.0,1.072
2011,7,solar,420.789,0.948
2011,7,biomass,5106.0,0.936
2011,7,coal,9706.414,1.244
2011,7,gas,21717.715,1.364
2011,7,oil,34844.468,1.001
2011,8,hydro,66522.75,1.068
2011,8,wind,1254.0,1.182
2011,8,solar,338.25,1.292
2011,8,biomass,5106.0,1.019
2011,8,coal,8082.2,1.308
2011,8,gas,18083.6,1.404
2011,8,oil,29013.8,1.125
2011,9,hydro,44348.5,1.362
2011,9,wind,336.008,1.086
2011,9,solar,225.5,1.28
2011,9,biomass,5106.0,1.322
2011,9,coal,9706.414,1.206
2011,9,gas,21717.715,1.196
2011,9,oil,34844.468,1.09
2011,10,hydro,22174.25,1.172
2011,10,wind,0.0,1.056
2011,10,solar,112.75,1.212
2011,10,biomass,5106.0,0.871
2011,10,coal,14143.85,0.932
2011,10,gas,31646.3,0.852
2011,10,oil,50774.15,1.139
2011,11,hydro,5941.572,1.184
2011,11,wind,336.008,1.008
2011,11,solar,30.211,1.328
2011,11,biomass,5106.0,1.219
2011,11,coal,20205.5,1.411
2011,11,gas,45209.0,1.043
2011,11,oil,72534.5,0.85
2011,12,hydro,0.0,0.94
2011,12,wind,1254.0,1.026
2011,12,solar,22.55,1.307
2011,12,biomass,5106.0,1.047
2011,12,coal,26267.15,0.876
2011,12,gas,58771.7,1.226
2011,12,oil,94294.85,1.055
2012,1,hydro,7570.235,1.312
2012,1,wind,3172.5,0.917
2012,1,solar,58.279,1.035
2012,1,biomass,5319.0,0.851
2012,1,coal,28584.723,1.041
2012,1,gas,65526.569,1.123
2012,1,oil,108152.536,1.321
2012,2,hydro,28252.5,1.383
2012,2,wind,4758.75,1.181
2012,2,solar,217.5,1.075
2012,2,biomass,5319.0,1.205
2012,2,coal,30096.8,1.16
2012,2,gas,68992.8,0.906
2012,2,oil,113873.6,1.011
2012,3,hydro,56505.0,1.209
2012,3,wind,5919.966,1.374
2012,3,solar,435.0,1.36
2012,3,biomass,5319.0,0.889
2012,3,coal,28584.723,1.38
2012,3,gas,65526.569,1.097
2012,3,oil,108152.536,1.298
2012,4,hydro,84757.5,1.035
2012,4,wind,6345.0,1.036
2012,4,solar,652.5,0.962
2012,4,biomass,5319.0,1.326
2012,4,coal,24453.65,1.143
2012,4,gas,56056.65,1.438
2012,4,oil,92522.3,1.097
2012,5,hydro,105439.765,0.918
2012,5,wind,5919.966,0.947
2012,5,solar,811.721,1.04
2012,5,biomass,5319.0,1.074
2012,5,coal,18810.5,1.19
2012,5,gas,43120.5,1.015
2012,5,oil,71171.0,1.23
2012,6,hydro,113010.0,1.358
2012,6,wind,4758.75,1.437
2012,6,solar,870.0,1.391
2012,6,biomass,5319.0,1.015
2012,6,coal,13167.35,1.349
2012,6,gas,30184.35,1.086
2012,6,oil,49819.7,1.381
2012,7,hydro,105439.765,1.395
2012,7,wind,3172.5,0.867
2012,7,solar,811.721,1.231
2012,7,biomass,5319.0,0.886
2012,7,coal,9036.277,0.901
2012,7,gas,20714.431,1.326
2012,7,oil,34189.464,1.278
2012,8,hydro,84757.5,1.009
2012,8,wind,1586.25,1.296
2012,8,solar,652.5,1.084
2012,8,biomass,5319.0,1.178
2012,8,coal,7524.2,1.032
2012,8,gas,17248.2,1.211
2012,8,oil,28468.4,1.08
2012,9,hydro,56505.0,1.262
2012,9,wind,425.034,1.117
2012,9,solar,435.0,1.353
2012,9,biomass,5319.0,1.424
2012,9,coal,9036.277,0.917
2012,9,gas,20714.431,1.068
2012,9,oil,34189.464,1.215
2012,10,hydro,28252.5,0.862
2012,10,wind,0.0,0.873
2012,10,solar,217.5,0.85
2012,10,biomass,5319.0,0.907
2012,10,coal,13167.35,1.038
2012,10,gas,30184.35,1.257
2012,10,oil,49819.7,1.105
2012,11,hydro,7570.235,0.946
2012,11,wind,425.034,0.959
2012,11,solar,58.279,1.385
2012,11,biomass,5319.0,1.065
2012,11,coal,18810.5,1.386
2012,11,gas,43120.5,1.438
2012,11,oil,71171.0,1.404
2012,12,hydro,0.0,1.365
2012,12,wind,1586.25,1.0
2012,12,solar,43.5,1.315
2012,12,biomass,5319.0,0.91
2012,12,coal,24453.65,1.412
2012,12,gas,56056.65,0.889
2012,12,oil,92522.3,1.042
2013,1,hydro,7198.455,1.224
2013,1,wind,4032.5,1.343
2013,1,solar,107.247,1.018
2013,1,biomass,5218.0,0.958
2013,1,coal,28972.224,0.939
2013,1,gas,62308.024,1.132
2013,1,oil,110665.22,0.932
2013,2,hydro,26865.0,1.373
2013,2,wind,6048.75,1.308
2013,2,solar,400.25,1.389
2013,2,biomass,5218.0,1.436
2013,2,coal,30504.8,1.104
2013,2,gas,65604.0,1.124
2013,2,oil,116519.2,0.929
2013,3,hydro,53730.0,1.173
2013,3,wind,7524.747,1.203
2013,3,solar,800.5,1.253
2013,3,biomass,5218.0,1.442
2013,3,coal,28972.224,1.049
2013,3,gas,62308.024,1.295
2013,3,oil,110665.22,0.991
2013,4,hydro,80595.0,1.014
2013,4,wind,8065.0,1.034
2013,4,solar,1200.75,0.906
2013,4,biomass,5218.0,1.191
2013,4,coal,24785.15,1.38
2013,4,gas,53303.25,1.252
2013,4,oil,94671.85,1.297
2013,5,hydro,100261.545,0.98
2013,5,wind,7524.747,0.903
2013,5,solar,1493.753,1.439
2013,5,biomass,5218.0,0.892
2013,5,coal,19065.5,0.864
2013,5,gas,41002.5,0.986
2013,5,oil,72824.5,1.347
2013,6,hydro,107460.0,0.969
2013,6,wind,6048.75,0.919
2013,6,solar,1601.0,0.981
2013,6,biomass,5218.0,1.21
2013,6,coal,13345.85,1.173
2013,6,gas,28701.75,1.371
2013,6,oil,50977.15,1.312
2013,7,hydro,100261.545,1.043
2013,7,wind,4032.5,1.128
2013,7,solar,1493.753,0.948
2013,7,biomass,5218.0,1.159
2013,7,coal,9158.776,1.404
2013,7,gas,19696.976,0.987
2013,7,oil,34983.78,1.074
2013,8,hydro,80595.0,1.441
2013,8,wind,2016.25,1.377
2013,8,solar,1200.75,1.164
2013,8,biomass,5218.0,1.324
2013,8,coal,7626.2,0.969
2013,8,gas,16401.0,1.023
2013,8,oil,29129.8,0.955
2013,9,hydro,53730.0,1.04
2013,9,wind,540.253,1.378
2013,9,solar,800.5,1.245
2013,9,biomass,5218.0,0.944
2013,9,coal,9158.776,1.382
2013,9,gas,19696.976,1.303
2013,9,oil,34983.78,1.0
2013,10,hydro,26865.0,1.392
2013,10,wind,0.0,0.968
2013,10,solar,400.25,0.873
2013,10,biomass,5218.0,1.253
2013,10,coal,13345.85,1.128
2013,10,gas,28701.75,1.015
2013,10,oil,50977.15,1.412
2013,11,hydro,7198.455,0.906
2013,11,wind,540.253,1.115
2013,11,solar,107.247,0.946
2013,11,biomass,5218.0,1.157
2013,11,coal,19065.5,1.161
2013,11,gas,41002.5,0.888
2013,11,oil,72824.5,1.02
2013,12,hydro,0.0,0.915
2013,12,wind,2016.25,1.245
2013,12,solar,80.05,1.295
2013,12,biomass,5218.0,1.11
2013,12,coal,24785.15,1.032
2013,12,gas,53303.25,1.098
2013,12,oil,94671.85,1.212
2014,1,hydro,6989.723,1.186
2014,1,wind,4893.0,1.164
2014,1,solar,133.841,1.128
2014,1,biomass,5157.0,1.277
2014,1,coal,26609.223,1.256
2014,1,gas,57069.15,1.443
2014,1,oil,107437.557,1.0
2014,2,hydro,26086.0,0.9
2014,2,wind,7339.5,0.889
2014,2,solar,499.5,1.028
2014,2,biomass,5157.0,0.908
2014,2,coal,28016.8,0.929
2014,2,gas,60088.0,1.004
2014,2,oil,113120.8,1.24
2014,3,hydro,52172.0,1.297
2014,3,wind,9130.462,1.103
2014,3,solar,999.0,0.929
2014,3,biomass,5157.0,1.308
2014,3,coal,26609.223,1.396
2014,3,gas,57069.15,1.029
2014,3,oil,107437.557,0.991
2014,4,hydro,78258.0,1.339
2014,4,wind,9786.0,1.077
2014,4,solar,1498.5,1.041
2014,4,biomass,5157.0,1.226
2014,4,coal,22763.65,1.308
2014,4,gas,48821.5,0.925
2014,4,oil,91910.65,1.17
2014,5,hydro,97354.277,1.288
2014,5,wind,9130.462,1.154
2014,5,solar,1864.159,1.051
2014,5,biomass,5157.0,1.412
2014,5,coal,17510.5,1.011
2014,5,gas,37555.0,1.057
2014,5,oil,70700.5,0.91
2014,6,hydro,104344.0,0.98
2014,6,wind,7339.5,1.408
2014,6,solar,1998.0,0.953
2014,6,biomass,5157.0,0.876
2014,6,coal,12257.35,1.153
2014,6,gas,26288.5,1.068
2014,6,oil,49490.35,0.975
2014,7,hydro,97354.277,1.026
2014,7,wind,4893.0,0.914
2014,7,solar,1864.159,1.276
2014,7,biomass,5157.0,1.38
2014,7,coal,8411.777,1.224
2014,7,gas,18040.85,1.45
2014,7,oil,33963.443,1.218
2014,8,hydro,78258.0,1.161
2014,8,wind,2446.5,1.017
2014,8,solar,1498.5,0.934
2014,8,biomass,5157.0,1.359
2014,8,coal,7004.2,1.208
2014,8,gas,15022.0,1.462
2014,8,oil,28280.2,1.369
2014,9,hydro,52172.0,1.183
2014,9,wind,655.538,0.968
2014,9,solar,999.0,0.956
2014,9,biomass,5157.0,0.924
2014,9,coal,8411.777,1.051
2014,9,gas,18040.85,1.31
2014,9,oil,33963.443,1.14
2014,10,hydro,26086.0,1.309
2014,10,wind,0.0,1.462
2014,10,solar,499.5,1.022
2014,10,biomass,5157.0,1.16
2014,10,coal,12257.35,1.087
2014,10,gas,26288.5,0.876
2014,10,oil,49490.35,1.08
2014,11,hydro,6989.723,1.294
2014,11,wind,655.538,1.403
2014,11,solar,133.841,1.333
2014,11,biomass,5157.0,1.382
2014,11,coal,17510.5,1.409
2014,11,gas,37555.0,1.225
2014,11,oil,70700.5,0.936
2014,12,hydro,0.0,1.279
2014,12,wind,2446.5,1.305
2014,12,solar,99.9,0.88
2014,12,biomass,5157.0,1.455
2014,12,coal,22763.65,1.382
2014,12,gas,48821.5,1.264
2014,12,oil,91910.65,0.953
2015,1,hydro,6301.361,1.179
2015,1,wind,6127.0,1.027
2015,1,solar,158.894,1.325
2015,1,biomass,5353.0,1.464
2015,1,coal,28871.93,1.096
2015,1,gas,60542.231,1.327
2015,1,oil,108534.72,0.996
2015,2,hydro,23517.0,1.453
2015,2,wind,9190.5,1.263
2015,2,solar,593.0,1.459
2015,2,biomass,5353.0,1.406
2015,2,coal,30399.2,1.287
2015,2,gas,63744.8,1.42
2015,2,oil,114276.0,1.15
2015,3,hydro,47034.0,1.455
2015,3,wind,11433.138,1.196
2015,3,solar,1186.0,1.039
2015,3,biomass,5353.0,1.287
2015,3,coal,28871.93,1.413
2015,3,gas,60542.231,1.115
2015,3,oil,108534.72,1.13
2015,4,hydro,70551.0,1.476
2015,4,wind,12254.0,1.066
2015,4,solar,1779.0,0.905
2015,4,biomass,5353.0,1.192
2015,4,coal,24699.35,1.086
2015,4,gas,51792.65,1.247
2015,4,oil,92849.25,1.14
2015,5,hydro,87766.639,1.153
2015,5,wind,11433.138,1.461
2015,5,solar,2213.106,1.355
2015,5,biomass,5353.0,1.053
2015,5,coal,18999.5,1.462
2015,5,gas,39840.5,1.179
2015,5,oil,71422.5,1.291
2015,6,hydro,94068.0,1.16
2015,6,wind,9190.5,0.97
2015,6,solar,2372.0,1.46
2015,6,biomass,5353.0,1.254
2015,6,coal,13299.65,1.279
2015,6,gas,27888.35,1.062
2015,6,oil,49995.75,1.053
2015,7,hydro,87766.639,1.36
2015,7,wind,6127.0,0.889
2015,7,solar,2213.106,0.905
2015,7,biomass,5353.0,1.05
2015,7,coal,9127.07,1.236
2015,7,gas,19138.769,0.912
2015,7,oil,34310.28,1.063
2015,8,hydro,70551.0,1.138
2015,8,wind,3063.5,1.276
2015,8,solar,1779.0,0.88
2015,8,biomass,5353.0,1.031
2015,8,coal,7599.8,1.09
2015,8,gas,15936.2,1.05
2015,8,oil,28569.0,1.395
2015,9,hydro,47034.0,1.279
2015,9,wind,820.862,1.341
2015,9,solar,1186.0,0.973
2015,9,biomass,5353.0,0.932
2015,9,coal,9127.07,1.042
2015,9,gas,19138.769,1.478
2015,9,oil,34310.28,0.998
2015,10,hydro,23517.0,1.231
2015,10,wind,0.0,0.928
2015,10,solar,593.0,1.011
2015,10,biomass,5353.0,1.164
2015,10,coal,13299.65,1.093
2015,10,gas,27888.35,1.367
2015,10,oil,49995.75,1.262
2015,11,hydro,6301.361,1.134
2015,11,wind,820.862,1.46
2015,11,solar,158.894,0.939
2015,11,biomass,5353.0,1.037
2015,11,coal,18999.5,1.061
2015,11,gas,39840.5,1.066
2015,11,oil,71422.5,1.218
2015,12,hydro,0.0,1.287
2015,12,wind,3063.5,1.073
2015,12,solar,118.6,1.227
2015,12,biomass,5353.0,1.29
2015,12,coal,24699.35,1.0
2015,12,gas,51792.65,0.961
2015,12,oil,92849.25,1.213
2016,1,hydro,6727.534,1.073
2016,1,wind,6576.5,0.943
2016,1,solar,184.483,1.232
2016,1,biomass,5366.0,1.269
2016,1,coal,26933.661,1.219
2016,1,gas,63384.671,1.118
2016,1,oil,111049.683,1.418
2016,2,hydro,25107.5,1.154
2016,2,wind,9864.75,0.975
2016,2,solar,688.5,1.157
2016,2,biomass,5366.0,1.08
2016,2,coal,28358.4,1.453
2016,2,gas,66737.6,1.32
2016,2,oil,116924.0,1.173
2016,3,hydro,50215.0,1.149
2016,3,wind,12271.916,1.144
2016,3,solar,1377.0,1.138
2016,3,biomass,5366.0,0.909
2016,3,coal,26933.661,1.227
2016,3,gas,63384.671,1.466
2016,3,oil,111049.683,1.145
2016,4,hydro,75322.5,1.346
2016,4,wind,13153.0,1.261
2016,4,solar,2065.5,1.073
2016,4,biomass,5366.0,1.038
2016,4,coal,23041.2,1.199
2016,4,gas,54224.3,0.968
2016,4,oil,95000.75,1.218
2016,5,hydro,93702.466,1.231
2016,5,wind,12271.916,1.068
2016,5,solar,2569.517,1.345
2016,5,biomass,5366.0,1.128
2016,5,coal,17724.0,1.134
2016,5,gas,41711.0,0.896
2016,5,oil,73077.5,1.376
2016,6,hydro,100430.0,1.417
2016,6,wind,9864.75,1.168
2016,6,solar,2754.0,0.925
2016,6,biomass,5366.0,0.925
2016,6,coal,12406.8,1.39
2016,6,gas,29197.7,1.282
2016,6,oil,51154.25,1.092
2016,7,hydro,93702.466,0.95
2016,7,wind,6576.5,1.066
2016,7,solar,2569.517,1.181
2016,7,biomass,5366.0,1.091
2016,7,coal,8514.339,0.929
2016,7,gas,20037.329,1.336
2016,7,oil,35105.317,1.297
2016,8,hydro,75322.5,1.336
2016,8,wind,3288.25,0.924
2016,8,solar,2065.5,1.015
2016,8,biomass,5366.0,0.978
2016,8,coal,7089.6,1.336
2016,8,gas,16684.4,1.189
2016,8,oil,29231.0,1.026
2016,9,hydro,50215.0,1.297
2016,9,wind,881.084,1.403
2016,9,solar,1377.0,1.073
2016,9,biomass,5366.0,1.079
2016,9,coal,8514.339,1.485
2016,9,gas,20037.329,0.896
2016,9,oil,35105.317,1.183
2016,10,hydro,25107.5,1.305
2016,10,wind,0.0,0.961
2016,10,solar,688.5,0.892
2016,10,biomass,5366.0,1.254
2016,10,coal,12406.8,0.965
2016,10,gas,29197.7,0.95
2016,10,oil,51154.25,1.015
2016,11,hydro,6727.534,1.176
2016,11,wind,881.084,1.392
2016,11,solar,184.483,1.158
2016,11,biomass,5366.0,0.925
2016,11,coal,17724.0,0.965
2016,11,gas,41711.0,1.135
2016,11,oil,73077.5,1.482
2016,12,hydro,0.0,1.384
2016,12,wind,3288.25,1.397
2016,12,solar,137.7,1.22
2016,12,biomass,5366.0,1.385
2016,12,coal,23041.2,1.301
2016,12,gas,54224.3,1.408
2016,12,oil,95000.75,1.262
2017,1,hydro,6412.962,1.163
2017,1,wind,8214.5,1.286
2017,1,solar,212.484,1.015
2017,1,biomass,5352.0,1.395
2017,1,coal,27782.366,1.298
2017,1,gas,68913.791,1.006
2017,1,oil,111257.87,1.349
2017,2,hydro,23933.5,1.232
2017,2,wind,12321.75,1.19
2017,2,solar,793.0,1.078
2017,2,biomass,5352.0,1.305
2017,2,coal,29252.0,1.479
2017,2,gas,72559.2,1.2
2017,2,oil,117143.2,1.305
2017,3,hydro,47867.0,1.139
2017,3,wind,15328.466,1.323
2017,3,solar,1586.0,0.968
2017,3,biomass,5352.0,1.154
2017,3,coal,27782.366,1.159
2017,3,gas,68913.791,0.921
2017,3,oil,111257.87,1.178
2017,4,hydro,71800.5,1.243
2017,4,wind,16429.0,0.911
2017,4,solar,2379.0,1.086
2017,4,biomass,5352.0,1.291
2017,4,coal,23767.25,1.44
2017,4,gas,58954.35,1.276
2017,4,oil,95178.85,0.93
2017,5,hydro,89321.038,1.448
2017,5,wind,15328.466,1.482
2017,5,solar,2959.516,1.185
2017,5,biomass,5352.0,1.338
2017,5,coal,18282.5,1.07
2017,5,gas,45349.5,1.493
2017,5,oil,73214.5,1.119
2017,6,hydro,95734.0,1.418
2017,6,wind,12321.75,1.206
2017,6,solar,3172.0,1.113
2017,6,biomass,5352.0,1.328
2017,6,coal,12797.75,1.138
2017,6,gas,31744.65,0.942
2017,6,oil,51250.15,1.298
2017,7,hydro,89321.038,1.115
2017,7,wind,8214.5,1.336
2017,7,solar,2959.516,1.108
2017,7,biomass,5352.0,1.333
2017,7,coal,8782.634,1.376
2017,7,gas,21785.209,1.071
2017,7,oil,35171.13,1.362
2017,8,hydro,71800.5,1.086
2017,8,wind,4107.25,1.14
2017,8,solar,2379.0,1.454
2017,8,biomass,5352.0,1.291
2017,8,coal,7313.0,1.13
2017,8,gas,18139.8,1.187
2017,8,oil,29285.8,1.299
2017,9,hydro,47867.0,1.25
2017,9,wind,1100.534,1.46
2017,9,solar,1586.0,1.369
2017,9,biomass,5352.0,1.219
2017,9,coal,8782.634,0.982
2017,9,gas,21785.209,1.098
2017,9,oil,35171.13,1.477
2017,10,hydro,23933.5,1.113
2017,10,wind,0.0,1.274
2017,10,solar,793.0,1.146
2017,10,biomass,5352.0,0.931
2017,10,coal,12797.75,1.415
2017,10,gas,31744.65,1.0
2017,10,oil,51250.15,0.962
2017,11,hydro,6412.962,0.968
2017,11,wind,1100.534,1.465
2017,11,solar,212.484,1.19
2017,11,biomass,5352.0,1.36
2017,11,coal,18282.5,1.493
2017,11,gas,45349.5,1.389
2017,11,oil,73214.5,1.344
2017,12,hydro,0.0,1.046
2017,12,wind,4107.25,1.444
2017,12,solar,158.6,1.008
2017,12,biomass,5352.0,1.439
2017,12,coal,23767.25,1.357
2017,12,gas,58954.35,1.156
2017,12,oil,95178.85,0.943
2018,1,hydro,6271.82,1.283
2018,1,wind,7500.5,0.985
2018,1,solar,242.494,1.424
2018,1,biomass,5171.0,0.96
2018,1,coal,24530.389,1.374
2018,1,gas,66003.728,1.28
2018,1,oil,113145.232,1.42
2018,2,hydro,23406.75,1.47
2018,2,wind,11250.75,1.109
2018,2,solar,905.0,1.335
2018,2,biomass,5171.0,1.143
2018,2,coal,25828.0,1.509
2018,2,gas,69495.2,1.26
2018,2,oil,119130.4,1.036
2018,3,hydro,46813.5,1.067
2018,3,wind,13996.124,1.179
2018,3,solar,1810.0,1.088
2018,3,biomass,5171.0,1.037
2018,3,coal,24530.389,1.013
2018,3,gas,66003.728,1.404
2018,3,oil,113145.232,1.401
2018,4,hydro,70220.25,1.031
2018,4,wind,15001.0,1.265
2018,4,solar,2715.0,1.293
2018,4,biomass,5171.0,1.317
2018,4,coal,20985.25,1.038
2018,4,gas,56464.85,1.402
2018,4,oil,96793.45,1.452
2018,5,hydro,87355.18,1.132
2018,5,wind,13996.124,1.161
2018,5,solar,3377.506,1.244
2018,5,biomass,5171.0,0.959
2018,5,coal,16142.5,1.027
2018,5,gas,43434.5,1.354
2018,5,oil,74456.5,1.463
2018,6,hydro,93627.0,1.301
2018,6,wind,11250.75,1.214
2018,6,solar,3620.0,1.415
2018,6,biomass,5171.0,1.258
2018,6,coal,11299.75,1.2
2018,6,gas,30404.15,1.127
2018,6,oil,52119.55,1.287
2018,7,hydro,87355.18,1.251
2018,7,wind,7500.5,0.999
2018,7,solar,3377.506,0.956
2018,7,biomass,5171.0,1.173
2018,7,coal,7754.611,1.142
2018,7,gas,20865.272,0.959
2018,7,oil,35767.768,0.963
2018,8,hydro,70220.25,1.385
2018,8,wind,3750.25,1.095
2018,8,solar,2715.0,0.987
2018,8,biomass,5171.0,1.054
2018,8,coal,6457.0,1.277
2018,8,gas,17373.8,1.115
2018,8,oil,29782.6,1.05
2018,9,hydro,46813.5,1.48
2018,9,wind,1004.876,1.469
2018,9,solar,1810.0,1.067
2018,9,biomass,5171.0,1.338
2018,9,coal,7754.611,0.957
2018,9,gas,20865.272,1.439
2018,9,oil,35767.768,1.497
2018,10,hydro,23406.75,0.961
2018,10,wind,0.0,1.261
2018,10,solar,905.0,1.428
2018,10,biomass,5171.0,1.475
2018,10,coal,11299.75,1.216
2018,10,gas,30404.15,1.156
2018,10,oil,52119.55,0.95
2018,11,hydro,6271.82,1.335
2018,11,wind,1004.876,0.983
2018,11,solar,242.494,1.199
2018,11,biomass,5171.0,1.466
2018,11,coal,16142.5,1.074
2018,11,gas,43434.5,0.934
2018,11,oil,74456.5,1.119
2018,12,hydro,0.0,1.073
2018,12,wind,3750.25,1.117
2018,12,solar,181.0,1.375
2018,12,biomass,5171.0,1.0
2018,12,coal,20985.25,1.244
2018,12,gas,56464.85,1.356
2018,12,oil,96793.45,1.471
2019,1,hydro,6769.334,1.326
2019,1,wind,9220.5,1.455
2019,1,solar,282.217,1.069
2019,1,biomass,5167.0,0.972
2019,1,coal,25791.67,1.497
2019,1,gas,67625.918,1.471
2019,1,oil,116403.287,1.35
2019,2,hydro,25263.5,1.387
2019,2,wind,13830.75,0.949
2019,2,solar,1053.25,1.517
2019,2,biomass,5167.0,1.498
2019,2,coal,27156.0,1.287
2019,2,gas,71203.2,1.295
2019,2,oil,122560.8,0.976
2019,3,hydro,50527.0,1.259
2019,3,wind,17205.687,1.496
2019,3,solar,2106.5,1.09
2019,3,biomass,5167.0,0.953
2019,3,coal,25791.67,0.949
2019,3,gas,67625.918,1.233
2019,3,oil,116403.287,1.318
2019,4,hydro,75790.5,1.187
2019,4,wind,18441.0,1.11
2019,4,solar,3159.75,1.438
2019,4,biomass,5167.0,1.511
2019,4,coal,22064.25,0.941
2019,4,gas,57852.6,0.961
2019,4,oil,99580.65,1.392
2019,5,hydro,94284.666,1.415
2019,5,wind,17205.687,1.249
2019,5,solar,3930.783,1.444
2019,5,biomass,5167.0,1.337
2019,5,coal,16972.5,1.371
2019,5,gas,44502.0,1.259
2019,5,oil,76600.5,0.959
2019,6,hydro,101054.0,1.387
2019,6,wind,13830.75,1.345
2019,6,solar,4213.0,1.186
2019,6,biomass,5167.0,1.184
2019,6,coal,11880.75,1.011
2019,6,gas,31151.4,1.191
2019,6,oil,53620.35,1.466
2019,7,hydro,94284.666,1.518
2019,7,wind,9220.5,1.149
2019,7,solar,3930.783,1.044
2019,7,biomass,5167.0,1.19
2019,7,coal,8153.33,0.963
2019,7,gas,21378.082,1.067
2019,7,oil,36797.713,1.281
2019,8,hydro,75790.5,1.064
2019,8,wind,4610.25,1.376
2019,8,solar,3159.75,1.461
2019,8,biomass,5167.0,1.404
2019,8,coal,6789.0,1.269
2019,8,gas,17800.8,1.523
2019,8,oil,30640.2,0.937
2019,9,hydro,50527.0,1.36
2019,9,wind,1235.313,1.416
2019,9,solar,2106.5,0.974
2019,9,biomass,5167.0,1.004
2019,9,coal,8153.33,1.036
2019,9,gas,21378.082,0.954
2019,9,oil,36797.713,1.138
2019,10,hydro,25263.5,1.321
2019,10,wind,0.0,1.075
2019,10,solar,1053.25,1.103
2019,10,biomass,5167.0,1.292
2019,10,coal,11880.75,1.215
2019,10,gas,31151.4,1.001
2019,10,oil,53620.35,0.974
2019,11,hydro,6769.334,1.078
2019,11,wind,1235.313,1.254
2019,11,solar,282.217,1.225
2019,11,biomass,5167.0,1.369
2019,11,coal,16972.5,1.142
2019,11,gas,44502.0,1.477
2019,11,oil,76600.5,1.06
2019,12,hydro,0.0,1.356
2019,12,wind,4610.25,1.493
2019,12,solar,210.65,1.396
2019,12,biomass,5167.0,1.104
2019,12,coal,22064.25,1.32
2019,12,gas,57852.6,1.244
2019,12,oil,99580.65,1.089
2020,1,hydro,6946.516,1.359
2020,1,wind,8384.5,1.242
2020,1,solar,337.884,0.972
2020,1,biomass,4622.0,1.48
2020,1,coal,22058.735,1.363
2020,1,gas,64790.315,1.313
2020,1,oil,101076.448,1.108
2020,2,hydro,25924.75,1.062
2020,2,wind,12576.75,1.022
2020,2,solar,1261.0,1.526
2020,2,biomass,4622.0,1.078
2020,2,coal,23225.6,1.385
2020,2,gas,68217.6,1.066
2020,2,oil,106423.2,1.163
2020,3,hydro,51849.5,1.43
2020,3,wind,15645.69,1.025
2020,3,solar,2522.0,1.527
2020,3,biomass,4622.0,1.359
2020,3,coal,22058.735,1.33
2020,3,gas,64790.315,1.212
2020,3,oil,101076.448,1.009
2020,4,hydro,77774.25,1.239
2020,4,wind,16769.0,0.96
2020,4,solar,3783.0,1.107
2020,4,biomass,4622.0,1.171
2020,4,coal,18870.8,1.436
2020,4,gas,55426.8,0.991
2020,4,oil,86468.85,1.107
2020,5,hydro,96752.484,1.306
2020,5,wind,15645.69,1.237
2020,5,solar,4706.116,1.458
2020,5,biomass,4622.0,1.171
2020,5,coal,14516.0,0.967
2020,5,gas,42636.0,1.063
2020,5,oil,66514.5,1.051
2020,6,hydro,103699.0,1.199
2020,6,wind,12576.75,0.971
2020,6,solar,5044.0,1.123
2020,6,biomass,4622.0,1.265
2020,6,coal,10161.2,1.149
2020,6,gas,29845.2,0.956
2020,6,oil,46560.15,1.305
2020,7,hydro,96752.484,1.476
2020,7,wind,8384.5,1.494
2020,7,solar,4706.116,1.484
2020,7,biomass,4622.0,1.426
2020,7,coal,6973.265,1.295
2020,7,gas,20481.685,1.394
2020,7,oil,31952.552,1.145
2020,8,hydro,77774.25,1.438
2020,8,wind,4192.25,1.2
2020,8,solar,3783.0,1.197
2020,8,biomass,4622.0,1.378
2020,8,coal,5806.4,1.381
2020,8,gas,17054.4,0.974
2020,8,oil,26605.8,1.006
2020,9,hydro,51849.5,1.173
2020,9,wind,1123.31,1.373
2020,9,solar,2522.0,1.347
2020,9,biomass,4622.0,1.455
2020,9,coal,6973.265,1.503
2020,9,gas,20481.685,1.218
2020,9,oil,31952.552,1.284
2020,10,hydro,25924.75,1.281
2020,10,wind,0.0,1.251
2020,10,solar,1261.0,1.038
2020,10,biomass,4622.0,1.169
2020,10,coal,10161.2,1.387
2020,10,gas,29845.2,1.495
2020,10,oil,46560.15,1.019
2020,11,hydro,6946.516,0.949
2020,11,wind,1123.31,1.42
2020,11,solar,337.884,1.511
2020,11,biomass,4622.0,0.991
2020,11,coal,14516.0,1.09
2020,11,gas,42636.0,1.266
2020,11,oil,66514.5,1.143
2020,12,hydro,0.0,1.177
2020,12,wind,4192.25,1.309
2020,12,solar,252.2,1.157
2020,12,biomass,4622.0,1.336
2020,12,coal,18870.8,1.409
2020,12,gas,55426.8,1.426
2020,12,oil,86468.85,1.305
2021,1,hydro,6416.512,1.027
2021,1,wind,8300.5,1.293
2021,1,solar,457.657,1.145
2021,1,biomass,4847.0,1.111
2021,1,coal,22917.317,1.059
2021,1,gas,68499.696,1.23
2021,1,oil,106536.426,1.216
2021,2,hydro,23946.75,1.232
2021,2,wind,12450.75,1.532
2021,2,solar,1708.0,1.24
2021,2,biomass,4847.0,1.459
2021,2,coal,24129.6,1.083
2021,2,gas,72123.2,0.987
2021,2,oil,112172.0,1.515
2021,3,hydro,47893.5,1.118
2021,3,wind,15488.944,1.318
2021,3,solar,3416.0,1.14
2021,3,biomass,4847.0,0.99
2021,3,coal,22917.317,1.06
2021,3,gas,68499.696,1.412
2021,3,oil,106536.426,1.118
2021,4,hydro,71840.25,1.473
2021,4,wind,16601.0,1.028
2021,4,solar,5124.0,1.33
2021,4,biomass,4847.0,1.04
2021,4,coal,19605.3,1.323
2021,4,gas,58600.1,0.982
2021,4,oil,91139.75,1.021
2021,5,hydro,89370.488,0.975
2021,5,wind,15488.944,1.363
2021,5,solar,6374.343,1.468
2021,5,biomass,4847.0,1.3
2021,5,coal,15081.0,0.977
2021,5,gas,45077.0,1.382
2021,5,oil,70107.5,0.988
2021,6,hydro,95787.0,1.381
2021,6,wind,12450.75,1.107
2021,6,solar,6832.0,1.106
2021,6,biomass,4847.0,1.359
2021,6,coal,10556.7,1.466
2021,6,gas,31553.9,1.164
2021,6,oil,49075.25,1.383
2021,7,hydro,89370.488,1.312
2021,7,wind,8300.5,1.162
2021,7,solar,6374.343,0.998
2021,7,biomass,4847.0,1.218
2021,7,coal,7244.683,1.259
2021,7,gas,21654.304,1.094
2021,7,oil,33678.574,1.147
2021,8,hydro,71840.25,1.175
2021,8,wind,4150.25,1.446
2021,8,solar,5124.0,1.202
2021,8,biomass,4847.0,1.337
2021,8,coal,6032.4,1.478
2021,8,gas,18030.8,1.038
2021,8,oil,28043.0,1.148
2021,9,hydro,47893.5,1.425
2021,9,wind,1112.056,1.153
2021,9,solar,3416.0,1.197
2021,9,biomass,4847.0,1.343
2021,9,coal,7244.683,1.234
2021,9,gas,21654.304,1.536
2021,9,oil,33678.574,1.325
2021,10,hydro,23946.75,1.048
2021,10,wind,0.0,0.979
2021,10,solar,1708.0,1.51
2021,10,biomass,4847.0,1.499
2021,10,coal,10556.7,0.967
2021,10,gas,31553.9,1.317
2021,10,oil,49075.25,1.437
2021,11,hydro,6416.512,1.258
2021,11,wind,1112.056,1.421
2021,11,solar,457.657,1.257
2021,11,biomass,4847.0,1.301
2021,11,coal,15081.0,1.158
2021,11,gas,45077.0,1.081
2021,11,oil,70107.5,1.45
2021,12,hydro,0.0,0.972
2021,12,wind,4150.25,1.388
2021,12,solar,341.6,1.181
2021,12,biomass,4847.0,1.551
2021,12,coal,19605.3,0.999
2021,12,gas,58600.1,0.998
2021,12,oil,91139.75,1.513
2022,1,hydro,5698.877,1.099
2022,1,wind,8896.5,1.266
2022,1,solar,622.58,1.309
2022,1,biomass,4605.0,1.293
2022,1,coal,21928.808,1.215
2022,1,gas,60122.057,1.404
2022,1,oil,102597.583,1.473
2022,2,hydro,21268.5,1.281
2022,2,wind,13344.75,0.995
2022,2,solar,2323.5,1.247
2022,2,biomass,4605.0,1.279
2022,2,coal,23088.8,1.229
2022,2,gas,63302.4,1.126
2022,2,oil,108024.8,1.466
2022,3,hydro,42537.0,1.14
2022,3,wind,16601.095,1.11
2022,3,solar,4647.0,1.11
2022,3,biomass,4605.0,1.425
2022,3,coal,21928.808,1.181
2022,3,gas,60122.057,1.237
2022,3,oil,102597.583,1.413
2022,4,hydro,63805.5,1.033
2022,4,wind,17793.0,1.109
2022,4,solar,6970.5,1.404
2022,4,biomass,4605.0,1.492
2022,4,coal,18759.65,1.181
2022,4,gas,51433.2,1.175
2022,4,oil,87770.15,1.267
2022,5,hydro,79375.123,1.513
2022,5,wind,16601.095,1.356
2022,5,solar,8671.42,1.327
2022,5,biomass,4605.0,1.233
2022,5,coal,14430.5,1.215
2022,5,gas,39564.0,1.306
2022,5,oil,67515.5,1.46
2022,6,hydro,85074.0,1.039
2022,6,wind,13344.75,1.287
2022,6,solar,9294.0,1.43
2022,6,biomass,4605.0,1.209
2022,6,coal,10101.35,1.315
2022,6,gas,27694.8,1.047
2022,6,oil,47260.85,1.12
2022,7,hydro,79375.123,1.136
2022,7,wind,8896.5,1.152
2022,7,solar,8671.42,1.013
2022,7,biomass,4605.0,1.217
2022,7,coal,6932.192,1.554
2022,7,gas,19005.943,1.31
2022,7,oil,32433.417,1.344
2022,8,hydro,63805.5,1.428
2022,8,wind,4448.25,1.504
2022,8,solar,6970.5,1.49
2022,8,biomass,4605.0,0.973
2022,8,coal,5772.2,1.036
2022,8,gas,15825.6,1.122
2022,8,oil,27006.2,1.297
2022,9,hydro,42537.0,1.522
2022,9,wind,1191.905,1.41
2022,9,solar,4647.0,1.04
2022,9,biomass,4605.0,0.984
2022,9,coal,6932.192,1.223
2022,9,gas,19005.943,1.378
2022,9,oil,32433.417,1.558
2022,10,hydro,21268.5,1.043
2022,10,wind,0.0,1.484
2022,10,solar,2323.5,1.515
2022,10,biomass,4605.0,1.507
2022,10,coal,10101.35,1.177
2022,10,gas,27694.8,1.205
2022,10,oil,47260.85,1.298
2022,11,hydro,5698.877,1.391
2022,11,wind,1191.905,1.035
2022,11,solar,622.58,1.502
2022,11,biomass,4605.0,1.503
2022,11,coal,14430.5,1.319
2022,11,gas,39564.0,1.334
2022,11,oil,67515.5,1.56
2022,12,hydro,0.0,0.991
2022,12,wind,4448.25,1.407
2022,12,solar,464.7,1.177
2022,12,biomass,4605.0,1.233
2022,12,coal,18759.65,1.209
2022,12,gas,51433.2,1.234
2022,12,oil,87770.15,1.465
2023,1,hydro,6645.274,1.15
2023,1,wind,9801.0,1.262
2023,1,solar,1044.801,1.057
2023,1,biomass,5405.0,1.086
2023,1,coal,21232.824,1.436
2023,1,gas,52284.642,1.526
2023,1,oil,101894.001,1.538
2023,2,hydro,24800.5,1.026
2023,2,wind,14701.5,1.513
2023,2,solar,3899.25,1.332
2023,2,biomass,5405.0,1.198
2023,2,coal,22356.0,1.366
2023,2,gas,55050.4,1.204
2023,2,oil,107284.0,1.239
2023,3,hydro,49601.0,1.281
2023,3,wind,18288.915,1.329
2023,3,solar,7798.5,1.543
2023,3,biomass,5405.0,1.034
2023,3,coal,21232.824,1.154
2023,3,gas,52284.642,1.181
2023,3,oil,101894.001,1.314
2023,4,hydro,74401.5,1.514
2023,4,wind,19602.0,1.324
2023,4,solar,11697.75,1.482
2023,4,biomass,5405.0,1.232
2023,4,coal,18164.25,1.17
2023,4,gas,44728.45,1.167
2023,4,oil,87168.25,1.083
2023,5,hydro,92556.726,1.062
2023,5,wind,18288.915,1.464
2023,5,solar,14552.199,1.417
2023,5,biomass,5405.0,1.57
2023,5,coal,13972.5,1.102
2023,5,gas,34406.5,1.287
2023,5,oil,67052.5,1.321
2023,6,hydro,99202.0,1.345
2023,6,wind,14701.5,1.036
2023,6,solar,15597.0,1.147
2023,6,biomass,5405.0,1.047
2023,6,coal,9780.75,1.14
2023,6,gas,24084.55,1.239
2023,6,oil,46936.75,1.507
2023,7,hydro,92556.726,1.149
2023,7,wind,9801.0,1.527
2023,7,solar,14552.199,1.569
2023,7,biomass,5405.0,1.428
2023,7,coal,6712.176,1.531
2023,7,gas,16528.358,1.376
2023,7,oil,32210.999,1.061
2023,8,hydro,74401.5,1.1
2023,8,wind,4900.5,1.479
2023,8,solar,11697.75,1.429
2023,8,biomass,5405.0,0.992
2023,8,coal,5589.0,1.518
2023,8,gas,13762.6,1.552
2023,8,oil,26821.0,1.3
2023,9,hydro,49601.0,1.455
2023,9,wind,1313.085,0.98
2023,9,solar,7798.5,1.476
2023,9,biomass,5405.0,0.991
2023,9,coal,6712.176,1.098
2023,9,gas,16528.358,1.541
2023,9,oil,32210.999,1.319
2023,10,hydro,24800.5,1.415
2023,10,wind,0.0,1.289
2023,10,solar,3899.25,1.475
2023,10,biomass,5405.0,1.153
2023,10,coal,9780.75,1.042
2023,10,gas,24084.55,1.4
2023,10,oil,46936.75,1.483
2023,11,hydro,6645.274,1.243
2023,11,wind,1313.085,1.235
2023,11,solar,1044.801,1.134
2023,11,biomass,5405.0,1.495
2023,11,coal,13972.5,1.572
2023,11,gas,34406.5,1.415
2023,11,oil,67052.5,1.046
2023,12,hydro,0.0,1.188
2023,12,wind,4900.5,1.023
2023,12,solar,779.85,1.452
2023,12,biomass,5405.0,1.412
2023,12,coal,18164.25,1.172
2023,12,gas,44728.45,1.28
2023,12,oil,87168.25,1.142
2024,1,hydro,7318.63,1.366
2024,1,wind,11231.0,1.296
2024,1,solar,1539.569,1.454
2024,1,biomass,5280.0,1.412
2024,1,coal,21248.02,1.177
2024,1,gas,51833.316,1.543
2024,1,oil,100201.15,1.248
2024,2,hydro,27313.5,1.547
2024,2,wind,16846.5,1.465
2024,2,solar,5745.75,1.179
2024,2,biomass,5280.0,1.493
2024,2,coal,22372.0,1.385
2024,2,gas,54575.2,1.515
2024,2,oil,105501.6,1.009
2024,3,hydro,54627.0,1.369
2024,3,wind,20957.331,0.993
2024,3,solar,11491.5,1.07
2024,3,biomass,5280.0,1.214
2024,3,coal,21248.02,1.554
2024,3,gas,51833.316,1.392
2024,3,oil,100201.15,1.147
2024,4,hydro,81940.5,1.079
2024,4,wind,22462.0,1.476
2024,4,solar,17237.25,1.428
2024,4,biomass,5280.0,1.158
2024,4,coal,18177.25,1.107
2024,4,gas,44342.35,1.514
2024,4,oil,85720.05,1.558
2024,5,hydro,101935.37,1.502
2024,5,wind,20957.331,1.438
2024,5,solar,21443.431,0.99
2024,5,biomass,5280.0,1.028
2024,5,coal,13982.5,1.323
2024,5,gas,34109.5,1.113
2024,5,oil,65938.5,1.095
2024,6,hydro,109254.0,1.239
2024,6,wind,16846.5,1.146
2024,6,solar,22983.0,1.216
2024,6,biomass,5280.0,1.338
2024,6,coal,9787.75,1.371
2024,6,gas,23876.65,1.279
2024,6,oil,46156.95,1.382
2024,7,hydro,101935.37,1.096
2024,7,wind,11231.0,1.168
2024,7,solar,21443.431,1.127
2024,7,biomass,5280.0,1.163
2024,7,coal,6716.98,1.279
2024,7,gas,16385.684,1.466
2024,7,oil,31675.85,1.223
2024,8,hydro,81940.5,1.202
2024,8,wind,5615.5,1.277
2024,8,solar,17237.25,1.046
2024,8,biomass,5280.0,1.055
2024,8,coal,5593.0,1.517
2024,8,gas,13643.8,1.441
2024,8,oil,26375.4,1.16
2024,9,hydro,54627.0,1.57
2024,9,wind,1504.669,1.183
2024,9,solar,11491.5,1.385
2024,9,biomass,5280.0,1.057
2024,9,coal,6716.98,1.267
2024,9,gas,16385.684,1.179
2024,9,oil,31675.85,1.056
2024,10,hydro,27313.5,1.406
2024,10,wind,0.0,1.411
2024,10,solar,5745.75,1.452
2024,10,biomass,5280.0,1.278
2024,10,coal,9787.75,1.471
2024,10,gas,23876.65,1.282
2024,10,oil,46156.95,1.235
2024,11,hydro,7318.63,1.129
2024,11,wind,1504.669,1.163
2024,11,solar,1539.569,1.292
2024,11,biomass,5280.0,1.522
2024,11,coal,13982.5,1.458
2024,11,gas,34109.5,1.024
2024,11,oil,65938.5,1.451
2024,12,hydro,0.0,1.145
2024,12,wind,5615.5,1.179
2024,12,solar,1149.15,1.223
2024,12,biomass,5280.0,1.253
2024,12,coal,18177.25,1.227
2024,12,gas,44342.35,1.535
2024,12,oil,85720.05,1.149
